source_name,leaf_node_id,leaf_label,current_sub_family_node_id,current_sub_family_label,current_family_node_id,current_family_label,current_parent_node_id,current_parent_label,review_action,override_sub_family_node_id,override_sub_family_label,override_family_node_id,override_family_label,review_note
esco_1_2_1,15514,12330cce-d129-4d87-9d8b-7dc7bfabac83,,,,,,,,,,,,
esco_1_2_1,15629,1b99cad3-27c6-4e19-83b6-7b5f8338ed2b,,,,,,,,,,,,
esco_1_2_1,16151,46d0568d-7415-4643-94aa-89d2470fbe3c,,,,,,,,,,,,
esco_1_2_1,16663,6fe645b0-463a-445d-ab8f-c0a5132beb68,,,,,,,,,,,,
esco_1_2_1,17161,98562ce3-9632-4226-b129-c67eb9c54f0f,,,,,,,,,,,,
esco_1_2_1,17358,a9e54177-a185-404d-b6e6-15663d31137e,,,,,,,,,,,,
esco_1_2_1,17305,building information modelling consultant,14792,Management and organisation analysts,14791,Administration professionals,14792,Management and organisation analysts,,,,,,
esco_1_2_1,16477,business analyst,14792,Management and organisation analysts,14791,Administration professionals,14792,Management and organisation analysts,,,,,,
esco_1_2_1,16598,business consultant,14792,Management and organisation analysts,14791,Administration professionals,14792,Management and organisation analysts,,,,,,
esco_1_2_1,15693,business intelligence manager,14792,Management and organisation analysts,14791,Administration professionals,14792,Management and organisation analysts,,,,,,
esco_1_2_1,17753,lean manager,14792,Management and organisation analysts,14791,Administration professionals,14792,Management and organisation analysts,,,,,,
esco_1_2_1,16296,logistics analyst,14792,Management and organisation analysts,14791,Administration professionals,14792,Management and organisation analysts,,,,,,
esco_1_2_1,15704,manufacturing cost estimator,14792,Management and organisation analysts,14791,Administration professionals,16477,business analyst,,,,,,
esco_1_2_1,17282,process officer,14792,Management and organisation analysts,14791,Administration professionals,14792,Management and organisation analysts,,,,,,
esco_1_2_1,16440,career guidance advisor,14794,Personnel and careers professionals,14791,Administration professionals,14794,Personnel and careers professionals,,,,,,
esco_1_2_1,15682,compensation analyst,14794,Personnel and careers professionals,14791,Administration professionals,14794,Personnel and careers professionals,,,,,,
esco_1_2_1,18026,employment and vocational integration consultant,14794,Personnel and careers professionals,14791,Administration professionals,14794,Personnel and careers professionals,,,,,,
esco_1_2_1,17860,human resources officer,14794,Personnel and careers professionals,14791,Administration professionals,14794,Personnel and careers professionals,,,,,,
esco_1_2_1,15695,labour relations officer,14794,Personnel and careers professionals,14791,Administration professionals,14794,Personnel and careers professionals,,,,,,
esco_1_2_1,16625,occupational analyst,14794,Personnel and careers professionals,14791,Administration professionals,14794,Personnel and careers professionals,,,,,,
esco_1_2_1,15368,recruitment consultant,14794,Personnel and careers professionals,14791,Administration professionals,14794,Personnel and careers professionals,,,,,,
esco_1_2_1,17169,agricultural policy officer,14793,Policy administration professionals,14791,Administration professionals,17765,policy officer,,,,,,
esco_1_2_1,18319,civil service administrative officer,14793,Policy administration professionals,14791,Administration professionals,14793,Policy administration professionals,,,,,,
esco_1_2_1,16006,community development officer,14793,Policy administration professionals,14791,Administration professionals,14793,Policy administration professionals,,,,,,
esco_1_2_1,15988,competition policy officer,14793,Policy administration professionals,14791,Administration professionals,17765,policy officer,,,,,,
esco_1_2_1,16474,cultural policy officer,14793,Policy administration professionals,14791,Administration professionals,17765,policy officer,,,,,,
esco_1_2_1,18225,education policy officer,14793,Policy administration professionals,14791,Administration professionals,17765,policy officer,,,,,,
esco_1_2_1,16549,employment programme coordinator,14793,Policy administration professionals,14791,Administration professionals,14793,Policy administration professionals,,,,,,
esco_1_2_1,17502,environmental policy officer,14793,Policy administration professionals,14791,Administration professionals,17765,policy officer,,,,,,
esco_1_2_1,16288,fiscal affairs policy officer,14793,Policy administration professionals,14791,Administration professionals,17765,policy officer,,,,,,
esco_1_2_1,18220,foreign affairs officer,14793,Policy administration professionals,14791,Administration professionals,17765,policy officer,,,,,,
esco_1_2_1,16526,government planning inspector,14793,Policy administration professionals,14791,Administration professionals,14793,Policy administration professionals,,,,,,
esco_1_2_1,16488,healthcare consultant,14793,Policy administration professionals,14791,Administration professionals,14793,Policy administration professionals,,,,,,
esco_1_2_1,15295,housing policy officer,14793,Policy administration professionals,14791,Administration professionals,17765,policy officer,,,,,,
esco_1_2_1,16083,humanitarian advisor,14793,Policy administration professionals,14791,Administration professionals,14793,Policy administration professionals,,,,,,
esco_1_2_1,16610,immigration policy officer,14793,Policy administration professionals,14791,Administration professionals,17765,policy officer,,,,,,
esco_1_2_1,16231,intelligence officer,14793,Policy administration professionals,14791,Administration professionals,14793,Policy administration professionals,,,,,,
esco_1_2_1,16775,international relations officer,14793,Policy administration professionals,14791,Administration professionals,14793,Policy administration professionals,,,,,,
esco_1_2_1,17258,labour market policy officer,14793,Policy administration professionals,14791,Administration professionals,17765,policy officer,,,,,,
esco_1_2_1,16446,legal policy officer,14793,Policy administration professionals,14791,Administration professionals,17765,policy officer,,,,,,
esco_1_2_1,16896,monitoring and evaluation officer,14793,Policy administration professionals,14791,Administration professionals,14793,Policy administration professionals,,,,,,
esco_1_2_1,17914,parliamentary assistant,14793,Policy administration professionals,14791,Administration professionals,14793,Policy administration professionals,,,,,,
esco_1_2_1,17765,policy officer,14793,Policy administration professionals,14791,Administration professionals,14793,Policy administration professionals,,,,,,
esco_1_2_1,17018,political affairs officer,14793,Policy administration professionals,14791,Administration professionals,14793,Policy administration professionals,,,,,,
esco_1_2_1,15348,procurement category specialist,14793,Policy administration professionals,14791,Administration professionals,14793,Policy administration professionals,,,,,,
esco_1_2_1,17872,public health policy officer,14793,Policy administration professionals,14791,Administration professionals,17765,policy officer,,,,,,
esco_1_2_1,17770,public procurement specialist,14793,Policy administration professionals,14791,Administration professionals,14793,Policy administration professionals,,,,,,
esco_1_2_1,18304,recreation policy officer,14793,Policy administration professionals,14791,Administration professionals,17765,policy officer,,,,,,
esco_1_2_1,15790,regional development policy officer,14793,Policy administration professionals,14791,Administration professionals,17765,policy officer,,,,,,
esco_1_2_1,15606,social service consultant,14793,Policy administration professionals,14791,Administration professionals,14793,Policy administration professionals,,,,,,
esco_1_2_1,17893,social services policy officer,14793,Policy administration professionals,14791,Administration professionals,17765,policy officer,,,,,,
esco_1_2_1,16811,sports programme coordinator,14793,Policy administration professionals,14791,Administration professionals,14793,Policy administration professionals,,,,,,
esco_1_2_1,17684,trade development officer,14793,Policy administration professionals,14791,Administration professionals,14793,Policy administration professionals,,,,,,
esco_1_2_1,17917,business coach,14795,Training and staff development professionals,14791,Administration professionals,14795,Training and staff development professionals,,,,,,
esco_1_2_1,15426,corporate trainer,14795,Training and staff development professionals,14791,Administration professionals,14795,Training and staff development professionals,,,,,,
esco_1_2_1,15336,administrative assistant,14917,Administrative and executive secretaries,14914,Administrative and specialised secretaries,14917,Administrative and executive secretaries,,,,,,
esco_1_2_1,17390,court reporter,14917,Administrative and executive secretaries,14914,Administrative and specialised secretaries,15336,administrative assistant,,,,,,
esco_1_2_1,17584,editorial assistant,14917,Administrative and executive secretaries,14914,Administrative and specialised secretaries,14917,Administrative and executive secretaries,,,,,,
esco_1_2_1,16343,education administrator,14917,Administrative and executive secretaries,14914,Administrative and specialised secretaries,15336,administrative assistant,,,,,,
esco_1_2_1,15805,executive assistant,14917,Administrative and executive secretaries,14914,Administrative and specialised secretaries,14917,Administrative and executive secretaries,,,,,,
esco_1_2_1,15650,fundraising assistant,14917,Administrative and executive secretaries,14914,Administrative and specialised secretaries,15336,administrative assistant,,,,,,
esco_1_2_1,18282,international student exchange coordinator,14917,Administrative and executive secretaries,14914,Administrative and specialised secretaries,15336,administrative assistant,,,,,,
esco_1_2_1,17029,management assistant,14917,Administrative and executive secretaries,14914,Administrative and specialised secretaries,14917,Administrative and executive secretaries,,,,,,
esco_1_2_1,17757,procurement support officer,14917,Administrative and executive secretaries,14914,Administrative and specialised secretaries,15336,administrative assistant,,,,,,
esco_1_2_1,16437,project support officer,14917,Administrative and executive secretaries,14914,Administrative and specialised secretaries,15336,administrative assistant,,,,,,
esco_1_2_1,16109,scopist,14917,Administrative and executive secretaries,14914,Administrative and specialised secretaries,14917,Administrative and executive secretaries,,,,,,
esco_1_2_1,17737,supply chain assistant,14917,Administrative and executive secretaries,14914,Administrative and specialised secretaries,15336,administrative assistant,,,,,,
esco_1_2_1,16364,civil registrar,14916,Legal secretaries,14914,Administrative and specialised secretaries,14916,Legal secretaries,,,,,,
esco_1_2_1,15312,legal administrative assistant,14916,Legal secretaries,14914,Administrative and specialised secretaries,14916,Legal secretaries,,,,,,
esco_1_2_1,15338,medical administrative assistant,14918,Medical secretaries,14914,Administrative and specialised secretaries,14918,Medical secretaries,,,,,,
esco_1_2_1,17025,medical practice manager,14918,Medical secretaries,14914,Administrative and specialised secretaries,14918,Medical secretaries,,,,,,
esco_1_2_1,16445,medical transcriptionist,14918,Medical secretaries,14914,Administrative and specialised secretaries,14918,Medical secretaries,,,,,,
esco_1_2_1,15900,call centre analyst,14915,Office supervisors,14914,Administrative and specialised secretaries,14915,Office supervisors,,,,,,
esco_1_2_1,16377,call centre quality auditor,14915,Office supervisors,14914,Administrative and specialised secretaries,14915,Office supervisors,,,,,,
esco_1_2_1,16604,call centre supervisor,14915,Office supervisors,14914,Administrative and specialised secretaries,14915,Office supervisors,,,,,,
esco_1_2_1,17217,contact centre supervisor,14915,Office supervisors,14914,Administrative and specialised secretaries,14915,Office supervisors,,,,,,
esco_1_2_1,17418,data entry supervisor,14915,Office supervisors,14914,Administrative and specialised secretaries,14915,Office supervisors,,,,,,
esco_1_2_1,15459,field survey manager,14915,Office supervisors,14914,Administrative and specialised secretaries,14915,Office supervisors,,,,,,
esco_1_2_1,16646,office manager,14915,Office supervisors,14914,Administrative and specialised secretaries,14915,Office supervisors,,,,,,
esco_1_2_1,15973,fruit and vegetable picker,15237,Crop farm labourers,15236,"Agricultural, forestry and fishery labourers",15237,Crop farm labourers,,,,,,
esco_1_2_1,18043,vineyard worker,15237,Crop farm labourers,15236,"Agricultural, forestry and fishery labourers",15237,Crop farm labourers,,,,,,
esco_1_2_1,15863,aquaculture cage mooring worker,15242,Fishery and aquaculture labourers,15236,"Agricultural, forestry and fishery labourers",15242,Fishery and aquaculture labourers,,,,,,
esco_1_2_1,18275,aquaculture harvesting worker,15242,Fishery and aquaculture labourers,15236,"Agricultural, forestry and fishery labourers",15242,Fishery and aquaculture labourers,,,,,,
esco_1_2_1,15692,on foot aquatic resources collector,15242,Fishery and aquaculture labourers,15236,"Agricultural, forestry and fishery labourers",15242,Fishery and aquaculture labourers,,,,,,
esco_1_2_1,17359,water-based aquaculture worker,15242,Fishery and aquaculture labourers,15236,"Agricultural, forestry and fishery labourers",15242,Fishery and aquaculture labourers,,,,,,
esco_1_2_1,16763,forest worker,15241,Forestry labourers,15236,"Agricultural, forestry and fishery labourers",15241,Forestry labourers,,,,,,
esco_1_2_1,17249,garden labourer,15240,Garden and horticultural labourers,15236,"Agricultural, forestry and fishery labourers",15240,Garden and horticultural labourers,,,,,,
esco_1_2_1,15612,horticulture worker,15240,Garden and horticultural labourers,15236,"Agricultural, forestry and fishery labourers",15240,Garden and horticultural labourers,,,,,,
esco_1_2_1,17254,catcher,15238,Livestock farm labourers,15236,"Agricultural, forestry and fishery labourers",15238,Livestock farm labourers,,,,,,
esco_1_2_1,16550,equine worker,15238,Livestock farm labourers,15236,"Agricultural, forestry and fishery labourers",15238,Livestock farm labourers,,,,,,
esco_1_2_1,17621,groom,15238,Livestock farm labourers,15236,"Agricultural, forestry and fishery labourers",15238,Livestock farm labourers,,,,,,
esco_1_2_1,16547,livestock worker,15238,Livestock farm labourers,15236,"Agricultural, forestry and fishery labourers",15238,Livestock farm labourers,,,,,,
esco_1_2_1,17744,crop production worker,15239,Mixed crop and livestock farm labourers,15236,"Agricultural, forestry and fishery labourers",15239,Mixed crop and livestock farm labourers,,,,,,
esco_1_2_1,15469,fur animals breeder,15061,Animal producers not elsewhere classified,15057,Animal producers,15061,Animal producers not elsewhere classified,,,,,,
esco_1_2_1,15311,bee breeder,15060,Apiarists and sericulturists,15057,Animal producers,15060,Apiarists and sericulturists,,,,,,
esco_1_2_1,17493,cattle breeder,15058,Livestock and dairy producers,15057,Animal producers,15058,Livestock and dairy producers,,,,,,
esco_1_2_1,16360,equine yard manager,15058,Livestock and dairy producers,15057,Animal producers,15058,Livestock and dairy producers,,,,,,
esco_1_2_1,15542,horse breeder,15058,Livestock and dairy producers,15057,Animal producers,15058,Livestock and dairy producers,,,,,,
esco_1_2_1,18089,pig breeder,15058,Livestock and dairy producers,15057,Animal producers,15058,Livestock and dairy producers,,,,,,
esco_1_2_1,17458,sheep breeder,15058,Livestock and dairy producers,15057,Animal producers,15058,Livestock and dairy producers,,,,,,
esco_1_2_1,15806,shepherd,15058,Livestock and dairy producers,15057,Animal producers,15058,Livestock and dairy producers,,,,,,
esco_1_2_1,17837,poultry breeder,15059,Poultry producers,15057,Animal producers,15059,Poultry producers,,,,,,
esco_1_2_1,16871,poultry sexer,15059,Poultry producers,15057,Animal producers,15059,Poultry producers,,,,,,
esco_1_2_1,17022,architect,14740,Building architects,14739,"Architects, planners, surveyors and designers",14740,Building architects,,,,,,
esco_1_2_1,18139,interior architect,14740,Building architects,14739,"Architects, planners, surveyors and designers",17022,architect,,,,,,
esco_1_2_1,15757,cadastral technician,14744,Cartographers and surveyors,14739,"Architects, planners, surveyors and designers",14744,Cartographers and surveyors,,,,,,
esco_1_2_1,17405,cartographer,14744,Cartographers and surveyors,14739,"Architects, planners, surveyors and designers",14744,Cartographers and surveyors,,,,,,
esco_1_2_1,17201,geographic information systems specialist,14744,Cartographers and surveyors,14739,"Architects, planners, surveyors and designers",14744,Cartographers and surveyors,,,,,,
esco_1_2_1,16119,hydrographic surveyor,14744,Cartographers and surveyors,14739,"Architects, planners, surveyors and designers",17910,land surveyor,,,,,,
esco_1_2_1,17910,land surveyor,14744,Cartographers and surveyors,14739,"Architects, planners, surveyors and designers",14744,Cartographers and surveyors,,,,,,
esco_1_2_1,15290,mine surveyor,14744,Cartographers and surveyors,14739,"Architects, planners, surveyors and designers",17910,land surveyor,,,,,,
esco_1_2_1,16311,3D animator,14745,Graphic and multimedia designers,14739,"Architects, planners, surveyors and designers",16174,animator,,,,,,
esco_1_2_1,17560,3D modeller,14745,Graphic and multimedia designers,14739,"Architects, planners, surveyors and designers",14745,Graphic and multimedia designers,,,,,,
esco_1_2_1,17108,animation layout artist,14745,Graphic and multimedia designers,14739,"Architects, planners, surveyors and designers",14745,Graphic and multimedia designers,,,,,,
esco_1_2_1,16174,animator,14745,Graphic and multimedia designers,14739,"Architects, planners, surveyors and designers",14745,Graphic and multimedia designers,,,,,,
esco_1_2_1,16777,desktop publisher,14745,Graphic and multimedia designers,14739,"Architects, planners, surveyors and designers",14745,Graphic and multimedia designers,,,,,,
esco_1_2_1,17881,digital artist,14745,Graphic and multimedia designers,14739,"Architects, planners, surveyors and designers",14745,Graphic and multimedia designers,,,,,,
esco_1_2_1,17887,digital games designer,14745,Graphic and multimedia designers,14739,"Architects, planners, surveyors and designers",14745,Graphic and multimedia designers,,,,,,
esco_1_2_1,17879,digital media designer,14745,Graphic and multimedia designers,14739,"Architects, planners, surveyors and designers",14745,Graphic and multimedia designers,,,,,,
esco_1_2_1,15501,gambling games designer,14745,Graphic and multimedia designers,14739,"Architects, planners, surveyors and designers",14745,Graphic and multimedia designers,,,,,,
esco_1_2_1,16590,graphic designer,14745,Graphic and multimedia designers,14739,"Architects, planners, surveyors and designers",14745,Graphic and multimedia designers,,,,,,
esco_1_2_1,15628,illustrator,14745,Graphic and multimedia designers,14739,"Architects, planners, surveyors and designers",14745,Graphic and multimedia designers,,,,,,
esco_1_2_1,15370,performance lighting designer,14745,Graphic and multimedia designers,14739,"Architects, planners, surveyors and designers",14745,Graphic and multimedia designers,,,,,,
esco_1_2_1,17755,performance video designer,14745,Graphic and multimedia designers,14739,"Architects, planners, surveyors and designers",14745,Graphic and multimedia designers,,,,,,
esco_1_2_1,17451,special effects artist,14745,Graphic and multimedia designers,14739,"Architects, planners, surveyors and designers",14745,Graphic and multimedia designers,,,,,,
esco_1_2_1,15968,stop-motion animator,14745,Graphic and multimedia designers,14739,"Architects, planners, surveyors and designers",14745,Graphic and multimedia designers,,,,,,
esco_1_2_1,15902,web designer,14745,Graphic and multimedia designers,14739,"Architects, planners, surveyors and designers",14745,Graphic and multimedia designers,move to sub_family_node_id:14805,14805,Web and multimedia developers,14802,Software and applications developers and analysts,Web design belongs in the software/web development branch rather than graphic design.
esco_1_2_1,16299,landscape architect,14741,Landscape architects,14739,"Architects, planners, surveyors and designers",14741,Landscape architects,,,,,,
esco_1_2_1,17288,landscape designer,14741,Landscape architects,14739,"Architects, planners, surveyors and designers",16299,landscape architect,,,,,,
esco_1_2_1,15654,automotive designer,14742,Product and garment designers,14739,"Architects, planners, surveyors and designers",17380,industrial designer,,,,,,
esco_1_2_1,17832,clothing fashion designer,14742,Product and garment designers,14739,"Architects, planners, surveyors and designers",16773,fashion designer,,,,,,
esco_1_2_1,17833,costume designer,14742,Product and garment designers,14739,"Architects, planners, surveyors and designers",17380,industrial designer,,,,,,
esco_1_2_1,16773,fashion designer,14742,Product and garment designers,14739,"Architects, planners, surveyors and designers",17380,industrial designer,,,,,,
esco_1_2_1,15373,footwear designer,14742,Product and garment designers,14739,"Architects, planners, surveyors and designers",16773,fashion designer,,,,,,
esco_1_2_1,17576,furniture designer,14742,Product and garment designers,14739,"Architects, planners, surveyors and designers",17380,industrial designer,,,,,,
esco_1_2_1,17380,industrial designer,14742,Product and garment designers,14739,"Architects, planners, surveyors and designers",14742,Product and garment designers,,,,,,
esco_1_2_1,15942,jewellery designer,14742,Product and garment designers,14739,"Architects, planners, surveyors and designers",17380,industrial designer,,,,,,
esco_1_2_1,17251,leather goods designer,14742,Product and garment designers,14739,"Architects, planners, surveyors and designers",16773,fashion designer,,,,,,
esco_1_2_1,17876,leather goods product developer,14742,Product and garment designers,14739,"Architects, planners, surveyors and designers",14742,Product and garment designers,,,,,,
esco_1_2_1,16042,model maker,14742,Product and garment designers,14739,"Architects, planners, surveyors and designers",17380,industrial designer,,,,,,
esco_1_2_1,15383,puppet designer,14742,Product and garment designers,14739,"Architects, planners, surveyors and designers",17380,industrial designer,,,,,,
esco_1_2_1,16631,textile colourist,14742,Product and garment designers,14739,"Architects, planners, surveyors and designers",14742,Product and garment designers,,,,,,
esco_1_2_1,15477,textile designer,14742,Product and garment designers,14739,"Architects, planners, surveyors and designers",17380,industrial designer,,,,,,
esco_1_2_1,16576,textile product developer,14742,Product and garment designers,14739,"Architects, planners, surveyors and designers",14742,Product and garment designers,,,,,,
esco_1_2_1,16126,land planner,14743,Town and traffic planners,14739,"Architects, planners, surveyors and designers",14743,Town and traffic planners,,,,,,
esco_1_2_1,16024,mobility services manager,14743,Town and traffic planners,14739,"Architects, planners, surveyors and designers",14743,Town and traffic planners,,,,,,
esco_1_2_1,17037,smart city consultant,14743,Town and traffic planners,14739,"Architects, planners, surveyors and designers",17997,urban planner,,,,,,
esco_1_2_1,17096,transport planner,14743,Town and traffic planners,14739,"Architects, planners, surveyors and designers",14743,Town and traffic planners,,,,,,
esco_1_2_1,17997,urban planner,14743,Town and traffic planners,14739,"Architects, planners, surveyors and designers",14743,Town and traffic planners,,,,,,
esco_1_2_1,17748,air force pilot,14666,"Armed forces occupations, other ranks",14665,"Armed forces occupations, other ranks",14666,"Armed forces occupations, other ranks",,,,,,
esco_1_2_1,18299,bomb disposal technician,14666,"Armed forces occupations, other ranks",14665,"Armed forces occupations, other ranks",14666,"Armed forces occupations, other ranks",,,,,,
esco_1_2_1,17600,infantry soldier,14666,"Armed forces occupations, other ranks",14665,"Armed forces occupations, other ranks",14666,"Armed forces occupations, other ranks",,,,,,
esco_1_2_1,15960,intelligence communications interceptor,14666,"Armed forces occupations, other ranks",14665,"Armed forces occupations, other ranks",14666,"Armed forces occupations, other ranks",,,,,,
esco_1_2_1,16337,military engineer,14666,"Armed forces occupations, other ranks",14665,"Armed forces occupations, other ranks",14666,"Armed forces occupations, other ranks",,,,,,
esco_1_2_1,15483,chef,14939,Chefs,14935,"Artistic, cultural and culinary associate professionals",14939,Chefs,,,,,,
esco_1_2_1,15296,head chef,14939,Chefs,14935,"Artistic, cultural and culinary associate professionals",15483,chef,,,,,,
esco_1_2_1,17444,head pastry chef,14939,Chefs,14935,"Artistic, cultural and culinary associate professionals",17052,pastry chef,,,,,,
esco_1_2_1,17052,pastry chef,14939,Chefs,14935,"Artistic, cultural and culinary associate professionals",15483,chef,,,,,,
esco_1_2_1,17268,private chef,14939,Chefs,14935,"Artistic, cultural and culinary associate professionals",15483,chef,,,,,,
esco_1_2_1,16479,art handler,14938,"Gallery, museum and library technicians",14935,"Artistic, cultural and culinary associate professionals",14938,"Gallery, museum and library technicians",,,,,,
esco_1_2_1,16250,big data archive librarian,14938,"Gallery, museum and library technicians",14935,"Artistic, cultural and culinary associate professionals",14938,"Gallery, museum and library technicians",,,,,,
esco_1_2_1,17334,taxidermist,14938,"Gallery, museum and library technicians",14935,"Artistic, cultural and culinary associate professionals",14938,"Gallery, museum and library technicians",,,,,,
esco_1_2_1,16723,interior designer,14937,Interior designers and decorators,14935,"Artistic, cultural and culinary associate professionals",14937,Interior designers and decorators,,,,,,
esco_1_2_1,16764,interior planner,14937,Interior designers and decorators,14935,"Artistic, cultural and culinary associate professionals",16723,interior designer,,,,,,
esco_1_2_1,18158,merchandiser,14937,Interior designers and decorators,14935,"Artistic, cultural and culinary associate professionals",14937,Interior designers and decorators,,,,,,
esco_1_2_1,16972,miniature set designer,14937,Interior designers and decorators,14935,"Artistic, cultural and culinary associate professionals",14937,Interior designers and decorators,,,,,,
esco_1_2_1,16259,scenic painter,14937,Interior designers and decorators,14935,"Artistic, cultural and culinary associate professionals",15943,set builder,,,,,,
esco_1_2_1,15943,set builder,14937,Interior designers and decorators,14935,"Artistic, cultural and culinary associate professionals",14937,Interior designers and decorators,,,,,,
esco_1_2_1,16956,set designer,14937,Interior designers and decorators,14935,"Artistic, cultural and culinary associate professionals",14937,Interior designers and decorators,,,,,,
esco_1_2_1,15961,visual merchandiser,14937,Interior designers and decorators,14935,"Artistic, cultural and culinary associate professionals",14937,Interior designers and decorators,,,,,,
esco_1_2_1,17992,assistant stage director,14940,Other artistic and cultural associate professionals,14935,"Artistic, cultural and culinary associate professionals",14940,Other artistic and cultural associate professionals,,,,,,
esco_1_2_1,16679,assistant video and motion picture director,14940,Other artistic and cultural associate professionals,14935,"Artistic, cultural and culinary associate professionals",14940,Other artistic and cultural associate professionals,,,,,,
esco_1_2_1,15847,audio production technician,14940,Other artistic and cultural associate professionals,14935,"Artistic, cultural and culinary associate professionals",14940,Other artistic and cultural associate professionals,,,,,,
esco_1_2_1,15392,automated fly bar operator,14940,Other artistic and cultural associate professionals,14935,"Artistic, cultural and culinary associate professionals",14940,Other artistic and cultural associate professionals,,,,,,
esco_1_2_1,16092,body artist,14940,Other artistic and cultural associate professionals,14935,"Artistic, cultural and culinary associate professionals",14940,Other artistic and cultural associate professionals,,,,,,
esco_1_2_1,16855,broadcasting programme director,14940,Other artistic and cultural associate professionals,14935,"Artistic, cultural and culinary associate professionals",14940,Other artistic and cultural associate professionals,,,,,,
esco_1_2_1,15895,costume attendant,14940,Other artistic and cultural associate professionals,14935,"Artistic, cultural and culinary associate professionals",15810,dresser,,,,,,
esco_1_2_1,15810,dresser,14940,Other artistic and cultural associate professionals,14935,"Artistic, cultural and culinary associate professionals",14940,Other artistic and cultural associate professionals,,,,,,
esco_1_2_1,18034,extra,14940,Other artistic and cultural associate professionals,14935,"Artistic, cultural and culinary associate professionals",14940,Other artistic and cultural associate professionals,,,,,,
esco_1_2_1,17889,fight director,14940,Other artistic and cultural associate professionals,14935,"Artistic, cultural and culinary associate professionals",14940,Other artistic and cultural associate professionals,,,,,,
esco_1_2_1,17894,followspot operator,14940,Other artistic and cultural associate professionals,14935,"Artistic, cultural and culinary associate professionals",18148,theatre technician,,,,,,
esco_1_2_1,16832,head of workshop,14940,Other artistic and cultural associate professionals,14935,"Artistic, cultural and culinary associate professionals",14940,Other artistic and cultural associate professionals,,,,,,
esco_1_2_1,15471,intelligent lighting engineer,14940,Other artistic and cultural associate professionals,14935,"Artistic, cultural and culinary associate professionals",17197,performance lighting technician,,,,,,
esco_1_2_1,16963,light board operator,14940,Other artistic and cultural associate professionals,14935,"Artistic, cultural and culinary associate professionals",18148,theatre technician,,,,,,
esco_1_2_1,16985,location manager,14940,Other artistic and cultural associate professionals,14935,"Artistic, cultural and culinary associate professionals",14940,Other artistic and cultural associate professionals,,,,,,
esco_1_2_1,17640,mask maker,14940,Other artistic and cultural associate professionals,14935,"Artistic, cultural and culinary associate professionals",14940,Other artistic and cultural associate professionals,,,,,,
esco_1_2_1,15716,media integration operator,14940,Other artistic and cultural associate professionals,14935,"Artistic, cultural and culinary associate professionals",14940,Other artistic and cultural associate professionals,,,,,,
esco_1_2_1,17627,performance flying director,14940,Other artistic and cultural associate professionals,14935,"Artistic, cultural and culinary associate professionals",14940,Other artistic and cultural associate professionals,,,,,,
esco_1_2_1,17197,performance lighting technician,14940,Other artistic and cultural associate professionals,14935,"Artistic, cultural and culinary associate professionals",14940,Other artistic and cultural associate professionals,,,,,,
esco_1_2_1,17104,prompter,14940,Other artistic and cultural associate professionals,14935,"Artistic, cultural and culinary associate professionals",14940,Other artistic and cultural associate professionals,,,,,,
esco_1_2_1,16802,prop maker,14940,Other artistic and cultural associate professionals,14935,"Artistic, cultural and culinary associate professionals",14940,Other artistic and cultural associate professionals,,,,,,
esco_1_2_1,17602,prop master/prop mistress,14940,Other artistic and cultural associate professionals,14935,"Artistic, cultural and culinary associate professionals",14940,Other artistic and cultural associate professionals,,,,,,
esco_1_2_1,17245,pyrotechnic designer,14940,Other artistic and cultural associate professionals,14935,"Artistic, cultural and culinary associate professionals",14940,Other artistic and cultural associate professionals,,,,,,
esco_1_2_1,16401,pyrotechnician,14940,Other artistic and cultural associate professionals,14935,"Artistic, cultural and culinary associate professionals",14940,Other artistic and cultural associate professionals,,,,,,
esco_1_2_1,16404,scenery technician,14940,Other artistic and cultural associate professionals,14935,"Artistic, cultural and culinary associate professionals",18148,theatre technician,,,,,,
esco_1_2_1,17180,script supervisor,14940,Other artistic and cultural associate professionals,14935,"Artistic, cultural and culinary associate professionals",14940,Other artistic and cultural associate professionals,,,,,,
esco_1_2_1,16287,stage machinist,14940,Other artistic and cultural associate professionals,14935,"Artistic, cultural and culinary associate professionals",18148,theatre technician,,,,,,
esco_1_2_1,15613,stage manager,14940,Other artistic and cultural associate professionals,14935,"Artistic, cultural and culinary associate professionals",14940,Other artistic and cultural associate professionals,,,,,,
esco_1_2_1,17395,stage technician,14940,Other artistic and cultural associate professionals,14935,"Artistic, cultural and culinary associate professionals",18148,theatre technician,,,,,,
esco_1_2_1,15631,stand-in,14940,Other artistic and cultural associate professionals,14935,"Artistic, cultural and culinary associate professionals",14940,Other artistic and cultural associate professionals,,,,,,
esco_1_2_1,16935,stunt performer,14940,Other artistic and cultural associate professionals,14935,"Artistic, cultural and culinary associate professionals",14940,Other artistic and cultural associate professionals,,,,,,
esco_1_2_1,18148,theatre technician,14940,Other artistic and cultural associate professionals,14935,"Artistic, cultural and culinary associate professionals",14940,Other artistic and cultural associate professionals,,,,,,
esco_1_2_1,16555,photographer,14936,Photographers,14935,"Artistic, cultural and culinary associate professionals",14936,Photographers,,,,,,
esco_1_2_1,16167,photojournalist,14936,Photographers,14935,"Artistic, cultural and culinary associate professionals",14936,Photographers,,,,,,
esco_1_2_1,15579,ammunition assembler,15207,Assemblers not elsewhere classified,15204,Assemblers,15207,Assemblers not elsewhere classified,,,,,,
esco_1_2_1,18016,bicycle assembler,15207,Assemblers not elsewhere classified,15204,Assemblers,15207,Assemblers not elsewhere classified,,,,,,
esco_1_2_1,16388,firework assembler,15207,Assemblers not elsewhere classified,15204,Assemblers,15207,Assemblers not elsewhere classified,,,,,,
esco_1_2_1,17902,furniture assembler,15207,Assemblers not elsewhere classified,15204,Assemblers,15207,Assemblers not elsewhere classified,,,,,,
esco_1_2_1,16571,jewellery assembler,15207,Assemblers not elsewhere classified,15204,Assemblers,15207,Assemblers not elsewhere classified,,,,,,
esco_1_2_1,15747,medical device assembler,15207,Assemblers not elsewhere classified,15204,Assemblers,15207,Assemblers not elsewhere classified,,,,,,
esco_1_2_1,15715,metal furniture machine operator,15207,Assemblers not elsewhere classified,15204,Assemblers,15207,Assemblers not elsewhere classified,,,,,,
esco_1_2_1,17417,metal products assembler,15207,Assemblers not elsewhere classified,15204,Assemblers,15207,Assemblers not elsewhere classified,,,,,,
esco_1_2_1,16394,plastic products assembler,15207,Assemblers not elsewhere classified,15204,Assemblers,15207,Assemblers not elsewhere classified,,,,,,
esco_1_2_1,16720,rubber goods assembler,15207,Assemblers not elsewhere classified,15204,Assemblers,15207,Assemblers not elsewhere classified,,,,,,
esco_1_2_1,16851,wood products assembler,15207,Assemblers not elsewhere classified,15204,Assemblers,15207,Assemblers not elsewhere classified,,,,,,
esco_1_2_1,16680,battery assembler,15206,Electrical and electronic equipment assemblers,15204,Assemblers,16540,electronic equipment assembler,,,,,,
esco_1_2_1,17686,control panel assembler,15206,Electrical and electronic equipment assemblers,15204,Assemblers,16065,electrical equipment assembler,,,,,,
esco_1_2_1,15574,dental instrument assembler,15206,Electrical and electronic equipment assemblers,15204,Assemblers,15206,Electrical and electronic equipment assemblers,,,,,,
esco_1_2_1,18203,electrical cable assembler,15206,Electrical and electronic equipment assemblers,15204,Assemblers,16065,electrical equipment assembler,,,,,,
esco_1_2_1,16065,electrical equipment assembler,15206,Electrical and electronic equipment assemblers,15204,Assemblers,15206,Electrical and electronic equipment assemblers,,,,,,
esco_1_2_1,17865,electromechanical equipment assembler,15206,Electrical and electronic equipment assemblers,15204,Assemblers,16540,electronic equipment assembler,,,,,,
esco_1_2_1,16540,electronic equipment assembler,15206,Electrical and electronic equipment assemblers,15204,Assemblers,15206,Electrical and electronic equipment assemblers,,,,,,
esco_1_2_1,18234,electronic musical instrument maker,15206,Electrical and electronic equipment assemblers,15204,Assemblers,16540,electronic equipment assembler,,,,,,
esco_1_2_1,17339,photographic equipment assembler,15206,Electrical and electronic equipment assemblers,15204,Assemblers,16540,electronic equipment assembler,,,,,,
esco_1_2_1,17927,printed circuit board assembler,15206,Electrical and electronic equipment assemblers,15204,Assemblers,16540,electronic equipment assembler,,,,,,
esco_1_2_1,15536,semiconductor processor,15206,Electrical and electronic equipment assemblers,15204,Assemblers,16540,electronic equipment assembler,,,,,,
esco_1_2_1,16307,surface-mount technology machine operator,15206,Electrical and electronic equipment assemblers,15204,Assemblers,15206,Electrical and electronic equipment assemblers,,,,,,
esco_1_2_1,15905,wave soldering machine operator,15206,Electrical and electronic equipment assemblers,15204,Assemblers,15206,Electrical and electronic equipment assemblers,,,,,,
esco_1_2_1,17772,wire harness assembler,15206,Electrical and electronic equipment assemblers,15204,Assemblers,16065,electrical equipment assembler,,,,,,
esco_1_2_1,17404,aircraft assembler,15205,Mechanical machinery assemblers,15204,Assemblers,15205,Mechanical machinery assemblers,,,,,,
esco_1_2_1,15328,aircraft engine assembler,15205,Mechanical machinery assemblers,15204,Assemblers,17404,aircraft assembler,,,,,,
esco_1_2_1,17609,industrial machinery assembler,15205,Mechanical machinery assemblers,15204,Assemblers,15205,Mechanical machinery assemblers,,,,,,
esco_1_2_1,15607,mechatronics assembler,15205,Mechanical machinery assemblers,15204,Assemblers,15205,Mechanical machinery assemblers,,,,,,
esco_1_2_1,18320,motor vehicle assembler,15205,Mechanical machinery assemblers,15204,Assemblers,15205,Mechanical machinery assemblers,,,,,,
esco_1_2_1,18254,motor vehicle body assembler,15205,Mechanical machinery assemblers,15204,Assemblers,18320,motor vehicle assembler,,,,,,
esco_1_2_1,17677,motor vehicle engine assembler,15205,Mechanical machinery assemblers,15204,Assemblers,18320,motor vehicle assembler,,,,,,
esco_1_2_1,16782,motor vehicle parts assembler,15205,Mechanical machinery assemblers,15204,Assemblers,18320,motor vehicle assembler,,,,,,
esco_1_2_1,16748,motorcycle assembler,15205,Mechanical machinery assemblers,15204,Assemblers,15205,Mechanical machinery assemblers,,,,,,
esco_1_2_1,16919,rolling stock assembler,15205,Mechanical machinery assemblers,15204,Assemblers,15205,Mechanical machinery assemblers,,,,,,
esco_1_2_1,16974,vessel engine assembler,15205,Mechanical machinery assemblers,15204,Assemblers,15205,Mechanical machinery assemblers,,,,,,
esco_1_2_1,16223,book editor,14829,Authors and related writers,14828,"Authors, journalists and linguists",14829,Authors and related writers,,,,,,
esco_1_2_1,16358,dramaturge,14829,Authors and related writers,14828,"Authors, journalists and linguists",14829,Authors and related writers,,,,,,
esco_1_2_1,18175,literary scholar,14829,Authors and related writers,14828,"Authors, journalists and linguists",14829,Authors and related writers,,,,,,
esco_1_2_1,18039,lyricist,14829,Authors and related writers,14828,"Authors, journalists and linguists",17434,writer,,,,,,
esco_1_2_1,15303,medical writer,14829,Authors and related writers,14828,"Authors, journalists and linguists",17434,writer,,,,,,
esco_1_2_1,18105,script writer,14829,Authors and related writers,14828,"Authors, journalists and linguists",17434,writer,,,,,,
esco_1_2_1,16413,speechwriter,14829,Authors and related writers,14828,"Authors, journalists and linguists",17434,writer,,,,,,
esco_1_2_1,17027,technical communicator,14829,Authors and related writers,14828,"Authors, journalists and linguists",17434,writer,,,,,,
esco_1_2_1,17434,writer,14829,Authors and related writers,14828,"Authors, journalists and linguists",14829,Authors and related writers,,,,,,
esco_1_2_1,17393,blogger,14830,Journalists,14828,"Authors, journalists and linguists",17292,journalist,,,,,,
esco_1_2_1,17509,broadcast news editor,14830,Journalists,14828,"Authors, journalists and linguists",17292,journalist,,,,,,
esco_1_2_1,17937,business journalist,14830,Journalists,14828,"Authors, journalists and linguists",17292,journalist,,,,,,
esco_1_2_1,17534,columnist,14830,Journalists,14828,"Authors, journalists and linguists",17292,journalist,,,,,,
esco_1_2_1,17016,copy editor,14830,Journalists,14828,"Authors, journalists and linguists",17292,journalist,,,,,,
esco_1_2_1,17853,crime journalist,14830,Journalists,14828,"Authors, journalists and linguists",17292,journalist,,,,,,
esco_1_2_1,18300,critic,14830,Journalists,14828,"Authors, journalists and linguists",17292,journalist,,,,,,
esco_1_2_1,17776,editor-in-chief,14830,Journalists,14828,"Authors, journalists and linguists",17292,journalist,,,,,,
esco_1_2_1,17850,entertainment journalist,14830,Journalists,14828,"Authors, journalists and linguists",17292,journalist,,,,,,
esco_1_2_1,15776,fact checker,14830,Journalists,14828,"Authors, journalists and linguists",17292,journalist,,,,,,
esco_1_2_1,16233,foreign correspondent,14830,Journalists,14828,"Authors, journalists and linguists",17292,journalist,,,,,,
esco_1_2_1,17292,journalist,14830,Journalists,14828,"Authors, journalists and linguists",14830,Journalists,,,,,,
esco_1_2_1,18238,magazine editor,14830,Journalists,14828,"Authors, journalists and linguists",17292,journalist,,,,,,
esco_1_2_1,15777,newspaper editor,14830,Journalists,14828,"Authors, journalists and linguists",17292,journalist,,,,,,
esco_1_2_1,16698,picture editor,14830,Journalists,14828,"Authors, journalists and linguists",17292,journalist,,,,,,
esco_1_2_1,18101,political journalist,14830,Journalists,14828,"Authors, journalists and linguists",17292,journalist,,,,,,
esco_1_2_1,16673,sports journalist,14830,Journalists,14828,"Authors, journalists and linguists",17292,journalist,,,,,,
esco_1_2_1,16297,vlogger,14830,Journalists,14828,"Authors, journalists and linguists",17292,journalist,,,,,,
esco_1_2_1,16735,graphologist,14831,"Translators, interpreters and other linguists",14828,"Authors, journalists and linguists",14831,"Translators, interpreters and other linguists",,,,,,
esco_1_2_1,15732,interpreter,14831,"Translators, interpreters and other linguists",14828,"Authors, journalists and linguists",14831,"Translators, interpreters and other linguists",,,,,,
esco_1_2_1,16344,lawyer linguist,14831,"Translators, interpreters and other linguists",14828,"Authors, journalists and linguists",17357,linguist,,,,,,
esco_1_2_1,16186,lexicographer,14831,"Translators, interpreters and other linguists",14828,"Authors, journalists and linguists",14831,"Translators, interpreters and other linguists",,,,,,
esco_1_2_1,17357,linguist,14831,"Translators, interpreters and other linguists",14828,"Authors, journalists and linguists",14831,"Translators, interpreters and other linguists",,,,,,
esco_1_2_1,17928,localiser,14831,"Translators, interpreters and other linguists",14828,"Authors, journalists and linguists",15603,translator,,,,,,
esco_1_2_1,17184,sign language interpreter,14831,"Translators, interpreters and other linguists",14828,"Authors, journalists and linguists",14831,"Translators, interpreters and other linguists",,,,,,
esco_1_2_1,18110,subtitler,14831,"Translators, interpreters and other linguists",14828,"Authors, journalists and linguists",15603,translator,,,,,,
esco_1_2_1,15603,translator,14831,"Translators, interpreters and other linguists",14828,"Authors, journalists and linguists",14831,"Translators, interpreters and other linguists",,,,,,
esco_1_2_1,18285,blacksmith,15110,"Blacksmiths, hammersmiths and forging press workers",15109,"Blacksmiths, toolmakers and related trades workers",15110,"Blacksmiths, hammersmiths and forging press workers",,,,,,
esco_1_2_1,17092,drop forging hammer worker,15110,"Blacksmiths, hammersmiths and forging press workers",15109,"Blacksmiths, toolmakers and related trades workers",15110,"Blacksmiths, hammersmiths and forging press workers",,,,,,
esco_1_2_1,17592,farrier,15110,"Blacksmiths, hammersmiths and forging press workers",15109,"Blacksmiths, toolmakers and related trades workers",18285,blacksmith,,,,,,
esco_1_2_1,15414,hydraulic forging press worker,15110,"Blacksmiths, hammersmiths and forging press workers",15109,"Blacksmiths, toolmakers and related trades workers",15110,"Blacksmiths, hammersmiths and forging press workers",,,,,,
esco_1_2_1,17578,mechanical forging press worker,15110,"Blacksmiths, hammersmiths and forging press workers",15109,"Blacksmiths, toolmakers and related trades workers",15110,"Blacksmiths, hammersmiths and forging press workers",,,,,,
esco_1_2_1,17819,metal polisher,15113,"Metal polishers, wheel grinders and tool sharpeners",15109,"Blacksmiths, toolmakers and related trades workers",15113,"Metal polishers, wheel grinders and tool sharpeners",,,,,,
esco_1_2_1,16916,tool grinder,15113,"Metal polishers, wheel grinders and tool sharpeners",15109,"Blacksmiths, toolmakers and related trades workers",15113,"Metal polishers, wheel grinders and tool sharpeners",,,,,,
esco_1_2_1,15460,boring machine operator,15112,Metal working machine tool setters and operators,15109,"Blacksmiths, toolmakers and related trades workers",15112,Metal working machine tool setters and operators,,,,,,
esco_1_2_1,15480,briquetting machine operator,15112,Metal working machine tool setters and operators,15109,"Blacksmiths, toolmakers and related trades workers",15112,Metal working machine tool setters and operators,,,,,,
esco_1_2_1,17424,chain making machine operator,15112,Metal working machine tool setters and operators,15109,"Blacksmiths, toolmakers and related trades workers",15112,Metal working machine tool setters and operators,,,,,,
esco_1_2_1,16430,computer numerical control machine operator,15112,Metal working machine tool setters and operators,15109,"Blacksmiths, toolmakers and related trades workers",15112,Metal working machine tool setters and operators,,,,,,
esco_1_2_1,17360,drill press operator,15112,Metal working machine tool setters and operators,15109,"Blacksmiths, toolmakers and related trades workers",15112,Metal working machine tool setters and operators,,,,,,
esco_1_2_1,18104,drilling machine operator,15112,Metal working machine tool setters and operators,15109,"Blacksmiths, toolmakers and related trades workers",15112,Metal working machine tool setters and operators,,,,,,
esco_1_2_1,15580,engraving machine operator,15112,Metal working machine tool setters and operators,15109,"Blacksmiths, toolmakers and related trades workers",16430,computer numerical control machine operator,,,,,,
esco_1_2_1,16984,fitter and turner,15112,Metal working machine tool setters and operators,15109,"Blacksmiths, toolmakers and related trades workers",15112,Metal working machine tool setters and operators,,,,,,
esco_1_2_1,15317,gear machinist,15112,Metal working machine tool setters and operators,15109,"Blacksmiths, toolmakers and related trades workers",15112,Metal working machine tool setters and operators,,,,,,
esco_1_2_1,15653,grinding machine operator,15112,Metal working machine tool setters and operators,15109,"Blacksmiths, toolmakers and related trades workers",16430,computer numerical control machine operator,,,,,,
esco_1_2_1,17304,heat treatment furnace operator,15112,Metal working machine tool setters and operators,15109,"Blacksmiths, toolmakers and related trades workers",15112,Metal working machine tool setters and operators,,,,,,
esco_1_2_1,17580,laser cutting machine operator,15112,Metal working machine tool setters and operators,15109,"Blacksmiths, toolmakers and related trades workers",16430,computer numerical control machine operator,,,,,,
esco_1_2_1,16710,laser marking machine operator,15112,Metal working machine tool setters and operators,15109,"Blacksmiths, toolmakers and related trades workers",15112,Metal working machine tool setters and operators,,,,,,
esco_1_2_1,16517,lathe and turning machine operator,15112,Metal working machine tool setters and operators,15109,"Blacksmiths, toolmakers and related trades workers",16430,computer numerical control machine operator,,,,,,
esco_1_2_1,16561,metal nibbling operator,15112,Metal working machine tool setters and operators,15109,"Blacksmiths, toolmakers and related trades workers",15112,Metal working machine tool setters and operators,,,,,,
esco_1_2_1,17306,metal planer operator,15112,Metal working machine tool setters and operators,15109,"Blacksmiths, toolmakers and related trades workers",15112,Metal working machine tool setters and operators,,,,,,
esco_1_2_1,16015,metal sawing machine operator,15112,Metal working machine tool setters and operators,15109,"Blacksmiths, toolmakers and related trades workers",16430,computer numerical control machine operator,,,,,,
esco_1_2_1,16837,metalworking lathe operator,15112,Metal working machine tool setters and operators,15109,"Blacksmiths, toolmakers and related trades workers",16517,lathe and turning machine operator,,,,,,
esco_1_2_1,17259,milling machine operator,15112,Metal working machine tool setters and operators,15109,"Blacksmiths, toolmakers and related trades workers",16430,computer numerical control machine operator,,,,,,
esco_1_2_1,15721,moulding machine operator,15112,Metal working machine tool setters and operators,15109,"Blacksmiths, toolmakers and related trades workers",15112,Metal working machine tool setters and operators,,,,,,
esco_1_2_1,17689,ornamental metal worker,15112,Metal working machine tool setters and operators,15109,"Blacksmiths, toolmakers and related trades workers",15112,Metal working machine tool setters and operators,,,,,,
esco_1_2_1,16442,oxy fuel burning machine operator,15112,Metal working machine tool setters and operators,15109,"Blacksmiths, toolmakers and related trades workers",15112,Metal working machine tool setters and operators,,,,,,
esco_1_2_1,15558,plasma cutting machine operator,15112,Metal working machine tool setters and operators,15109,"Blacksmiths, toolmakers and related trades workers",15112,Metal working machine tool setters and operators,,,,,,
esco_1_2_1,18292,punch press operator,15112,Metal working machine tool setters and operators,15109,"Blacksmiths, toolmakers and related trades workers",16430,computer numerical control machine operator,,,,,,
esco_1_2_1,17156,router operator,15112,Metal working machine tool setters and operators,15109,"Blacksmiths, toolmakers and related trades workers",15112,Metal working machine tool setters and operators,,,,,,
esco_1_2_1,17766,scrap metal operative,15112,Metal working machine tool setters and operators,15109,"Blacksmiths, toolmakers and related trades workers",15112,Metal working machine tool setters and operators,,,,,,
esco_1_2_1,15883,screw machine operator,15112,Metal working machine tool setters and operators,15109,"Blacksmiths, toolmakers and related trades workers",15112,Metal working machine tool setters and operators,,,,,,
esco_1_2_1,15586,spark erosion machine operator,15112,Metal working machine tool setters and operators,15109,"Blacksmiths, toolmakers and related trades workers",15112,Metal working machine tool setters and operators,,,,,,
esco_1_2_1,16484,stamping press operator,15112,Metal working machine tool setters and operators,15109,"Blacksmiths, toolmakers and related trades workers",15112,Metal working machine tool setters and operators,,,,,,
esco_1_2_1,17321,straightening machine operator,15112,Metal working machine tool setters and operators,15109,"Blacksmiths, toolmakers and related trades workers",15112,Metal working machine tool setters and operators,,,,,,
esco_1_2_1,17897,swaging machine operator,15112,Metal working machine tool setters and operators,15109,"Blacksmiths, toolmakers and related trades workers",15112,Metal working machine tool setters and operators,,,,,,
esco_1_2_1,16771,thread rolling machine operator,15112,Metal working machine tool setters and operators,15109,"Blacksmiths, toolmakers and related trades workers",15112,Metal working machine tool setters and operators,,,,,,
esco_1_2_1,17033,upsetting machine operator,15112,Metal working machine tool setters and operators,15109,"Blacksmiths, toolmakers and related trades workers",15112,Metal working machine tool setters and operators,,,,,,
esco_1_2_1,15661,water jet cutter operator,15112,Metal working machine tool setters and operators,15109,"Blacksmiths, toolmakers and related trades workers",16430,computer numerical control machine operator,,,,,,
esco_1_2_1,15812,casting mould maker,15111,Toolmakers and related workers,15109,"Blacksmiths, toolmakers and related trades workers",15111,Toolmakers and related workers,,,,,,
esco_1_2_1,15520,gunsmith,15111,Toolmakers and related workers,15109,"Blacksmiths, toolmakers and related trades workers",15111,Toolmakers and related workers,,,,,,
esco_1_2_1,17364,locksmith,15111,Toolmakers and related workers,15109,"Blacksmiths, toolmakers and related trades workers",15111,Toolmakers and related workers,,,,,,
esco_1_2_1,17830,precision mechanic,15111,Toolmakers and related workers,15109,"Blacksmiths, toolmakers and related trades workers",15111,Toolmakers and related workers,,,,,,
esco_1_2_1,18113,tool and die maker,15111,Toolmakers and related workers,15109,"Blacksmiths, toolmakers and related trades workers",15111,Toolmakers and related workers,,,,,,
esco_1_2_1,15577,building caretaker,15009,Building caretakers,15006,Building and housekeeping supervisors,15009,Building caretakers,,,,,,
esco_1_2_1,17125,house sitter,15009,Building caretakers,15006,Building and housekeeping supervisors,15577,building caretaker,,,,,,
esco_1_2_1,16379,verger,15009,Building caretakers,15006,Building and housekeeping supervisors,15577,building caretaker,,,,,,
esco_1_2_1,18046,hotel butler,15007,"Cleaning and housekeeping supervisors in offices, hotels and other establishments",15006,Building and housekeeping supervisors,15007,"Cleaning and housekeeping supervisors in offices, hotels and other establishments",,,,,,
esco_1_2_1,18262,housekeeping supervisor,15007,"Cleaning and housekeeping supervisors in offices, hotels and other establishments",15006,Building and housekeeping supervisors,15007,"Cleaning and housekeeping supervisors in offices, hotels and other establishments",,,,,,
esco_1_2_1,15701,bed and breakfast operator,15008,Domestic housekeepers,15006,Building and housekeeping supervisors,15008,Domestic housekeepers,,,,,,
esco_1_2_1,16727,domestic butler,15008,Domestic housekeepers,15006,Building and housekeeping supervisors,16629,domestic housekeeper,,,,,,
esco_1_2_1,16629,domestic housekeeper,15008,Domestic housekeepers,15006,Building and housekeeping supervisors,15008,Domestic housekeepers,,,,,,
esco_1_2_1,16797,heating and ventilation service installer,15097,Air conditioning and refrigeration mechanics,15090,Building finishers and related trades workers,15097,Air conditioning and refrigeration mechanics,,,,,,
esco_1_2_1,18027,carpet fitter,15092,Floor layers and tile setters,15090,Building finishers and related trades workers,15092,Floor layers and tile setters,,,,,,
esco_1_2_1,16265,hardwood floor layer,15092,Floor layers and tile setters,15090,Building finishers and related trades workers,15092,Floor layers and tile setters,,,,,,
esco_1_2_1,15364,resilient floor layer,15092,Floor layers and tile setters,15090,Building finishers and related trades workers,15092,Floor layers and tile setters,,,,,,
esco_1_2_1,15308,tile fitter,15092,Floor layers and tile setters,15090,Building finishers and related trades workers,15092,Floor layers and tile setters,,,,,,
esco_1_2_1,16469,plate glass installer,15095,Glaziers,15090,Building finishers and related trades workers,15095,Glaziers,,,,,,
esco_1_2_1,15699,vehicle glazier,15095,Glaziers,15090,Building finishers and related trades workers,15095,Glaziers,,,,,,
esco_1_2_1,17463,insulation worker,15094,Insulation workers,15090,Building finishers and related trades workers,15094,Insulation workers,,,,,,
esco_1_2_1,16098,ceiling installer,15093,Plasterers,15090,Building finishers and related trades workers,15093,Plasterers,,,,,,
esco_1_2_1,18185,plasterer,15093,Plasterers,15090,Building finishers and related trades workers,15093,Plasterers,,,,,,
esco_1_2_1,16061,bathroom fitter,15096,Plumbers and pipe fitters,15090,Building finishers and related trades workers,15096,Plumbers and pipe fitters,,,,,,
esco_1_2_1,16145,drain technician,15096,Plumbers and pipe fitters,15090,Building finishers and related trades workers,15096,Plumbers and pipe fitters,,,,,,
esco_1_2_1,17151,gas service technician,15096,Plumbers and pipe fitters,15090,Building finishers and related trades workers,15096,Plumbers and pipe fitters,,,,,,
esco_1_2_1,16693,heating technician,15096,Plumbers and pipe fitters,15090,Building finishers and related trades workers,15096,Plumbers and pipe fitters,,,,,,
esco_1_2_1,18133,irrigation system installer,15096,Plumbers and pipe fitters,15090,Building finishers and related trades workers,15096,Plumbers and pipe fitters,,,,,,
esco_1_2_1,16315,irrigation technician,15096,Plumbers and pipe fitters,15090,Building finishers and related trades workers,15096,Plumbers and pipe fitters,,,,,,
esco_1_2_1,16739,pipeline maintenance worker,15096,Plumbers and pipe fitters,15090,Building finishers and related trades workers,15096,Plumbers and pipe fitters,,,,,,
esco_1_2_1,18119,plumber,15096,Plumbers and pipe fitters,15090,Building finishers and related trades workers,15096,Plumbers and pipe fitters,,,,,,
esco_1_2_1,16987,septic tank servicer,15096,Plumbers and pipe fitters,15090,Building finishers and related trades workers,15096,Plumbers and pipe fitters,,,,,,
esco_1_2_1,16722,sewer construction worker,15096,Plumbers and pipe fitters,15090,Building finishers and related trades workers,15096,Plumbers and pipe fitters,,,,,,
esco_1_2_1,16656,sewerage network operative,15096,Plumbers and pipe fitters,15090,Building finishers and related trades workers,15096,Plumbers and pipe fitters,,,,,,
esco_1_2_1,15323,sprinkler fitter,15096,Plumbers and pipe fitters,15090,Building finishers and related trades workers,15096,Plumbers and pipe fitters,,,,,,
esco_1_2_1,15479,water conservation technician,15096,Plumbers and pipe fitters,15090,Building finishers and related trades workers,15096,Plumbers and pipe fitters,,,,,,
esco_1_2_1,15396,water network operative,15096,Plumbers and pipe fitters,15090,Building finishers and related trades workers,15096,Plumbers and pipe fitters,,,,,,
esco_1_2_1,17489,roofer,15091,Roofers,15090,Building finishers and related trades workers,15091,Roofers,,,,,,
esco_1_2_1,15356,bricklayer,15085,Bricklayers and related workers,15083,Building frame and related trades workers,15085,Bricklayers and related workers,,,,,,
esco_1_2_1,15592,construction scaffolder,15089,Building frame and related trades workers not elsewhere classified,15083,Building frame and related trades workers,15089,Building frame and related trades workers not elsewhere classified,,,,,,
esco_1_2_1,17960,demolition worker,15089,Building frame and related trades workers not elsewhere classified,15083,Building frame and related trades workers,15089,Building frame and related trades workers not elsewhere classified,,,,,,
esco_1_2_1,17121,manufactured wooden building assembler,15089,Building frame and related trades workers not elsewhere classified,15083,Building frame and related trades workers,15089,Building frame and related trades workers not elsewhere classified,,,,,,
esco_1_2_1,17392,steeplejack,15089,Building frame and related trades workers not elsewhere classified,15083,Building frame and related trades workers,15089,Building frame and related trades workers not elsewhere classified,,,,,,
esco_1_2_1,17024,tent installer,15089,Building frame and related trades workers not elsewhere classified,15083,Building frame and related trades workers,15089,Building frame and related trades workers not elsewhere classified,,,,,,
esco_1_2_1,15808,carpenter,15088,Carpenters and joiners,15083,Building frame and related trades workers,15088,Carpenters and joiners,,,,,,
esco_1_2_1,15424,door installer,15088,Carpenters and joiners,15083,Building frame and related trades workers,15088,Carpenters and joiners,,,,,,
esco_1_2_1,17691,fireplace installer,15088,Carpenters and joiners,15083,Building frame and related trades workers,15088,Carpenters and joiners,,,,,,
esco_1_2_1,15857,frame maker,15088,Carpenters and joiners,15083,Building frame and related trades workers,15088,Carpenters and joiners,,,,,,
esco_1_2_1,17577,kitchen unit installer,15088,Carpenters and joiners,15083,Building frame and related trades workers,15088,Carpenters and joiners,,,,,,
esco_1_2_1,15745,staircase installer,15088,Carpenters and joiners,15083,Building frame and related trades workers,15088,Carpenters and joiners,,,,,,
esco_1_2_1,15948,window installer,15088,Carpenters and joiners,15083,Building frame and related trades workers,15088,Carpenters and joiners,,,,,,
esco_1_2_1,17346,concrete finisher,15087,"Concrete placers, concrete finishers and related workers",15083,Building frame and related trades workers,15087,"Concrete placers, concrete finishers and related workers",,,,,,
esco_1_2_1,17303,terrazzo setter,15087,"Concrete placers, concrete finishers and related workers",15083,Building frame and related trades workers,15087,"Concrete placers, concrete finishers and related workers",,,,,,
esco_1_2_1,16400,house builder,15084,House builders,15083,Building frame and related trades workers,15084,House builders,,,,,,
esco_1_2_1,16350,stone engraver,15086,"Stonemasons, stone cutters, splitters and carvers",15083,Building frame and related trades workers,18179,stonemason,,,,,,
esco_1_2_1,18179,stonemason,15086,"Stonemasons, stone cutters, splitters and carvers",15083,Building frame and related trades workers,15086,"Stonemasons, stone cutters, splitters and carvers",,,,,,
esco_1_2_1,18195,advertising sales agent,14913,Business services agents not elsewhere classified,14908,Business services agents,14913,Business services agents not elsewhere classified,,,,,,
esco_1_2_1,18157,auctioneer,14913,Business services agents not elsewhere classified,14908,Business services agents,14913,Business services agents not elsewhere classified,,,,,,
esco_1_2_1,16412,intellectual property consultant,14913,Business services agents not elsewhere classified,14908,Business services agents,14913,Business services agents not elsewhere classified,,,,,,
esco_1_2_1,15708,promoter,14913,Business services agents not elsewhere classified,14908,Business services agents,14913,Business services agents not elsewhere classified,,,,,,
esco_1_2_1,15655,publishing rights manager,14913,Business services agents not elsewhere classified,14908,Business services agents,14913,Business services agents not elsewhere classified,,,,,,
esco_1_2_1,15688,relocation officer,14913,Business services agents not elsewhere classified,14908,Business services agents,14913,Business services agents not elsewhere classified,,,,,,
esco_1_2_1,17733,talent agent,14913,Business services agents not elsewhere classified,14908,Business services agents,14913,Business services agents not elsewhere classified,,,,,,
esco_1_2_1,16019,tourism contract negotiator,14913,Business services agents not elsewhere classified,14908,Business services agents,14913,Business services agents not elsewhere classified,,,,,,
esco_1_2_1,17286,customs and excise officer,14909,Clearing and forwarding agents,14908,Business services agents,14909,Clearing and forwarding agents,,,,,,
esco_1_2_1,15999,forwarding manager,14909,Clearing and forwarding agents,14908,Business services agents,14909,Clearing and forwarding agents,,,,,,
esco_1_2_1,16498,import export specialist,14909,Clearing and forwarding agents,14908,Business services agents,15999,forwarding manager,,,,,,
esco_1_2_1,17068,import export specialist in agricultural machinery and equipment,14909,Clearing and forwarding agents,14908,Business services agents,16498,import export specialist,,,,,,
esco_1_2_1,15915,"import export specialist in agricultural raw materials, seeds and animal feeds",14909,Clearing and forwarding agents,14908,Business services agents,16498,import export specialist,,,,,,
esco_1_2_1,16050,import export specialist in beverages,14909,Clearing and forwarding agents,14908,Business services agents,16498,import export specialist,,,,,,
esco_1_2_1,18077,import export specialist in chemical products,14909,Clearing and forwarding agents,14908,Business services agents,16498,import export specialist,,,,,,
esco_1_2_1,17951,import export specialist in china and other glassware,14909,Clearing and forwarding agents,14908,Business services agents,16498,import export specialist,,,,,,
esco_1_2_1,17362,import export specialist in clothing and footwear,14909,Clearing and forwarding agents,14908,Business services agents,16498,import export specialist,,,,,,
esco_1_2_1,18174,"import export specialist in coffee, tea, cocoa and spices",14909,Clearing and forwarding agents,14908,Business services agents,16498,import export specialist,,,,,,
esco_1_2_1,16920,"import export specialist in computers, peripheral equipment and software",14909,Clearing and forwarding agents,14908,Business services agents,16498,import export specialist,,,,,,
esco_1_2_1,18218,import export specialist in dairy products and edible oils,14909,Clearing and forwarding agents,14908,Business services agents,16498,import export specialist,,,,,,
esco_1_2_1,18058,import export specialist in electrical household appliances,14909,Clearing and forwarding agents,14908,Business services agents,16498,import export specialist,,,,,,
esco_1_2_1,17888,import export specialist in electronic and telecommunications equipment,14909,Clearing and forwarding agents,14908,Business services agents,16498,import export specialist,,,,,,
esco_1_2_1,17524,"import export specialist in fish, crustaceans and molluscs",14909,Clearing and forwarding agents,14908,Business services agents,16498,import export specialist,,,,,,
esco_1_2_1,16074,import export specialist in flowers and plants,14909,Clearing and forwarding agents,14908,Business services agents,16498,import export specialist,,,,,,
esco_1_2_1,16002,import export specialist in fruit and vegetables,14909,Clearing and forwarding agents,14908,Business services agents,16498,import export specialist,,,,,,
esco_1_2_1,17181,"import export specialist in furniture, carpets and lighting equipment",14909,Clearing and forwarding agents,14908,Business services agents,16498,import export specialist,,,,,,
esco_1_2_1,16020,"import export specialist in hardware, plumbing and heating equipment",14909,Clearing and forwarding agents,14908,Business services agents,16498,import export specialist,,,,,,
esco_1_2_1,18249,"import export specialist in hides, skins and leather products",14909,Clearing and forwarding agents,14908,Business services agents,16498,import export specialist,,,,,,
esco_1_2_1,16527,import export specialist in household goods,14909,Clearing and forwarding agents,14908,Business services agents,16498,import export specialist,,,,,,
esco_1_2_1,16875,import export specialist in live animals,14909,Clearing and forwarding agents,14908,Business services agents,16498,import export specialist,,,,,,
esco_1_2_1,18137,import export specialist in machine tools,14909,Clearing and forwarding agents,14908,Business services agents,16498,import export specialist,,,,,,
esco_1_2_1,17495,"import export specialist in machinery, industrial equipment, ships and aircraft",14909,Clearing and forwarding agents,14908,Business services agents,16498,import export specialist,,,,,,
esco_1_2_1,15928,import export specialist in meat and meat products,14909,Clearing and forwarding agents,14908,Business services agents,16498,import export specialist,,,,,,
esco_1_2_1,18054,import export specialist in metals and metal ores,14909,Clearing and forwarding agents,14908,Business services agents,16498,import export specialist,,,,,,
esco_1_2_1,17556,"import export specialist in mining, construction, civil engineering machinery",14909,Clearing and forwarding agents,14908,Business services agents,16498,import export specialist,,,,,,
esco_1_2_1,16504,import export specialist in office furniture,14909,Clearing and forwarding agents,14908,Business services agents,16498,import export specialist,,,,,,
esco_1_2_1,17650,import export specialist in office machinery and equipment,14909,Clearing and forwarding agents,14908,Business services agents,16498,import export specialist,,,,,,
esco_1_2_1,17962,import export specialist in perfume and cosmetics,14909,Clearing and forwarding agents,14908,Business services agents,16498,import export specialist,,,,,,
esco_1_2_1,17162,import export specialist in pharmaceutical goods,14909,Clearing and forwarding agents,14908,Business services agents,16498,import export specialist,,,,,,
esco_1_2_1,16702,"import export specialist in sugar, chocolate and sugar confectionery",14909,Clearing and forwarding agents,14908,Business services agents,16498,import export specialist,,,,,,
esco_1_2_1,18172,import export specialist in textile industry machinery,14909,Clearing and forwarding agents,14908,Business services agents,16498,import export specialist,,,,,,
esco_1_2_1,18008,import export specialist in textiles and textile semi-finished and raw materials,14909,Clearing and forwarding agents,14908,Business services agents,16498,import export specialist,,,,,,
esco_1_2_1,17915,import export specialist in tobacco products,14909,Clearing and forwarding agents,14908,Business services agents,16498,import export specialist,,,,,,
esco_1_2_1,17857,import export specialist in waste and scrap,14909,Clearing and forwarding agents,14908,Business services agents,16498,import export specialist,,,,,,
esco_1_2_1,16981,import export specialist in watches and jewellery,14909,Clearing and forwarding agents,14908,Business services agents,16498,import export specialist,,,,,,
esco_1_2_1,15913,import export specialist in wood and construction materials,14909,Clearing and forwarding agents,14908,Business services agents,16498,import export specialist,,,,,,
esco_1_2_1,16355,international forwarding operations coordinator,14909,Clearing and forwarding agents,14908,Business services agents,14909,Clearing and forwarding agents,,,,,,
esco_1_2_1,17015,shipping agent,14909,Clearing and forwarding agents,14908,Business services agents,15999,forwarding manager,,,,,,
esco_1_2_1,16928,event assistant,14910,Conference and event planners,14908,Business services agents,14910,Conference and event planners,,,,,,
esco_1_2_1,15620,event manager,14910,Conference and event planners,14908,Business services agents,14910,Conference and event planners,,,,,,
esco_1_2_1,17614,venue director,14910,Conference and event planners,14908,Business services agents,15620,event manager,,,,,,
esco_1_2_1,15955,venue programmer,14910,Conference and event planners,14908,Business services agents,14910,Conference and event planners,,,,,,
esco_1_2_1,16557,wedding planner,14910,Conference and event planners,14908,Business services agents,15620,event manager,,,,,,
esco_1_2_1,16107,employment agent,14911,Employment agents and contractors,14908,Business services agents,14911,Employment agents and contractors,,,,,,
esco_1_2_1,17961,housing manager,14912,Real estate agents and property managers,14908,Business services agents,14912,Real estate agents and property managers,,,,,,
esco_1_2_1,17841,letting agent,14912,Real estate agents and property managers,14908,Business services agents,17049,real estate agent,,,,,,
esco_1_2_1,17542,property acquisitions manager,14912,Real estate agents and property managers,14908,Business services agents,14912,Real estate agents and property managers,,,,,,
esco_1_2_1,17049,real estate agent,14912,Real estate agents and property managers,14908,Business services agents,14912,Real estate agents and property managers,,,,,,
esco_1_2_1,16850,real estate investor,14912,Real estate agents and property managers,14908,Business services agents,17049,real estate agent,,,,,,
esco_1_2_1,17809,real estate leasing manager,14912,Real estate agents and property managers,14908,Business services agents,14912,Real estate agents and property managers,,,,,,
esco_1_2_1,15474,real estate manager,14912,Real estate agents and property managers,14908,Business services agents,14912,Real estate agents and property managers,,,,,,
esco_1_2_1,17482,title closer,14912,Real estate agents and property managers,14908,Business services agents,17542,property acquisitions manager,,,,,,
esco_1_2_1,16037,business service manager,14681,Business services and administration managers not elsewhere classified,14677,Business services and administration managers,14681,Business services and administration managers not elsewhere classified,,,,,,
esco_1_2_1,16891,chemical plant manager,14681,Business services and administration managers not elsewhere classified,14677,Business services and administration managers,16574,manufacturing facility manager,,,,,,
esco_1_2_1,15523,corporate social responsibility manager,14681,Business services and administration managers not elsewhere classified,14677,Business services and administration managers,14681,Business services and administration managers not elsewhere classified,,,,,,
esco_1_2_1,17002,defence administration officer,14681,Business services and administration managers not elsewhere classified,14677,Business services and administration managers,14681,Business services and administration managers not elsewhere classified,,,,,,
esco_1_2_1,17107,department manager,14681,Business services and administration managers not elsewhere classified,14677,Business services and administration managers,14681,Business services and administration managers not elsewhere classified,,,,,,
esco_1_2_1,17481,facilities manager,14681,Business services and administration managers not elsewhere classified,14677,Business services and administration managers,16037,business service manager,,,,,,
esco_1_2_1,15347,foundry manager,14681,Business services and administration managers not elsewhere classified,14677,Business services and administration managers,16574,manufacturing facility manager,,,,,,
esco_1_2_1,16574,manufacturing facility manager,14681,Business services and administration managers not elsewhere classified,14677,Business services and administration managers,14681,Business services and administration managers not elsewhere classified,,,,,,
esco_1_2_1,17769,power plant manager,14681,Business services and administration managers not elsewhere classified,14677,Business services and administration managers,16574,manufacturing facility manager,,,,,,
esco_1_2_1,17618,project manager,14681,Business services and administration managers not elsewhere classified,14677,Business services and administration managers,14681,Business services and administration managers not elsewhere classified,,,,,,
esco_1_2_1,15495,quality services manager,14681,Business services and administration managers not elsewhere classified,14677,Business services and administration managers,14681,Business services and administration managers not elsewhere classified,,,,,,
esco_1_2_1,18076,security manager,14681,Business services and administration managers not elsewhere classified,14677,Business services and administration managers,16037,business service manager,,,,,,
esco_1_2_1,16329,water treatment plant manager,14681,Business services and administration managers not elsewhere classified,14677,Business services and administration managers,16574,manufacturing facility manager,,,,,,
esco_1_2_1,17507,wood factory manager,14681,Business services and administration managers not elsewhere classified,14677,Business services and administration managers,16574,manufacturing facility manager,,,,,,
esco_1_2_1,15346,accounting manager,14678,Finance managers,14677,Business services and administration managers,15903,financial manager,,,,,,
esco_1_2_1,17512,bank treasurer,14678,Finance managers,14677,Business services and administration managers,15903,financial manager,,,,,,
esco_1_2_1,16131,budget manager,14678,Finance managers,14677,Business services and administration managers,15903,financial manager,,,,,,
esco_1_2_1,16063,corporate treasurer,14678,Finance managers,14677,Business services and administration managers,15903,financial manager,,,,,,
esco_1_2_1,15903,financial manager,14678,Finance managers,14677,Business services and administration managers,14678,Finance managers,,,,,,
esco_1_2_1,17252,corporate training manager,14679,Human resource managers,14677,Business services and administration managers,14679,Human resource managers,,,,,,
esco_1_2_1,17134,employee volunteering programme coordinator,14679,Human resource managers,14677,Business services and administration managers,14679,Human resource managers,,,,,,
esco_1_2_1,17101,equality and inclusion manager,14679,Human resource managers,14677,Business services and administration managers,18206,human resources manager,,,,,,
esco_1_2_1,18206,human resources manager,14679,Human resource managers,14677,Business services and administration managers,14679,Human resource managers,,,,,,
esco_1_2_1,17324,talent acquisition manager,14679,Human resource managers,14677,Business services and administration managers,14679,Human resource managers,,,,,,
esco_1_2_1,16056,volunteer manager,14679,Human resource managers,14677,Business services and administration managers,14679,Human resource managers,,,,,,
esco_1_2_1,15394,branch manager,14680,Policy and planning managers,14677,Business services and administration managers,16328,business manager,,,,,,
esco_1_2_1,16328,business manager,14680,Policy and planning managers,14677,Business services and administration managers,14680,Policy and planning managers,,,,,,
esco_1_2_1,17453,director of compliance and information security,14680,Policy and planning managers,14677,Business services and administration managers,14680,Policy and planning managers,,,,,,
esco_1_2_1,16803,director of compliance and information security in gambling,14680,Policy and planning managers,14677,Business services and administration managers,17453,director of compliance and information security,,,,,,
esco_1_2_1,15641,EU funds manager,14680,Policy and planning managers,14677,Business services and administration managers,14680,Policy and planning managers,,,,,,
esco_1_2_1,16376,health safety and environmental manager,14680,Policy and planning managers,14677,Business services and administration managers,14680,Policy and planning managers,,,,,,
esco_1_2_1,16534,policy manager,14680,Policy and planning managers,14677,Business services and administration managers,14680,Policy and planning managers,,,,,,
esco_1_2_1,17072,procurement department manager,14680,Policy and planning managers,14677,Business services and administration managers,14680,Policy and planning managers,,,,,,
esco_1_2_1,17749,programme manager,14680,Policy and planning managers,14677,Business services and administration managers,14680,Policy and planning managers,,,,,,
esco_1_2_1,17816,social security administrator,14680,Policy and planning managers,14677,Business services and administration managers,16534,policy manager,,,,,,
esco_1_2_1,16267,strategic planning manager,14680,Policy and planning managers,14677,Business services and administration managers,16534,policy manager,,,,,,
esco_1_2_1,15850,sustainability manager,14680,Policy and planning managers,14677,Business services and administration managers,14680,Policy and planning managers,,,,,,
esco_1_2_1,18011,tourism policy director,14680,Policy and planning managers,14677,Business services and administration managers,16534,policy manager,,,,,,
esco_1_2_1,17038,armoured car driver,15214,"Car, taxi and van drivers",15212,"Car, van and motorcycle drivers",15214,"Car, taxi and van drivers",,,,,,
esco_1_2_1,15434,car and van delivery driver,15214,"Car, taxi and van drivers",15212,"Car, van and motorcycle drivers",15214,"Car, taxi and van drivers",,,,,,
esco_1_2_1,17419,hearse driver,15214,"Car, taxi and van drivers",15212,"Car, van and motorcycle drivers",15214,"Car, taxi and van drivers",,,,,,
esco_1_2_1,16966,parking valet,15214,"Car, taxi and van drivers",15212,"Car, van and motorcycle drivers",15214,"Car, taxi and van drivers",,,,,,
esco_1_2_1,17148,patient transport services driver,15214,"Car, taxi and van drivers",15212,"Car, van and motorcycle drivers",15214,"Car, taxi and van drivers",,,,,,
esco_1_2_1,18057,private chauffeur,15214,"Car, taxi and van drivers",15212,"Car, van and motorcycle drivers",15214,"Car, taxi and van drivers",,,,,,
esco_1_2_1,16657,taxi driver,15214,"Car, taxi and van drivers",15212,"Car, van and motorcycle drivers",15214,"Car, taxi and van drivers",,,,,,
esco_1_2_1,17506,motorcycle delivery person,15213,Motorcycle drivers,15212,"Car, van and motorcycle drivers",15213,Motorcycle drivers,,,,,,
esco_1_2_1,15831,cashier,15026,Cashiers and ticket clerks,15025,Cashiers and ticket clerks,15026,Cashiers and ticket clerks,,,,,,
esco_1_2_1,16075,lottery cashier,15026,Cashiers and ticket clerks,15025,Cashiers and ticket clerks,15026,Cashiers and ticket clerks,,,,,,
esco_1_2_1,16490,ticket issuing clerk,15026,Cashiers and ticket clerks,15025,Cashiers and ticket clerks,15026,Cashiers and ticket clerks,,,,,,
esco_1_2_1,15761,anaerobic digestion plant operator,15178,Chemical products plant and machine operators,15177,Chemical and photographic products plant and machine operators,15178,Chemical products plant and machine operators,,,,,,
esco_1_2_1,16778,capsule filling machine operator,15178,Chemical products plant and machine operators,15177,Chemical and photographic products plant and machine operators,15178,Chemical products plant and machine operators,,,,,,
esco_1_2_1,16421,chemical mixer,15178,Chemical products plant and machine operators,15177,Chemical and photographic products plant and machine operators,15178,Chemical products plant and machine operators,,,,,,
esco_1_2_1,17056,coking furnace operator,15178,Chemical products plant and machine operators,15177,Chemical and photographic products plant and machine operators,15178,Chemical products plant and machine operators,,,,,,
esco_1_2_1,18314,cosmetics production machine operator,15178,Chemical products plant and machine operators,15177,Chemical and photographic products plant and machine operators,15178,Chemical products plant and machine operators,,,,,,
esco_1_2_1,15904,distillation operator,15178,Chemical products plant and machine operators,15177,Chemical and photographic products plant and machine operators,15178,Chemical products plant and machine operators,,,,,,
esco_1_2_1,17849,fermenter operator,15178,Chemical products plant and machine operators,15177,Chemical and photographic products plant and machine operators,15178,Chemical products plant and machine operators,,,,,,
esco_1_2_1,16894,fertiliser mixer,15178,Chemical products plant and machine operators,15177,Chemical and photographic products plant and machine operators,16421,chemical mixer,,,,,,
esco_1_2_1,15707,gauger,15178,Chemical products plant and machine operators,15177,Chemical and photographic products plant and machine operators,15178,Chemical products plant and machine operators,,,,,,
esco_1_2_1,15455,granulator machine operator,15178,Chemical products plant and machine operators,15177,Chemical and photographic products plant and machine operators,15178,Chemical products plant and machine operators,,,,,,
esco_1_2_1,15725,lacquer maker,15178,Chemical products plant and machine operators,15177,Chemical and photographic products plant and machine operators,16421,chemical mixer,,,,,,
esco_1_2_1,15447,lime kiln operator,15178,Chemical products plant and machine operators,15177,Chemical and photographic products plant and machine operators,15178,Chemical products plant and machine operators,,,,,,
esco_1_2_1,16825,mine control room operator,15178,Chemical products plant and machine operators,15177,Chemical and photographic products plant and machine operators,15178,Chemical products plant and machine operators,,,,,,
esco_1_2_1,15901,nitrator operator,15178,Chemical products plant and machine operators,15177,Chemical and photographic products plant and machine operators,15178,Chemical products plant and machine operators,,,,,,
esco_1_2_1,17629,nitroglycerin neutraliser,15178,Chemical products plant and machine operators,15177,Chemical and photographic products plant and machine operators,15178,Chemical products plant and machine operators,,,,,,
esco_1_2_1,15304,nitroglycerin separator operator,15178,Chemical products plant and machine operators,15177,Chemical and photographic products plant and machine operators,15178,Chemical products plant and machine operators,,,,,,
esco_1_2_1,15297,nonwoven filament machine operator,15178,Chemical products plant and machine operators,15177,Chemical and photographic products plant and machine operators,15178,Chemical products plant and machine operators,,,,,,
esco_1_2_1,17003,paint mixer,15178,Chemical products plant and machine operators,15177,Chemical and photographic products plant and machine operators,16421,chemical mixer,,,,,,
esco_1_2_1,17880,perfume production machine operator,15178,Chemical products plant and machine operators,15177,Chemical and photographic products plant and machine operators,15178,Chemical products plant and machine operators,,,,,,
esco_1_2_1,15555,pesticide mixer,15178,Chemical products plant and machine operators,15177,Chemical and photographic products plant and machine operators,16421,chemical mixer,,,,,,
esco_1_2_1,17747,pill maker operator,15178,Chemical products plant and machine operators,15177,Chemical and photographic products plant and machine operators,15178,Chemical products plant and machine operators,,,,,,
esco_1_2_1,16013,plodder operator,15178,Chemical products plant and machine operators,15177,Chemical and photographic products plant and machine operators,15178,Chemical products plant and machine operators,,,,,,
esco_1_2_1,15597,pyrotechnics drying room attendant,15178,Chemical products plant and machine operators,15177,Chemical and photographic products plant and machine operators,15178,Chemical products plant and machine operators,,,,,,
esco_1_2_1,15800,soap chipper,15178,Chemical products plant and machine operators,15177,Chemical and photographic products plant and machine operators,16005,soap maker,,,,,,
esco_1_2_1,15941,soap drier operator,15178,Chemical products plant and machine operators,15177,Chemical and photographic products plant and machine operators,16005,soap maker,,,,,,
esco_1_2_1,16005,soap maker,15178,Chemical products plant and machine operators,15177,Chemical and photographic products plant and machine operators,15178,Chemical products plant and machine operators,,,,,,
esco_1_2_1,17725,soap tower operator,15178,Chemical products plant and machine operators,15177,Chemical and photographic products plant and machine operators,15178,Chemical products plant and machine operators,,,,,,
esco_1_2_1,18125,tracer powder blender,15178,Chemical products plant and machine operators,15177,Chemical and photographic products plant and machine operators,16421,chemical mixer,,,,,,
esco_1_2_1,17719,varnish maker,15178,Chemical products plant and machine operators,15177,Chemical and photographic products plant and machine operators,16421,chemical mixer,,,,,,
esco_1_2_1,17930,wax bleacher,15178,Chemical products plant and machine operators,15177,Chemical and photographic products plant and machine operators,15178,Chemical products plant and machine operators,,,,,,
esco_1_2_1,17491,motion picture film developer,15179,Photographic products machine operators,15177,Chemical and photographic products plant and machine operators,15179,Photographic products machine operators,,,,,,
esco_1_2_1,16678,photographic developer,15179,Photographic products machine operators,15177,Chemical and photographic products plant and machine operators,15179,Photographic products machine operators,,,,,,
esco_1_2_1,18160,au pair,15037,Child care workers,15036,Child care workers and teachers’ aides,15934,child care worker,,,,,,
esco_1_2_1,17692,babysitter,15037,Child care workers,15036,Child care workers and teachers’ aides,15934,child care worker,,,,,,
esco_1_2_1,15934,child care worker,15037,Child care workers,15036,Child care workers and teachers’ aides,15037,Child care workers,,,,,,
esco_1_2_1,16080,child day care worker,15037,Child care workers,15036,Child care workers and teachers’ aides,15934,child care worker,,,,,,
esco_1_2_1,15408,nanny,15037,Child care workers,15036,Child care workers and teachers’ aides,15934,child care worker,,,,,,
esco_1_2_1,16789,school bus attendant,15037,Child care workers,15036,Child care workers and teachers’ aides,15037,Child care workers,,,,,,
esco_1_2_1,16238,early years teaching assistant,15038,Teachers’ aides,15036,Child care workers and teachers’ aides,15038,Teachers’ aides,,,,,,
esco_1_2_1,15283,primary school teaching assistant,15038,Teachers’ aides,15036,Child care workers and teachers’ aides,15038,Teachers’ aides,,,,,,
esco_1_2_1,16796,secondary school teaching assistant,15038,Teachers’ aides,15036,Child care workers and teachers’ aides,15038,Teachers’ aides,,,,,,
esco_1_2_1,15668,special educational needs assistant,15038,Teachers’ aides,15036,Child care workers and teachers’ aides,15038,Teachers’ aides,,,,,,
esco_1_2_1,15618,hotel concierge,14973,Client information workers not elsewhere classified,14965,Client information workers,14973,Client information workers not elsewhere classified,,,,,,
esco_1_2_1,17528,customer contact centre information clerk,14967,Contact centre information clerks,14965,Client information workers,14967,Contact centre information clerks,,,,,,
esco_1_2_1,18303,live chat operator,14967,Contact centre information clerks,14965,Client information workers,17528,customer contact centre information clerk,,,,,,
esco_1_2_1,15531,customer service representative,14970,Enquiry clerks,14965,Client information workers,14970,Enquiry clerks,,,,,,
esco_1_2_1,17078,camping ground operative,14969,Hotel receptionists,14965,Client information workers,16895,hospitality establishment receptionist,,,,,,
esco_1_2_1,16895,hospitality establishment receptionist,14969,Hotel receptionists,14965,Client information workers,14969,Hotel receptionists,,,,,,
esco_1_2_1,16648,night auditor,14969,Hotel receptionists,14965,Client information workers,14969,Hotel receptionists,,,,,,
esco_1_2_1,15937,front line medical receptionist,14971,Receptionists (general),14965,Client information workers,18222,receptionist,,,,,,
esco_1_2_1,18222,receptionist,14971,Receptionists (general),14965,Client information workers,14971,Receptionists (general),,,,,,
esco_1_2_1,18142,veterinary receptionist,14971,Receptionists (general),14965,Client information workers,18222,receptionist,,,,,,
esco_1_2_1,16780,market research interviewer,14972,Survey and market research interviewers,14965,Client information workers,14972,Survey and market research interviewers,,,,,,
esco_1_2_1,17261,survey enumerator,14972,Survey and market research interviewers,14965,Client information workers,14972,Survey and market research interviewers,,,,,,
esco_1_2_1,16578,emergency medical dispatcher,14968,Telephone switchboard operators,14965,Client information workers,15430,telephone switchboard operator,,,,,,
esco_1_2_1,15430,telephone switchboard operator,14968,Telephone switchboard operators,14965,Client information workers,14968,Telephone switchboard operators,,,,,,
esco_1_2_1,16675,ground steward/ground stewardess,14966,Travel consultants and clerks,14965,Client information workers,14966,Travel consultants and clerks,,,,,,
esco_1_2_1,17313,host/hostess,14966,Travel consultants and clerks,14965,Client information workers,14966,Travel consultants and clerks,,,,,,
esco_1_2_1,17191,railway sales agent,14966,Travel consultants and clerks,14965,Client information workers,17606,ticket sales agent,,,,,,
esco_1_2_1,17606,ticket sales agent,14966,Travel consultants and clerks,14965,Client information workers,14966,Travel consultants and clerks,,,,,,
esco_1_2_1,17503,tour operator representative,14966,Travel consultants and clerks,14965,Client information workers,14966,Travel consultants and clerks,,,,,,
esco_1_2_1,16425,tour organiser,14966,Travel consultants and clerks,14965,Client information workers,14966,Travel consultants and clerks,,,,,,
esco_1_2_1,17202,tourist information officer,14966,Travel consultants and clerks,14965,Client information workers,14966,Travel consultants and clerks,,,,,,
esco_1_2_1,16798,travel agent,14966,Travel consultants and clerks,14965,Client information workers,14966,Travel consultants and clerks,,,,,,
esco_1_2_1,15796,travel consultant,14966,Travel consultants and clerks,14965,Client information workers,14966,Travel consultants and clerks,,,,,,
esco_1_2_1,18166,air force officer,14660,Commissioned armed forces officers,14659,Commissioned armed forces officers,14660,Commissioned armed forces officers,,,,,,
esco_1_2_1,17712,armed forces officer,14660,Commissioned armed forces officers,14659,Commissioned armed forces officers,14660,Commissioned armed forces officers,,,,,,
esco_1_2_1,17208,army captain,14660,Commissioned armed forces officers,14659,Commissioned armed forces officers,14660,Commissioned armed forces officers,,,,,,
esco_1_2_1,17715,army general,14660,Commissioned armed forces officers,14659,Commissioned armed forces officers,14660,Commissioned armed forces officers,,,,,,
esco_1_2_1,18031,army major,14660,Commissioned armed forces officers,14659,Commissioned armed forces officers,14660,Commissioned armed forces officers,,,,,,
esco_1_2_1,16749,artillery officer,14660,Commissioned armed forces officers,14659,Commissioned armed forces officers,14660,Commissioned armed forces officers,,,,,,
esco_1_2_1,17572,brigadier,14660,Commissioned armed forces officers,14659,Commissioned armed forces officers,14660,Commissioned armed forces officers,,,,,,
esco_1_2_1,17532,colonel,14660,Commissioned armed forces officers,14659,Commissioned armed forces officers,14660,Commissioned armed forces officers,,,,,,
esco_1_2_1,15421,fleet commander,14660,Commissioned armed forces officers,14659,Commissioned armed forces officers,14660,Commissioned armed forces officers,,,,,,
esco_1_2_1,17457,lieutenant,14660,Commissioned armed forces officers,14659,Commissioned armed forces officers,14660,Commissioned armed forces officers,,,,,,
esco_1_2_1,15768,navy officer,14660,Commissioned armed forces officers,14659,Commissioned armed forces officers,14660,Commissioned armed forces officers,,,,,,
esco_1_2_1,18028,squadron leader,14660,Commissioned armed forces officers,14659,Commissioned armed forces officers,14660,Commissioned armed forces officers,,,,,,
esco_1_2_1,17065,cook,14999,Cooks,14998,Cooks,14999,Cooks,,,,,,
esco_1_2_1,17196,diet cook,14999,Cooks,14998,Cooks,17065,cook,,,,,,
esco_1_2_1,17554,fish cook,14999,Cooks,14998,Cooks,17065,cook,,,,,,
esco_1_2_1,17570,grill cook,14999,Cooks,14998,Cooks,17065,cook,,,,,,
esco_1_2_1,15508,industrial cook,14999,Cooks,14998,Cooks,17065,cook,,,,,,
esco_1_2_1,15766,actor/actress,14837,Actors,14832,Creative and performing artists,14837,Actors,,,,,,
esco_1_2_1,18068,voice-over artist,14837,Actors,14832,Creative and performing artists,15766,actor/actress,,,,,,
esco_1_2_1,15456,audio describer,14838,"Announcers on radio, television and other media",14832,Creative and performing artists,14838,"Announcers on radio, television and other media",,,,,,
esco_1_2_1,16923,news anchor,14838,"Announcers on radio, television and other media",14832,Creative and performing artists,14838,"Announcers on radio, television and other media",,,,,,
esco_1_2_1,15403,presenter,14838,"Announcers on radio, television and other media",14832,Creative and performing artists,14838,"Announcers on radio, television and other media",,,,,,
esco_1_2_1,15717,circus artist,14839,Creative and performing artists not elsewhere classified,14832,Creative and performing artists,17319,performance artist,,,,,,
esco_1_2_1,16262,community artist,14839,Creative and performing artists not elsewhere classified,14832,Creative and performing artists,14839,Creative and performing artists not elsewhere classified,,,,,,
esco_1_2_1,17319,performance artist,14839,Creative and performing artists not elsewhere classified,14832,Creative and performing artists,14839,Creative and performing artists not elsewhere classified,,,,,,
esco_1_2_1,15789,puppeteer,14839,Creative and performing artists not elsewhere classified,14832,Creative and performing artists,17319,performance artist,,,,,,
esco_1_2_1,17597,stand-up comedian,14839,Creative and performing artists not elsewhere classified,14832,Creative and performing artists,17319,performance artist,,,,,,
esco_1_2_1,15388,street artist,14839,Creative and performing artists not elsewhere classified,14832,Creative and performing artists,14839,Creative and performing artists not elsewhere classified,,,,,,
esco_1_2_1,16500,street performer,14839,Creative and performing artists not elsewhere classified,14832,Creative and performing artists,17319,performance artist,,,,,,
esco_1_2_1,17028,tourist animator,14839,Creative and performing artists not elsewhere classified,14832,Creative and performing artists,14839,Creative and performing artists not elsewhere classified,,,,,,
esco_1_2_1,16754,variety artist,14839,Creative and performing artists not elsewhere classified,14832,Creative and performing artists,17319,performance artist,,,,,,
esco_1_2_1,15585,choreographer,14835,Dancers and choreographers,14832,Creative and performing artists,14835,Dancers and choreographers,,,,,,
esco_1_2_1,17718,choreologist,14835,Dancers and choreographers,14832,Creative and performing artists,15585,choreographer,,,,,,
esco_1_2_1,15371,dance répétiteur,14835,Dancers and choreographers,14832,Creative and performing artists,15585,choreographer,,,,,,
esco_1_2_1,15380,dancer,14835,Dancers and choreographers,14832,Creative and performing artists,14835,Dancers and choreographers,,,,,,
esco_1_2_1,15898,animation director,14836,"Film, stage and related directors and producers",14832,Creative and performing artists,17774,art director,,,,,,
esco_1_2_1,15428,art administrator,14836,"Film, stage and related directors and producers",14832,Creative and performing artists,17774,art director,,,,,,
esco_1_2_1,17774,art director,14836,"Film, stage and related directors and producers",14832,Creative and performing artists,14836,"Film, stage and related directors and producers",,,,,,
esco_1_2_1,16266,casting director,14836,"Film, stage and related directors and producers",14832,Creative and performing artists,17774,art director,,,,,,
esco_1_2_1,16611,director of photography,14836,"Film, stage and related directors and producers",14832,Creative and performing artists,17774,art director,,,,,,
esco_1_2_1,16476,music producer,14836,"Film, stage and related directors and producers",14832,Creative and performing artists,16306,producer,,,,,,
esco_1_2_1,15876,performance lighting director,14836,"Film, stage and related directors and producers",14832,Creative and performing artists,17774,art director,,,,,,
esco_1_2_1,18132,podcast producer,14836,"Film, stage and related directors and producers",14832,Creative and performing artists,16306,producer,,,,,,
esco_1_2_1,16354,post-production supervisor,14836,"Film, stage and related directors and producers",14832,Creative and performing artists,14836,"Film, stage and related directors and producers",,,,,,
esco_1_2_1,16306,producer,14836,"Film, stage and related directors and producers",14832,Creative and performing artists,14836,"Film, stage and related directors and producers",,,,,,
esco_1_2_1,16240,production designer,14836,"Film, stage and related directors and producers",14832,Creative and performing artists,17774,art director,,,,,,
esco_1_2_1,17801,radio producer,14836,"Film, stage and related directors and producers",14832,Creative and performing artists,14836,"Film, stage and related directors and producers",,,,,,
esco_1_2_1,16995,stage director,14836,"Film, stage and related directors and producers",14832,Creative and performing artists,17774,art director,,,,,,
esco_1_2_1,15276,technical director,14836,"Film, stage and related directors and producers",14832,Creative and performing artists,17774,art director,,,,,,
esco_1_2_1,15608,video and motion picture director,14836,"Film, stage and related directors and producers",14832,Creative and performing artists,17774,art director,,,,,,
esco_1_2_1,17391,video and motion picture editor,14836,"Film, stage and related directors and producers",14832,Creative and performing artists,14836,"Film, stage and related directors and producers",,,,,,
esco_1_2_1,16030,video and motion picture producer,14836,"Film, stage and related directors and producers",14832,Creative and performing artists,16306,producer,,,,,,
esco_1_2_1,17813,choirmaster/choirmistress,14834,"Musicians, singers and composers",14832,Creative and performing artists,15461,musical conductor,,,,,,
esco_1_2_1,16844,composer,14834,"Musicians, singers and composers",14832,Creative and performing artists,14834,"Musicians, singers and composers",,,,,,
esco_1_2_1,15649,disc jockey,14834,"Musicians, singers and composers",14832,Creative and performing artists,14834,"Musicians, singers and composers",,,,,,
esco_1_2_1,16134,music arranger,14834,"Musicians, singers and composers",14832,Creative and performing artists,16844,composer,,,,,,
esco_1_2_1,15532,music director,14834,"Musicians, singers and composers",14832,Creative and performing artists,14834,"Musicians, singers and composers",,,,,,
esco_1_2_1,15461,musical conductor,14834,"Musicians, singers and composers",14832,Creative and performing artists,18210,musician,,,,,,
esco_1_2_1,18210,musician,14834,"Musicians, singers and composers",14832,Creative and performing artists,14834,"Musicians, singers and composers",,,,,,
esco_1_2_1,17840,répétiteur,14834,"Musicians, singers and composers",14832,Creative and performing artists,14834,"Musicians, singers and composers",,,,,,
esco_1_2_1,16543,singer,14834,"Musicians, singers and composers",14832,Creative and performing artists,18210,musician,,,,,,
esco_1_2_1,17802,sound artist,14834,"Musicians, singers and composers",14832,Creative and performing artists,14834,"Musicians, singers and composers",,,,,,
esco_1_2_1,15402,art restorer,14833,Visual artists,14832,Creative and performing artists,14833,Visual artists,,,,,,
esco_1_2_1,15975,artistic painter,14833,Visual artists,14832,Creative and performing artists,14833,Visual artists,,,,,,
esco_1_2_1,18114,cartoonist,14833,Visual artists,14832,Creative and performing artists,14833,Visual artists,,,,,,
esco_1_2_1,18107,ceramicist,14833,Visual artists,14832,Creative and performing artists,14833,Visual artists,,,,,,
esco_1_2_1,17128,conceptual artist,14833,Visual artists,14832,Creative and performing artists,14833,Visual artists,,,,,,
esco_1_2_1,16112,drawing artist,14833,Visual artists,14832,Creative and performing artists,14833,Visual artists,,,,,,
esco_1_2_1,17466,glass artist,14833,Visual artists,14832,Creative and performing artists,14833,Visual artists,,,,,,
esco_1_2_1,16868,printmaker,14833,Visual artists,14832,Creative and performing artists,14833,Visual artists,,,,,,
esco_1_2_1,17106,sculptor,14833,Visual artists,14832,Creative and performing artists,14833,Visual artists,,,,,,
esco_1_2_1,17411,storyboard artist,14833,Visual artists,14832,Creative and performing artists,14833,Visual artists,,,,,,
esco_1_2_1,16818,video artist,14833,Visual artists,14832,Creative and performing artists,14833,Visual artists,,,,,,
esco_1_2_1,16136,ICT capacity planner,14811,Computer network professionals,14808,Database and network professionals,14811,Computer network professionals,,,,,,
esco_1_2_1,17990,ICT network architect,14811,Computer network professionals,14808,Database and network professionals,14811,Computer network professionals,,,,,,
esco_1_2_1,17810,ICT network engineer,14811,Computer network professionals,14808,Database and network professionals,14811,Computer network professionals,,,,,,
esco_1_2_1,15781,chief ICT security officer,14812,Database and network professionals not elsewhere classified,14808,Database and network professionals,14812,Database and network professionals not elsewhere classified,,,,,,
esco_1_2_1,15442,cyber incident responder,14812,Database and network professionals not elsewhere classified,14808,Database and network professionals,14812,Database and network professionals not elsewhere classified,,,,,,
esco_1_2_1,16766,cybersecurity risk manager,14812,Database and network professionals not elsewhere classified,14808,Database and network professionals,14812,Database and network professionals not elsewhere classified,,,,,,
esco_1_2_1,15435,digital forensics expert,14812,Database and network professionals not elsewhere classified,14808,Database and network professionals,14812,Database and network professionals not elsewhere classified,,,,,,
esco_1_2_1,15639,embedded systems security engineer,14812,Database and network professionals not elsewhere classified,14808,Database and network professionals,14812,Database and network professionals not elsewhere classified,,,,,,
esco_1_2_1,16755,ethical hacker,14812,Database and network professionals not elsewhere classified,14808,Database and network professionals,14812,Database and network professionals not elsewhere classified,,,,,,
esco_1_2_1,17352,ICT resilience manager,14812,Database and network professionals not elsewhere classified,14808,Database and network professionals,14812,Database and network professionals not elsewhere classified,,,,,,
esco_1_2_1,15339,ICT security administrator,14812,Database and network professionals not elsewhere classified,14808,Database and network professionals,14812,Database and network professionals not elsewhere classified,,,,,,
esco_1_2_1,16886,knowledge engineer,14812,Database and network professionals not elsewhere classified,14808,Database and network professionals,14812,Database and network professionals not elsewhere classified,,,,,,
esco_1_2_1,15546,data warehouse designer,14809,Database designers and administrators,14808,Database and network professionals,14809,Database designers and administrators,,,,,,
esco_1_2_1,17023,database administrator,14809,Database designers and administrators,14808,Database and network professionals,14809,Database designers and administrators,,,,,,
esco_1_2_1,17042,database designer,14809,Database designers and administrators,14808,Database and network professionals,14809,Database designers and administrators,,,,,,
esco_1_2_1,17445,database developer,14809,Database designers and administrators,14808,Database and network professionals,14809,Database designers and administrators,,,,,,
esco_1_2_1,16049,database integrator,14809,Database designers and administrators,14808,Database and network professionals,14809,Database designers and administrators,,,,,,
esco_1_2_1,16888,ICT network administrator,14810,Systems administrators,14808,Database and network professionals,17225,ICT system administrator,,,,,,
esco_1_2_1,17225,ICT system administrator,14810,Systems administrators,14808,Database and network professionals,14810,Systems administrators,,,,,,
esco_1_2_1,17166,system configurator,14810,Systems administrators,14808,Database and network professionals,17225,ICT system administrator,,,,,,
esco_1_2_1,16592,aircraft groomer,15229,"Cleaners and helpers in offices, hotels and other establishments",15227,"Domestic, hotel and office cleaners and helpers",15229,"Cleaners and helpers in offices, hotels and other establishments",,,,,,
esco_1_2_1,15891,building cleaner,15229,"Cleaners and helpers in offices, hotels and other establishments",15227,"Domestic, hotel and office cleaners and helpers",15229,"Cleaners and helpers in offices, hotels and other establishments",,,,,,
esco_1_2_1,15730,furniture cleaner,15229,"Cleaners and helpers in offices, hotels and other establishments",15227,"Domestic, hotel and office cleaners and helpers",15229,"Cleaners and helpers in offices, hotels and other establishments",,,,,,
esco_1_2_1,16705,room attendant,15229,"Cleaners and helpers in offices, hotels and other establishments",15227,"Domestic, hotel and office cleaners and helpers",15229,"Cleaners and helpers in offices, hotels and other establishments",,,,,,
esco_1_2_1,15610,toilet attendant,15229,"Cleaners and helpers in offices, hotels and other establishments",15227,"Domestic, hotel and office cleaners and helpers",15229,"Cleaners and helpers in offices, hotels and other establishments",,,,,,
esco_1_2_1,17773,train cleaner,15229,"Cleaners and helpers in offices, hotels and other establishments",15227,"Domestic, hotel and office cleaners and helpers",15229,"Cleaners and helpers in offices, hotels and other establishments",,,,,,
esco_1_2_1,17775,domestic cleaner,15228,Domestic cleaners and helpers,15227,"Domestic, hotel and office cleaners and helpers",15228,Domestic cleaners and helpers,,,,,,
esco_1_2_1,15926,building electrician,15136,Building and related electricians,15135,Electrical equipment installers and repairers,16178,electrician,,,,,,
esco_1_2_1,16449,domestic electrician,15136,Building and related electricians,15135,Electrical equipment installers and repairers,15926,building electrician,,,,,,
esco_1_2_1,18301,electric meter technician,15136,Building and related electricians,15135,Electrical equipment installers and repairers,16178,electrician,,,,,,
esco_1_2_1,16178,electrician,15136,Building and related electricians,15135,Electrical equipment installers and repairers,15136,Building and related electricians,,,,,,
esco_1_2_1,18067,event electrician,15136,Building and related electricians,15135,Electrical equipment installers and repairers,16178,electrician,,,,,,
esco_1_2_1,16451,industrial electrician,15136,Building and related electricians,15135,Electrical equipment installers and repairers,15926,building electrician,,,,,,
esco_1_2_1,16737,solar energy technician,15136,Building and related electricians,15135,Electrical equipment installers and repairers,16178,electrician,,,,,,
esco_1_2_1,15432,cable jointer,15138,Electrical line installers and repairers,15135,Electrical equipment installers and repairers,17736,electricity distribution technician,,,,,,
esco_1_2_1,17736,electricity distribution technician,15138,Electrical line installers and repairers,15135,Electrical equipment installers and repairers,15138,Electrical line installers and repairers,,,,,,
esco_1_2_1,16669,overhead line worker,15138,Electrical line installers and repairers,15135,Electrical equipment installers and repairers,17736,electricity distribution technician,,,,,,
esco_1_2_1,18167,street lighting electrician,15138,Electrical line installers and repairers,15135,Electrical equipment installers and repairers,17736,electricity distribution technician,,,,,,
esco_1_2_1,15372,automotive battery technician,15137,Electrical mechanics and fitters,15135,Electrical equipment installers and repairers,15137,Electrical mechanics and fitters,,,,,,
esco_1_2_1,16556,automotive electrician,15137,Electrical mechanics and fitters,15135,Electrical equipment installers and repairers,15137,Electrical mechanics and fitters,,,,,,
esco_1_2_1,16439,electrical mechanic,15137,Electrical mechanics and fitters,15135,Electrical equipment installers and repairers,15137,Electrical mechanics and fitters,,,,,,
esco_1_2_1,17079,geothermal technician,15137,Electrical mechanics and fitters,15135,Electrical equipment installers and repairers,15137,Electrical mechanics and fitters,,,,,,
esco_1_2_1,17030,ground lighting officer,15137,Electrical mechanics and fitters,15135,Electrical equipment installers and repairers,15137,Electrical mechanics and fitters,,,,,,
esco_1_2_1,18192,household appliances repair technician,15137,Electrical mechanics and fitters,15135,Electrical equipment installers and repairers,15137,Electrical mechanics and fitters,,,,,,
esco_1_2_1,18239,lift technician,15137,Electrical mechanics and fitters,15135,Electrical equipment installers and repairers,15137,Electrical mechanics and fitters,,,,,,
esco_1_2_1,17099,marine electrician,15137,Electrical mechanics and fitters,15135,Electrical equipment installers and repairers,15137,Electrical mechanics and fitters,,,,,,
esco_1_2_1,17643,mining electrician,15137,Electrical mechanics and fitters,15135,Electrical equipment installers and repairers,15137,Electrical mechanics and fitters,,,,,,
esco_1_2_1,17009,power tool repair technician,15137,Electrical mechanics and fitters,15135,Electrical equipment installers and repairers,15137,Electrical mechanics and fitters,,,,,,
esco_1_2_1,18295,rolling stock electrician,15137,Electrical mechanics and fitters,15135,Electrical equipment installers and repairers,15137,Electrical mechanics and fitters,,,,,,
esco_1_2_1,16072,ski lift operator,15137,Electrical mechanics and fitters,15135,Electrical equipment installers and repairers,15137,Electrical mechanics and fitters,,,,,,
esco_1_2_1,16495,theme park technician,15137,Electrical mechanics and fitters,15135,Electrical equipment installers and repairers,15137,Electrical mechanics and fitters,,,,,,
esco_1_2_1,16177,ATM repair technician,15140,Electronics mechanics and servicers,15139,Electronics and telecommunications installers and repairers,15140,Electronics mechanics and servicers,,,,,,
esco_1_2_1,17923,avionics technician,15140,Electronics mechanics and servicers,15139,Electronics and telecommunications installers and repairers,15140,Electronics mechanics and servicers,,,,,,
esco_1_2_1,18237,consumer electronics repair technician,15140,Electronics mechanics and servicers,15139,Electronics and telecommunications installers and repairers,15140,Electronics mechanics and servicers,,,,,,
esco_1_2_1,15648,marine electronics technician,15140,Electronics mechanics and servicers,15139,Electronics and telecommunications installers and repairers,15140,Electronics mechanics and servicers,,,,,,
esco_1_2_1,17486,office equipment repair technician,15140,Electronics mechanics and servicers,15139,Electronics and telecommunications installers and repairers,15140,Electronics mechanics and servicers,,,,,,
esco_1_2_1,16738,railway electronic technician,15140,Electronics mechanics and servicers,15139,Electronics and telecommunications installers and repairers,15140,Electronics mechanics and servicers,,,,,,
esco_1_2_1,15548,smart home installer,15140,Electronics mechanics and servicers,15139,Electronics and telecommunications installers and repairers,15140,Electronics mechanics and servicers,,,,,,
esco_1_2_1,17535,tramways technician,15140,Electronics mechanics and servicers,15139,Electronics and telecommunications installers and repairers,15140,Electronics mechanics and servicers,,,,,,
esco_1_2_1,18115,vehicle electronics installer,15140,Electronics mechanics and servicers,15139,Electronics and telecommunications installers and repairers,15140,Electronics mechanics and servicers,,,,,,
esco_1_2_1,15873,communication infrastructure maintainer,15141,Information and communications technology installers and servicers,15139,Electronics and telecommunications installers and repairers,15141,Information and communications technology installers and servicers,,,,,,
esco_1_2_1,17526,computer hardware repair technician,15141,Information and communications technology installers and servicers,15139,Electronics and telecommunications installers and repairers,15141,Information and communications technology installers and servicers,,,,,,
esco_1_2_1,17588,fibre optic installer,15141,Information and communications technology installers and servicers,15139,Electronics and telecommunications installers and repairers,15141,Information and communications technology installers and servicers,,,,,,
esco_1_2_1,17471,mobile devices technician,15141,Information and communications technology installers and servicers,15139,Electronics and telecommunications installers and repairers,15141,Information and communications technology installers and servicers,,,,,,
esco_1_2_1,18152,mobile phone repair technician,15141,Information and communications technology installers and servicers,15139,Electronics and telecommunications installers and repairers,17471,mobile devices technician,,,,,,
esco_1_2_1,15962,radio technician,15141,Information and communications technology installers and servicers,15139,Electronics and telecommunications installers and repairers,15141,Information and communications technology installers and servicers,,,,,,
esco_1_2_1,17646,security alarm technician,15141,Information and communications technology installers and servicers,15139,Electronics and telecommunications installers and repairers,15141,Information and communications technology installers and servicers,,,,,,
esco_1_2_1,17820,telecommunications equipment maintainer,15141,Information and communications technology installers and servicers,15139,Electronics and telecommunications installers and repairers,15141,Information and communications technology installers and servicers,,,,,,
esco_1_2_1,15349,telecommunications technician,15141,Information and communications technology installers and servicers,15139,Electronics and telecommunications installers and repairers,15141,Information and communications technology installers and servicers,,,,,,
esco_1_2_1,17662,battery simulation engineer,14736,Electrical engineers,14735,Electrotechnology engineers,14736,Electrical engineers,,,,,,
esco_1_2_1,16745,battery system engineer,14736,Electrical engineers,14735,Electrotechnology engineers,14736,Electrical engineers,,,,,,
esco_1_2_1,16382,electric power generation engineer,14736,Electrical engineers,14735,Electrotechnology engineers,16951,electrical engineer,,,,,,
esco_1_2_1,16951,electrical engineer,14736,Electrical engineers,14735,Electrotechnology engineers,14736,Electrical engineers,,,,,,
esco_1_2_1,15685,electromagnetic engineer,14736,Electrical engineers,14735,Electrotechnology engineers,16951,electrical engineer,,,,,,
esco_1_2_1,16772,electromechanical engineer,14736,Electrical engineers,14735,Electrotechnology engineers,16951,electrical engineer,,,,,,
esco_1_2_1,18049,mine electrical engineer,14736,Electrical engineers,14735,Electrotechnology engineers,16951,electrical engineer,,,,,,
esco_1_2_1,17388,power distribution engineer,14736,Electrical engineers,14735,Electrotechnology engineers,16951,electrical engineer,,,,,,
esco_1_2_1,16677,smart home engineer,14736,Electrical engineers,14735,Electrotechnology engineers,14736,Electrical engineers,,,,,,
esco_1_2_1,18155,substation engineer,14736,Electrical engineers,14735,Electrotechnology engineers,16951,electrical engineer,,,,,,
esco_1_2_1,17080,computer hardware engineer,14737,Electronics engineers,14735,Electrotechnology engineers,16239,electronics engineer,,,,,,
esco_1_2_1,16239,electronics engineer,14737,Electronics engineers,14735,Electrotechnology engineers,14737,Electronics engineers,,,,,,
esco_1_2_1,16483,flight test engineer,14737,Electronics engineers,14735,Electrotechnology engineers,16239,electronics engineer,,,,,,
esco_1_2_1,18048,instrumentation engineer,14737,Electronics engineers,14735,Electrotechnology engineers,16239,electronics engineer,,,,,,
esco_1_2_1,18291,integrated circuit design engineer,14737,Electronics engineers,14735,Electrotechnology engineers,17021,microelectronics engineer,,,,,,
esco_1_2_1,16170,language engineer,14737,Electronics engineers,14735,Electrotechnology engineers,16239,electronics engineer,,,,,,
esco_1_2_1,15436,medical device engineer,14737,Electronics engineers,14735,Electrotechnology engineers,16239,electronics engineer,,,,,,
esco_1_2_1,16810,microelectronics designer,14737,Electronics engineers,14735,Electrotechnology engineers,16239,electronics engineer,,,,,,
esco_1_2_1,17021,microelectronics engineer,14737,Electronics engineers,14735,Electrotechnology engineers,16239,electronics engineer,,,,,,
esco_1_2_1,18052,microelectronics materials engineer,14737,Electronics engineers,14735,Electrotechnology engineers,16239,electronics engineer,,,,,,
esco_1_2_1,16902,microelectronics smart manufacturing engineer,14737,Electronics engineers,14735,Electrotechnology engineers,16239,electronics engineer,,,,,,
esco_1_2_1,16856,microsystem engineer,14737,Electronics engineers,14735,Electrotechnology engineers,16239,electronics engineer,,,,,,
esco_1_2_1,15957,optoelectronic engineer,14737,Electronics engineers,14735,Electrotechnology engineers,16239,electronics engineer,,,,,,
esco_1_2_1,16860,power electronics engineer,14737,Electronics engineers,14735,Electrotechnology engineers,16239,electronics engineer,,,,,,
esco_1_2_1,17051,predictive maintenance expert,14737,Electronics engineers,14735,Electrotechnology engineers,16239,electronics engineer,,,,,,
esco_1_2_1,15737,satellite engineer,14737,Electronics engineers,14735,Electrotechnology engineers,16239,electronics engineer,,,,,,
esco_1_2_1,16268,sensor engineer,14737,Electronics engineers,14735,Electrotechnology engineers,16239,electronics engineer,,,,,,
esco_1_2_1,17704,telecommunications analyst,14738,Telecommunications engineers,14735,Electrotechnology engineers,15320,telecommunications engineer,,,,,,
esco_1_2_1,15320,telecommunications engineer,14738,Telecommunications engineers,14735,Electrotechnology engineers,14738,Telecommunications engineers,,,,,,
esco_1_2_1,18177,biochemical engineer,14732,Chemical engineers,14727,Engineering professionals (excluding electrotechnology),18108,chemical engineer,,,,,,
esco_1_2_1,17116,brewmaster,14732,Chemical engineers,14727,Engineering professionals (excluding electrotechnology),18108,chemical engineer,,,,,,
esco_1_2_1,18108,chemical engineer,14732,Chemical engineers,14727,Engineering professionals (excluding electrotechnology),14732,Chemical engineers,,,,,,
esco_1_2_1,17846,cider master,14732,Chemical engineers,14727,Engineering professionals (excluding electrotechnology),18108,chemical engineer,,,,,,
esco_1_2_1,16214,food technologist,14732,Chemical engineers,14727,Engineering professionals (excluding electrotechnology),18108,chemical engineer,,,,,,
esco_1_2_1,16816,gas distribution engineer,14732,Chemical engineers,14727,Engineering professionals (excluding electrotechnology),18108,chemical engineer,,,,,,
esco_1_2_1,16983,gas production engineer,14732,Chemical engineers,14727,Engineering professionals (excluding electrotechnology),18108,chemical engineer,,,,,,
esco_1_2_1,16183,oenologist,14732,Chemical engineers,14727,Engineering professionals (excluding electrotechnology),18108,chemical engineer,,,,,,
esco_1_2_1,17687,paper engineer,14732,Chemical engineers,14727,Engineering professionals (excluding electrotechnology),18108,chemical engineer,,,,,,
esco_1_2_1,18013,pharmaceutical engineer,14732,Chemical engineers,14727,Engineering professionals (excluding electrotechnology),18108,chemical engineer,,,,,,
esco_1_2_1,17490,rubber technologist,14732,Chemical engineers,14727,Engineering professionals (excluding electrotechnology),14732,Chemical engineers,,,,,,
esco_1_2_1,16539,synthetic materials engineer,14732,Chemical engineers,14727,Engineering professionals (excluding electrotechnology),14732,Chemical engineers,,,,,,
esco_1_2_1,17575,airport planning engineer,14729,Civil engineers,14727,Engineering professionals (excluding electrotechnology),17900,civil engineer,,,,,,
esco_1_2_1,17900,civil engineer,14729,Civil engineers,14727,Engineering professionals (excluding electrotechnology),14729,Civil engineers,,,,,,
esco_1_2_1,15813,construction engineer,14729,Civil engineers,14727,Engineering professionals (excluding electrotechnology),17900,civil engineer,,,,,,
esco_1_2_1,17285,drainage engineer,14729,Civil engineers,14727,Engineering professionals (excluding electrotechnology),17900,civil engineer,,,,,,
esco_1_2_1,15634,geological engineer,14729,Civil engineers,14727,Engineering professionals (excluding electrotechnology),17900,civil engineer,,,,,,
esco_1_2_1,17994,hydropower engineer,14729,Civil engineers,14727,Engineering professionals (excluding electrotechnology),17900,civil engineer,,,,,,
esco_1_2_1,18140,mining geotechnical engineer,14729,Civil engineers,14727,Engineering professionals (excluding electrotechnology),17900,civil engineer,,,,,,
esco_1_2_1,16371,pipeline engineer,14729,Civil engineers,14727,Engineering professionals (excluding electrotechnology),17900,civil engineer,,,,,,
esco_1_2_1,16076,rail project engineer,14729,Civil engineers,14727,Engineering professionals (excluding electrotechnology),17900,civil engineer,,,,,,
esco_1_2_1,17369,transport engineer,14729,Civil engineers,14727,Engineering professionals (excluding electrotechnology),17900,civil engineer,,,,,,
esco_1_2_1,18286,water engineer,14729,Civil engineers,14727,Engineering professionals (excluding electrotechnology),17900,civil engineer,,,,,,
esco_1_2_1,17433,acoustical engineer,14734,Engineering professionals not elsewhere classified,14727,Engineering professionals (excluding electrotechnology),14734,Engineering professionals not elsewhere classified,,,,,,
esco_1_2_1,17330,alternative fuels engineer,14734,Engineering professionals not elsewhere classified,14727,Engineering professionals (excluding electrotechnology),17462,energy engineer,,,,,,
esco_1_2_1,18302,application engineer,14734,Engineering professionals not elsewhere classified,14727,Engineering professionals (excluding electrotechnology),14734,Engineering professionals not elsewhere classified,,,,,,
esco_1_2_1,18071,autonomous driving specialist,14734,Engineering professionals not elsewhere classified,14727,Engineering professionals (excluding electrotechnology),14734,Engineering professionals not elsewhere classified,,,,,,
esco_1_2_1,16245,aviation ground systems engineer,14734,Engineering professionals not elsewhere classified,14727,Engineering professionals (excluding electrotechnology),14734,Engineering professionals not elsewhere classified,,,,,,
esco_1_2_1,18247,bioengineer,14734,Engineering professionals not elsewhere classified,14727,Engineering professionals (excluding electrotechnology),14734,Engineering professionals not elsewhere classified,,,,,,
esco_1_2_1,15305,biomedical engineer,14734,Engineering professionals not elsewhere classified,14727,Engineering professionals (excluding electrotechnology),18247,bioengineer,,,,,,
esco_1_2_1,18274,calculation engineer,14734,Engineering professionals not elsewhere classified,14727,Engineering professionals (excluding electrotechnology),18302,application engineer,,,,,,
esco_1_2_1,16752,commissioning engineer,14734,Engineering professionals not elsewhere classified,14727,Engineering professionals (excluding electrotechnology),14734,Engineering professionals not elsewhere classified,,,,,,
esco_1_2_1,17350,compliance engineer,14734,Engineering professionals not elsewhere classified,14727,Engineering professionals (excluding electrotechnology),15899,quality engineer,,,,,,
esco_1_2_1,15678,component engineer,14734,Engineering professionals not elsewhere classified,14727,Engineering professionals (excluding electrotechnology),18302,application engineer,,,,,,
esco_1_2_1,16917,contract engineer,14734,Engineering professionals not elsewhere classified,14727,Engineering professionals (excluding electrotechnology),18302,application engineer,,,,,,
esco_1_2_1,15385,dependability engineer,14734,Engineering professionals not elsewhere classified,14727,Engineering professionals (excluding electrotechnology),14734,Engineering professionals not elsewhere classified,,,,,,
esco_1_2_1,16661,design engineer,14734,Engineering professionals not elsewhere classified,14727,Engineering professionals (excluding electrotechnology),18302,application engineer,,,,,,
esco_1_2_1,15300,dismantling engineer,14734,Engineering professionals not elsewhere classified,14727,Engineering professionals (excluding electrotechnology),14734,Engineering professionals not elsewhere classified,,,,,,
esco_1_2_1,17462,energy engineer,14734,Engineering professionals not elsewhere classified,14727,Engineering professionals (excluding electrotechnology),14734,Engineering professionals not elsewhere classified,,,,,,
esco_1_2_1,15684,energy systems engineer,14734,Engineering professionals not elsewhere classified,14727,Engineering professionals (excluding electrotechnology),17462,energy engineer,,,,,,
esco_1_2_1,16221,fire prevention and protection engineer,14734,Engineering professionals not elsewhere classified,14727,Engineering professionals (excluding electrotechnology),17250,health and safety engineer,,,,,,
esco_1_2_1,17616,geothermal engineer,14734,Engineering professionals not elsewhere classified,14727,Engineering professionals (excluding electrotechnology),17462,energy engineer,,,,,,
esco_1_2_1,17250,health and safety engineer,14734,Engineering professionals not elsewhere classified,14727,Engineering professionals (excluding electrotechnology),14734,Engineering professionals not elsewhere classified,,,,,,
esco_1_2_1,15803,innovation engineer,14734,Engineering professionals not elsewhere classified,14727,Engineering professionals (excluding electrotechnology),14734,Engineering professionals not elsewhere classified,,,,,,
esco_1_2_1,16380,installation engineer,14734,Engineering professionals not elsewhere classified,14727,Engineering professionals (excluding electrotechnology),18302,application engineer,,,,,,
esco_1_2_1,17681,logistics engineer,14734,Engineering professionals not elsewhere classified,14727,Engineering professionals (excluding electrotechnology),18302,application engineer,,,,,,
esco_1_2_1,16198,materials engineer,14734,Engineering professionals not elsewhere classified,14727,Engineering professionals (excluding electrotechnology),14734,Engineering professionals not elsewhere classified,,,,,,
esco_1_2_1,17103,nanoengineer,14734,Engineering professionals not elsewhere classified,14727,Engineering professionals (excluding electrotechnology),16198,materials engineer,,,,,,
esco_1_2_1,18153,nuclear engineer,14734,Engineering professionals not elsewhere classified,14727,Engineering professionals (excluding electrotechnology),17462,energy engineer,,,,,,
esco_1_2_1,17688,offshore renewable energy engineer,14734,Engineering professionals not elsewhere classified,14727,Engineering professionals (excluding electrotechnology),17462,energy engineer,,,,,,
esco_1_2_1,17558,onshore wind energy engineer,14734,Engineering professionals not elsewhere classified,14727,Engineering professionals (excluding electrotechnology),17462,energy engineer,,,,,,
esco_1_2_1,17375,optical engineer,14734,Engineering professionals not elsewhere classified,14727,Engineering professionals (excluding electrotechnology),14734,Engineering professionals not elsewhere classified,,,,,,
esco_1_2_1,17985,patent engineer,14734,Engineering professionals not elsewhere classified,14727,Engineering professionals (excluding electrotechnology),14734,Engineering professionals not elsewhere classified,,,,,,
esco_1_2_1,16768,photonics engineer,14734,Engineering professionals not elsewhere classified,14727,Engineering professionals (excluding electrotechnology),17375,optical engineer,,,,,,
esco_1_2_1,15899,quality engineer,14734,Engineering professionals not elsewhere classified,14727,Engineering professionals (excluding electrotechnology),18302,application engineer,,,,,,
esco_1_2_1,15439,quantity surveyor,14734,Engineering professionals not elsewhere classified,14727,Engineering professionals (excluding electrotechnology),14734,Engineering professionals not elsewhere classified,,,,,,
esco_1_2_1,15463,renewable energy engineer,14734,Engineering professionals not elsewhere classified,14727,Engineering professionals (excluding electrotechnology),17462,energy engineer,,,,,,
esco_1_2_1,16058,research engineer,14734,Engineering professionals not elsewhere classified,14727,Engineering professionals (excluding electrotechnology),18302,application engineer,,,,,,
esco_1_2_1,16335,robotics engineer,14734,Engineering professionals not elsewhere classified,14727,Engineering professionals (excluding electrotechnology),14734,Engineering professionals not elsewhere classified,,,,,,
esco_1_2_1,16110,solar energy engineer,14734,Engineering professionals not elsewhere classified,14727,Engineering professionals (excluding electrotechnology),17462,energy engineer,,,,,,
esco_1_2_1,17741,test engineer,14734,Engineering professionals not elsewhere classified,14727,Engineering professionals (excluding electrotechnology),14734,Engineering professionals not elsewhere classified,,,,,,
esco_1_2_1,16667,"textile, leather and footwear researcher",14734,Engineering professionals not elsewhere classified,14727,Engineering professionals (excluding electrotechnology),14734,Engineering professionals not elsewhere classified,,,,,,
esco_1_2_1,17421,thermal engineer,14734,Engineering professionals not elsewhere classified,14727,Engineering professionals (excluding electrotechnology),17462,energy engineer,,,,,,
esco_1_2_1,15956,wood technology engineer,14734,Engineering professionals not elsewhere classified,14727,Engineering professionals (excluding electrotechnology),16198,materials engineer,,,,,,
esco_1_2_1,17387,environmental engineer,14730,Environmental engineers,14727,Engineering professionals (excluding electrotechnology),14730,Environmental engineers,,,,,,
esco_1_2_1,17327,environmental expert,14730,Environmental engineers,14727,Engineering professionals (excluding electrotechnology),14730,Environmental engineers,,,,,,
esco_1_2_1,15916,environmental mining engineer,14730,Environmental engineers,14727,Engineering professionals (excluding electrotechnology),17387,environmental engineer,,,,,,
esco_1_2_1,16804,recycling specialist,14730,Environmental engineers,14727,Engineering professionals (excluding electrotechnology),17387,environmental engineer,,,,,,
esco_1_2_1,17377,waste treatment engineer,14730,Environmental engineers,14727,Engineering professionals (excluding electrotechnology),17387,environmental engineer,,,,,,
esco_1_2_1,17139,wastewater engineer,14730,Environmental engineers,14727,Engineering professionals (excluding electrotechnology),14730,Environmental engineers,,,,,,
esco_1_2_1,17567,automation engineer,14728,Industrial and production engineers,14727,Engineering professionals (excluding electrotechnology),17895,production engineer,,,,,,
esco_1_2_1,15837,clothing technologist,14728,Industrial and production engineers,14727,Engineering professionals (excluding electrotechnology),14728,Industrial and production engineers,,,,,,
esco_1_2_1,16998,food and beverage packaging technologist,14728,Industrial and production engineers,14727,Engineering professionals (excluding electrotechnology),14728,Industrial and production engineers,,,,,,
esco_1_2_1,15875,food production engineer,14728,Industrial and production engineers,14727,Engineering professionals (excluding electrotechnology),17895,production engineer,,,,,,
esco_1_2_1,18111,homologation engineer,14728,Industrial and production engineers,14727,Engineering professionals (excluding electrotechnology),14728,Industrial and production engineers,,,,,,
esco_1_2_1,16322,industrial engineer,14728,Industrial and production engineers,14727,Engineering professionals (excluding electrotechnology),14728,Industrial and production engineers,,,,,,
esco_1_2_1,17070,leather goods industrial engineer,14728,Industrial and production engineers,14727,Engineering professionals (excluding electrotechnology),14728,Industrial and production engineers,,,,,,
esco_1_2_1,17152,leather production planner,14728,Industrial and production engineers,14727,Engineering professionals (excluding electrotechnology),14728,Industrial and production engineers,,,,,,
esco_1_2_1,16492,maintenance and repair engineer,14728,Industrial and production engineers,14727,Engineering professionals (excluding electrotechnology),14728,Industrial and production engineers,,,,,,
esco_1_2_1,16575,manufacturing engineer,14728,Industrial and production engineers,14727,Engineering professionals (excluding electrotechnology),16322,industrial engineer,,,,,,
esco_1_2_1,17045,packaging production manager,14728,Industrial and production engineers,14727,Engineering professionals (excluding electrotechnology),14728,Industrial and production engineers,,,,,,
esco_1_2_1,17505,process engineer,14728,Industrial and production engineers,14727,Engineering professionals (excluding electrotechnology),14728,Industrial and production engineers,,,,,,
esco_1_2_1,17895,production engineer,14728,Industrial and production engineers,14727,Engineering professionals (excluding electrotechnology),16322,industrial engineer,,,,,,
esco_1_2_1,17956,surface engineer,14728,Industrial and production engineers,14727,Engineering professionals (excluding electrotechnology),16322,industrial engineer,,,,,,
esco_1_2_1,16941,textile technologist,14728,Industrial and production engineers,14727,Engineering professionals (excluding electrotechnology),14728,Industrial and production engineers,,,,,,
esco_1_2_1,17227,aerodynamics engineer,14731,Mechanical engineers,14727,Engineering professionals (excluding electrotechnology),17901,aerospace engineer,,,,,,
esco_1_2_1,17901,aerospace engineer,14731,Mechanical engineers,14727,Engineering professionals (excluding electrotechnology),16366,mechanical engineer,,,,,,
esco_1_2_1,16241,agricultural engineer,14731,Mechanical engineers,14727,Engineering professionals (excluding electrotechnology),16366,mechanical engineer,,,,,,
esco_1_2_1,17312,agricultural equipment design engineer,14731,Mechanical engineers,14727,Engineering professionals (excluding electrotechnology),16241,agricultural engineer,,,,,,
esco_1_2_1,17036,automotive engineer,14731,Mechanical engineers,14727,Engineering professionals (excluding electrotechnology),16366,mechanical engineer,,,,,,
esco_1_2_1,17094,container equipment design engineer,14731,Mechanical engineers,14727,Engineering professionals (excluding electrotechnology),16366,mechanical engineer,,,,,,
esco_1_2_1,17941,engine designer,14731,Mechanical engineers,14727,Engineering professionals (excluding electrotechnology),16366,mechanical engineer,,,,,,
esco_1_2_1,15637,equipment engineer,14731,Mechanical engineers,14727,Engineering professionals (excluding electrotechnology),16366,mechanical engineer,,,,,,
esco_1_2_1,16884,fluid power engineer,14731,Mechanical engineers,14727,Engineering professionals (excluding electrotechnology),16366,mechanical engineer,,,,,,
esco_1_2_1,15679,"heating, ventilation, air conditioning engineer",14731,Mechanical engineers,14727,Engineering professionals (excluding electrotechnology),16366,mechanical engineer,,,,,,
esco_1_2_1,17014,industrial tool design engineer,14731,Mechanical engineers,14727,Engineering professionals (excluding electrotechnology),16366,mechanical engineer,,,,,,
esco_1_2_1,17669,marine engineer,14731,Mechanical engineers,14727,Engineering professionals (excluding electrotechnology),16366,mechanical engineer,,,,,,
esco_1_2_1,16366,mechanical engineer,14731,Mechanical engineers,14727,Engineering professionals (excluding electrotechnology),14731,Mechanical engineers,,,,,,
esco_1_2_1,17374,mechatronics engineer,14731,Mechanical engineers,14727,Engineering professionals (excluding electrotechnology),16366,mechanical engineer,,,,,,
esco_1_2_1,18284,mine mechanical engineer,14731,Mechanical engineers,14727,Engineering professionals (excluding electrotechnology),16366,mechanical engineer,,,,,,
esco_1_2_1,17472,mine ventilation engineer,14731,Mechanical engineers,14727,Engineering professionals (excluding electrotechnology),16366,mechanical engineer,,,,,,
esco_1_2_1,16409,naval architect,14731,Mechanical engineers,14727,Engineering professionals (excluding electrotechnology),16366,mechanical engineer,,,,,,
esco_1_2_1,17413,optomechanical engineer,14731,Mechanical engineers,14727,Engineering professionals (excluding electrotechnology),16366,mechanical engineer,,,,,,
esco_1_2_1,16249,packing machinery engineer,14731,Mechanical engineers,14727,Engineering professionals (excluding electrotechnology),16366,mechanical engineer,,,,,,
esco_1_2_1,16391,powertrain engineer,14731,Mechanical engineers,14727,Engineering professionals (excluding electrotechnology),16366,mechanical engineer,,,,,,
esco_1_2_1,17176,precision engineer,14731,Mechanical engineers,14727,Engineering professionals (excluding electrotechnology),16366,mechanical engineer,,,,,,
esco_1_2_1,16822,rolling stock engineer,14731,Mechanical engineers,14727,Engineering professionals (excluding electrotechnology),16366,mechanical engineer,,,,,,
esco_1_2_1,15743,rotating equipment engineer,14731,Mechanical engineers,14727,Engineering professionals (excluding electrotechnology),16366,mechanical engineer,,,,,,
esco_1_2_1,15427,steam engineer,14731,Mechanical engineers,14727,Engineering professionals (excluding electrotechnology),16366,mechanical engineer,,,,,,
esco_1_2_1,16799,tooling engineer,14731,Mechanical engineers,14727,Engineering professionals (excluding electrotechnology),16366,mechanical engineer,,,,,,
esco_1_2_1,15563,welding engineer,14731,Mechanical engineers,14727,Engineering professionals (excluding electrotechnology),16366,mechanical engineer,,,,,,
esco_1_2_1,16873,assayer,14733,"Mining engineers, metallurgists and related professionals",14727,Engineering professionals (excluding electrotechnology),14733,"Mining engineers, metallurgists and related professionals",,,,,,
esco_1_2_1,15787,chemical metallurgist,14733,"Mining engineers, metallurgists and related professionals",14727,Engineering professionals (excluding electrotechnology),17591,metallurgist,,,,,,
esco_1_2_1,16082,drilling engineer,14733,"Mining engineers, metallurgists and related professionals",14727,Engineering professionals (excluding electrotechnology),14733,"Mining engineers, metallurgists and related professionals",,,,,,
esco_1_2_1,16090,explosives engineer,14733,"Mining engineers, metallurgists and related professionals",14727,Engineering professionals (excluding electrotechnology),14733,"Mining engineers, metallurgists and related professionals",,,,,,
esco_1_2_1,16164,liquid fuel engineer,14733,"Mining engineers, metallurgists and related professionals",14727,Engineering professionals (excluding electrotechnology),14733,"Mining engineers, metallurgists and related professionals",,,,,,
esco_1_2_1,17591,metallurgist,14733,"Mining engineers, metallurgists and related professionals",14727,Engineering professionals (excluding electrotechnology),14733,"Mining engineers, metallurgists and related professionals",,,,,,
esco_1_2_1,16472,mine development engineer,14733,"Mining engineers, metallurgists and related professionals",14727,Engineering professionals (excluding electrotechnology),14733,"Mining engineers, metallurgists and related professionals",,,,,,
esco_1_2_1,17892,mine health and safety engineer,14733,"Mining engineers, metallurgists and related professionals",14727,Engineering professionals (excluding electrotechnology),14733,"Mining engineers, metallurgists and related professionals",,,,,,
esco_1_2_1,16815,mine planning engineer,14733,"Mining engineers, metallurgists and related professionals",14727,Engineering professionals (excluding electrotechnology),14733,"Mining engineers, metallurgists and related professionals",,,,,,
esco_1_2_1,16515,mineral processing engineer,14733,"Mining engineers, metallurgists and related professionals",14727,Engineering professionals (excluding electrotechnology),14733,"Mining engineers, metallurgists and related professionals",,,,,,
esco_1_2_1,16734,petroleum engineer,14733,"Mining engineers, metallurgists and related professionals",14727,Engineering professionals (excluding electrotechnology),14733,"Mining engineers, metallurgists and related professionals",,,,,,
esco_1_2_1,16263,process metallurgist,14733,"Mining engineers, metallurgists and related professionals",14727,Engineering professionals (excluding electrotechnology),17591,metallurgist,,,,,,
esco_1_2_1,15329,quarry engineer,14733,"Mining engineers, metallurgists and related professionals",14727,Engineering professionals (excluding electrotechnology),14733,"Mining engineers, metallurgists and related professionals",,,,,,
esco_1_2_1,18122,accountant,14788,Accountants,14787,Finance professionals,14788,Accountants,,,,,,
esco_1_2_1,17762,accounting analyst,14788,Accountants,14787,Finance professionals,18122,accountant,,,,,,
esco_1_2_1,17790,audit supervisor,14788,Accountants,14787,Finance professionals,18122,accountant,,,,,,
esco_1_2_1,17920,bankruptcy trustee,14788,Accountants,14787,Finance professionals,18122,accountant,,,,,,
esco_1_2_1,16251,budget analyst,14788,Accountants,14787,Finance professionals,18122,accountant,,,,,,
esco_1_2_1,16927,cost analyst,14788,Accountants,14787,Finance professionals,18122,accountant,,,,,,
esco_1_2_1,17977,dividend analyst,14788,Accountants,14787,Finance professionals,18122,accountant,,,,,,
esco_1_2_1,15617,financial auditor,14788,Accountants,14787,Finance professionals,18122,accountant,,,,,,
esco_1_2_1,16456,financial controller,14788,Accountants,14787,Finance professionals,18122,accountant,,,,,,
esco_1_2_1,17241,financial fraud examiner,14788,Accountants,14787,Finance professionals,18122,accountant,,,,,,
esco_1_2_1,16982,grants management officer,14788,Accountants,14787,Finance professionals,18122,accountant,,,,,,
esco_1_2_1,16787,public finance accountant,14788,Accountants,14787,Finance professionals,18122,accountant,,,,,,
esco_1_2_1,16398,tax advisor,14788,Accountants,14787,Finance professionals,18122,accountant,,,,,,
esco_1_2_1,17039,financial analyst,14790,Financial analysts,14787,Finance professionals,14790,Financial analysts,,,,,,
esco_1_2_1,15660,insurance rating analyst,14790,Financial analysts,14787,Finance professionals,17039,financial analyst,,,,,,
esco_1_2_1,17529,investment analyst,14790,Financial analysts,14787,Finance professionals,17039,financial analyst,,,,,,
esco_1_2_1,15589,mergers and acquisitions analyst,14790,Financial analysts,14787,Finance professionals,17039,financial analyst,,,,,,
esco_1_2_1,15780,middle office analyst,14790,Financial analysts,14787,Finance professionals,14790,Financial analysts,,,,,,
esco_1_2_1,15379,securities analyst,14790,Financial analysts,14787,Finance professionals,17039,financial analyst,,,,,,
esco_1_2_1,16283,business valuer,14789,Financial and investment advisers,14787,Finance professionals,14789,Financial and investment advisers,,,,,,
esco_1_2_1,17844,corporate banking adviser,14789,Financial and investment advisers,14787,Finance professionals,14789,Financial and investment advisers,,,,,,
esco_1_2_1,15741,corporate investment banker,14789,Financial and investment advisers,14787,Finance professionals,15994,investment adviser,,,,,,
esco_1_2_1,17436,corporate risk manager,14789,Financial and investment advisers,14787,Finance professionals,14789,Financial and investment advisers,,,,,,
esco_1_2_1,15711,financial planner,14789,Financial and investment advisers,14787,Finance professionals,14789,Financial and investment advisers,,,,,,
esco_1_2_1,16805,financial risk manager,14789,Financial and investment advisers,14787,Finance professionals,14789,Financial and investment advisers,,,,,,
esco_1_2_1,15994,investment adviser,14789,Financial and investment advisers,14787,Finance professionals,14789,Financial and investment advisers,,,,,,
esco_1_2_1,17088,investment fund management assistant,14789,Financial and investment advisers,14787,Finance professionals,15994,investment adviser,,,,,,
esco_1_2_1,17545,investment fund manager,14789,Financial and investment advisers,14787,Finance professionals,14789,Financial and investment advisers,,,,,,
esco_1_2_1,15467,investment manager,14789,Financial and investment advisers,14787,Finance professionals,15994,investment adviser,,,,,,
esco_1_2_1,16227,investor relations manager,14789,Financial and investment advisers,14787,Finance professionals,15994,investment adviser,,,,,,
esco_1_2_1,16695,personal trust officer,14789,Financial and investment advisers,14787,Finance professionals,14789,Financial and investment advisers,,,,,,
esco_1_2_1,17971,programme funding manager,14789,Financial and investment advisers,14787,Finance professionals,14789,Financial and investment advisers,,,,,,
esco_1_2_1,16258,public funding advisor,14789,Financial and investment advisers,14787,Finance professionals,14789,Financial and investment advisers,,,,,,
esco_1_2_1,17919,relationship banking manager,14789,Financial and investment advisers,14787,Finance professionals,15711,financial planner,,,,,,
esco_1_2_1,16544,venture capitalist,14789,Financial and investment advisers,14787,Finance professionals,14789,Financial and investment advisers,,,,,,
esco_1_2_1,17630,accounting assistant,14900,Accounting associate professionals,14897,Financial and mathematical associate professionals,14900,Accounting associate professionals,,,,,,
esco_1_2_1,17673,bookkeeper,14900,Accounting associate professionals,14897,Financial and mathematical associate professionals,14900,Accounting associate professionals,,,,,,
esco_1_2_1,17566,grants administrator,14900,Accounting associate professionals,14897,Financial and mathematical associate professionals,14900,Accounting associate professionals,,,,,,
esco_1_2_1,16454,bank account manager,14899,Credit and loans officers,14897,Financial and mathematical associate professionals,14899,Credit and loans officers,,,,,,
esco_1_2_1,15609,credit adviser,14899,Credit and loans officers,14897,Financial and mathematical associate professionals,14899,Credit and loans officers,,,,,,
esco_1_2_1,15377,credit analyst,14899,Credit and loans officers,14897,Financial and mathematical associate professionals,15609,credit adviser,,,,,,
esco_1_2_1,15922,credit manager,14899,Credit and loans officers,14897,Financial and mathematical associate professionals,14899,Credit and loans officers,,,,,,
esco_1_2_1,17478,credit risk analyst,14899,Credit and loans officers,14897,Financial and mathematical associate professionals,14899,Credit and loans officers,,,,,,
esco_1_2_1,17046,loan officer,14899,Credit and loans officers,14897,Financial and mathematical associate professionals,14899,Credit and loans officers,,,,,,
esco_1_2_1,16073,mortgage broker,14899,Credit and loans officers,14897,Financial and mathematical associate professionals,14899,Credit and loans officers,,,,,,
esco_1_2_1,17378,mortgage loan underwriter,14899,Credit and loans officers,14897,Financial and mathematical associate professionals,14899,Credit and loans officers,,,,,,
esco_1_2_1,17655,student financial support coordinator,14899,Credit and loans officers,14897,Financial and mathematical associate professionals,14899,Credit and loans officers,,,,,,
esco_1_2_1,18010,asset manager,14898,Securities and finance dealers and brokers,14897,Financial and mathematical associate professionals,14898,Securities and finance dealers and brokers,,,,,,
esco_1_2_1,15672,energy trader,14898,Securities and finance dealers and brokers,14897,Financial and mathematical associate professionals,16485,financial trader,,,,,,
esco_1_2_1,17635,financial broker,14898,Securities and finance dealers and brokers,14897,Financial and mathematical associate professionals,14898,Securities and finance dealers and brokers,,,,,,
esco_1_2_1,16485,financial trader,14898,Securities and finance dealers and brokers,14897,Financial and mathematical associate professionals,14898,Securities and finance dealers and brokers,,,,,,
esco_1_2_1,18261,foreign exchange broker,14898,Securities and finance dealers and brokers,14897,Financial and mathematical associate professionals,17635,financial broker,,,,,,
esco_1_2_1,15352,foreign exchange trader,14898,Securities and finance dealers and brokers,14897,Financial and mathematical associate professionals,16485,financial trader,,,,,,
esco_1_2_1,18279,futures trader,14898,Securities and finance dealers and brokers,14897,Financial and mathematical associate professionals,16485,financial trader,,,,,,
esco_1_2_1,17752,mutual fund broker,14898,Securities and finance dealers and brokers,14897,Financial and mathematical associate professionals,17635,financial broker,,,,,,
esco_1_2_1,17638,securities broker,14898,Securities and finance dealers and brokers,14897,Financial and mathematical associate professionals,17635,financial broker,,,,,,
esco_1_2_1,16218,securities trader,14898,Securities and finance dealers and brokers,14897,Financial and mathematical associate professionals,16485,financial trader,,,,,,
esco_1_2_1,16993,securities underwriter,14898,Securities and finance dealers and brokers,14897,Financial and mathematical associate professionals,17638,securities broker,,,,,,
esco_1_2_1,17048,stock broker,14898,Securities and finance dealers and brokers,14897,Financial and mathematical associate professionals,17635,financial broker,,,,,,
esco_1_2_1,16031,stock trader,14898,Securities and finance dealers and brokers,14897,Financial and mathematical associate professionals,16485,financial trader,,,,,,
esco_1_2_1,15553,actuarial assistant,14901,"Statistical, mathematical and related associate professionals",14897,Financial and mathematical associate professionals,14901,"Statistical, mathematical and related associate professionals",,,,,,
esco_1_2_1,17847,statistical assistant,14901,"Statistical, mathematical and related associate professionals",14897,Financial and mathematical associate professionals,14901,"Statistical, mathematical and related associate professionals",,,,,,
esco_1_2_1,15722,foreclosure specialist,14902,Valuers and loss assessors,14897,Financial and mathematical associate professionals,14902,Valuers and loss assessors,,,,,,
esco_1_2_1,18232,gemmologist,14902,Valuers and loss assessors,14897,Financial and mathematical associate professionals,14902,Valuers and loss assessors,,,,,,
esco_1_2_1,15301,insurance claims handler,14902,Valuers and loss assessors,14897,Financial and mathematical associate professionals,14902,Valuers and loss assessors,,,,,,
esco_1_2_1,17274,insurance fraud investigator,14902,Valuers and loss assessors,14897,Financial and mathematical associate professionals,14902,Valuers and loss assessors,,,,,,
esco_1_2_1,18072,loss adjuster,14902,Valuers and loss assessors,14897,Financial and mathematical associate professionals,14902,Valuers and loss assessors,,,,,,
esco_1_2_1,18074,personal property appraiser,14902,Valuers and loss assessors,14897,Financial and mathematical associate professionals,14902,Valuers and loss assessors,,,,,,
esco_1_2_1,17422,property appraiser,14902,Valuers and loss assessors,14897,Financial and mathematical associate professionals,14902,Valuers and loss assessors,,,,,,
esco_1_2_1,17573,real estate surveyor,14902,Valuers and loss assessors,14897,Financial and mathematical associate professionals,14902,Valuers and loss assessors,,,,,,
esco_1_2_1,15914,aquaculture cage technician,15068,Aquaculture workers,15067,"Fishery workers, hunters and trappers",15068,Aquaculture workers,,,,,,
esco_1_2_1,17906,aquaculture harvesting technician,15068,Aquaculture workers,15067,"Fishery workers, hunters and trappers",15068,Aquaculture workers,,,,,,
esco_1_2_1,15316,aquaculture hatchery manager,15068,Aquaculture workers,15067,"Fishery workers, hunters and trappers",15068,Aquaculture workers,,,,,,
esco_1_2_1,18075,aquaculture hatchery technician,15068,Aquaculture workers,15067,"Fishery workers, hunters and trappers",15068,Aquaculture workers,,,,,,
esco_1_2_1,17343,aquaculture hatchery worker,15068,Aquaculture workers,15067,"Fishery workers, hunters and trappers",15068,Aquaculture workers,,,,,,
esco_1_2_1,17987,aquaculture husbandry technician,15068,Aquaculture workers,15067,"Fishery workers, hunters and trappers",15068,Aquaculture workers,,,,,,
esco_1_2_1,17644,aquaculture husbandry worker,15068,Aquaculture workers,15067,"Fishery workers, hunters and trappers",15068,Aquaculture workers,,,,,,
esco_1_2_1,17867,aquaculture mooring manager,15068,Aquaculture workers,15067,"Fishery workers, hunters and trappers",15068,Aquaculture workers,,,,,,
esco_1_2_1,16869,aquaculture rearing technician,15068,Aquaculture workers,15067,"Fishery workers, hunters and trappers",15068,Aquaculture workers,,,,,,
esco_1_2_1,18093,aquaculture recirculation technician,15068,Aquaculture workers,15067,"Fishery workers, hunters and trappers",15068,Aquaculture workers,,,,,,
esco_1_2_1,15448,water-based aquaculture technician,15068,Aquaculture workers,15067,"Fishery workers, hunters and trappers",15068,Aquaculture workers,,,,,,
esco_1_2_1,15740,deep-sea fishery worker,15070,Deep-sea fishery workers,15067,"Fishery workers, hunters and trappers",15070,Deep-sea fishery workers,,,,,,
esco_1_2_1,18315,fisheries boatmaster,15070,Deep-sea fishery workers,15067,"Fishery workers, hunters and trappers",17589,fisheries master,,,,,,
esco_1_2_1,17589,fisheries master,15070,Deep-sea fishery workers,15067,"Fishery workers, hunters and trappers",15070,Deep-sea fishery workers,,,,,,
esco_1_2_1,17739,hunter,15071,Hunters and trappers,15067,"Fishery workers, hunters and trappers",15071,Hunters and trappers,,,,,,
esco_1_2_1,15779,fisheries boatman,15069,Inland and coastal waters fishery workers,15067,"Fishery workers, hunters and trappers",15069,Inland and coastal waters fishery workers,,,,,,
esco_1_2_1,17541,animal feed operator,15194,Food and related products machine operators,15193,Food and related products machine operators,15194,Food and related products machine operators,,,,,,
esco_1_2_1,16448,baking operator,15194,Food and related products machine operators,15193,Food and related products machine operators,15194,Food and related products machine operators,,,,,,
esco_1_2_1,16843,beverage filtration technician,15194,Food and related products machine operators,15193,Food and related products machine operators,15194,Food and related products machine operators,,,,,,
esco_1_2_1,16670,blanching operator,15194,Food and related products machine operators,15193,Food and related products machine operators,15194,Food and related products machine operators,,,,,,
esco_1_2_1,16532,blender operator,15194,Food and related products machine operators,15193,Food and related products machine operators,15194,Food and related products machine operators,,,,,,
esco_1_2_1,15512,blending plant operator,15194,Food and related products machine operators,15193,Food and related products machine operators,15194,Food and related products machine operators,,,,,,
esco_1_2_1,15662,brew house operator,15194,Food and related products machine operators,15193,Food and related products machine operators,15194,Food and related products machine operators,,,,,,
esco_1_2_1,18213,bulk filler,15194,Food and related products machine operators,15193,Food and related products machine operators,15194,Food and related products machine operators,,,,,,
esco_1_2_1,16567,cacao bean roaster,15194,Food and related products machine operators,15193,Food and related products machine operators,15194,Food and related products machine operators,,,,,,
esco_1_2_1,16336,cacao beans cleaner,15194,Food and related products machine operators,15193,Food and related products machine operators,15194,Food and related products machine operators,,,,,,
esco_1_2_1,15482,candy machine operator,15194,Food and related products machine operators,15193,Food and related products machine operators,15194,Food and related products machine operators,,,,,,
esco_1_2_1,16639,carbonation operator,15194,Food and related products machine operators,15193,Food and related products machine operators,15194,Food and related products machine operators,,,,,,
esco_1_2_1,16041,cellar operator,15194,Food and related products machine operators,15193,Food and related products machine operators,15194,Food and related products machine operators,,,,,,
esco_1_2_1,15794,centrifuge operator,15194,Food and related products machine operators,15193,Food and related products machine operators,15194,Food and related products machine operators,,,,,,
esco_1_2_1,15809,chilling operator,15194,Food and related products machine operators,15193,Food and related products machine operators,15194,Food and related products machine operators,,,,,,
esco_1_2_1,17863,chocolate moulding operator,15194,Food and related products machine operators,15193,Food and related products machine operators,15194,Food and related products machine operators,,,,,,
esco_1_2_1,18020,cider fermentation operator,15194,Food and related products machine operators,15193,Food and related products machine operators,15194,Food and related products machine operators,,,,,,
esco_1_2_1,18116,cigarette making machine operator,15194,Food and related products machine operators,15193,Food and related products machine operators,15194,Food and related products machine operators,,,,,,
esco_1_2_1,16516,clarifier,15194,Food and related products machine operators,15193,Food and related products machine operators,15194,Food and related products machine operators,,,,,,
esco_1_2_1,17989,cocoa mill operator,15194,Food and related products machine operators,15193,Food and related products machine operators,15194,Food and related products machine operators,,,,,,
esco_1_2_1,15940,cocoa press operator,15194,Food and related products machine operators,15193,Food and related products machine operators,15194,Food and related products machine operators,,,,,,
esco_1_2_1,15337,coffee grinder,15194,Food and related products machine operators,15193,Food and related products machine operators,15194,Food and related products machine operators,,,,,,
esco_1_2_1,15970,coffee roaster,15194,Food and related products machine operators,15193,Food and related products machine operators,15194,Food and related products machine operators,,,,,,
esco_1_2_1,17199,dairy processing operator,15194,Food and related products machine operators,15193,Food and related products machine operators,15194,Food and related products machine operators,,,,,,
esco_1_2_1,16960,dairy products manufacturing worker,15194,Food and related products machine operators,15193,Food and related products machine operators,15194,Food and related products machine operators,,,,,,
esco_1_2_1,16828,distillery miller,15194,Food and related products machine operators,15193,Food and related products machine operators,15194,Food and related products machine operators,,,,,,
esco_1_2_1,17143,distillery worker,15194,Food and related products machine operators,15193,Food and related products machine operators,15194,Food and related products machine operators,,,,,,
esco_1_2_1,16870,dryer attendant,15194,Food and related products machine operators,15193,Food and related products machine operators,15194,Food and related products machine operators,,,,,,
esco_1_2_1,16788,extract mixer tester,15194,Food and related products machine operators,15193,Food and related products machine operators,15194,Food and related products machine operators,,,,,,
esco_1_2_1,17198,fat-purification worker,15194,Food and related products machine operators,15193,Food and related products machine operators,15194,Food and related products machine operators,,,,,,
esco_1_2_1,16672,fish canning operator,15194,Food and related products machine operators,15193,Food and related products machine operators,15194,Food and related products machine operators,,,,,,
esco_1_2_1,16922,fish production operator,15194,Food and related products machine operators,15193,Food and related products machine operators,15194,Food and related products machine operators,,,,,,
esco_1_2_1,18196,flour purifier operator,15194,Food and related products machine operators,15193,Food and related products machine operators,15194,Food and related products machine operators,,,,,,
esco_1_2_1,18023,food production operator,15194,Food and related products machine operators,15193,Food and related products machine operators,15194,Food and related products machine operators,,,,,,
esco_1_2_1,17974,fruit and vegetable canner,15194,Food and related products machine operators,15193,Food and related products machine operators,15194,Food and related products machine operators,,,,,,
esco_1_2_1,16689,fruit-press operator,15194,Food and related products machine operators,15193,Food and related products machine operators,15194,Food and related products machine operators,,,,,,
esco_1_2_1,17381,germination operator,15194,Food and related products machine operators,15193,Food and related products machine operators,15194,Food and related products machine operators,,,,,,
esco_1_2_1,16573,honey extractor,15194,Food and related products machine operators,15193,Food and related products machine operators,15194,Food and related products machine operators,,,,,,
esco_1_2_1,15286,hydrogenation machine operator,15194,Food and related products machine operators,15193,Food and related products machine operators,15194,Food and related products machine operators,,,,,,
esco_1_2_1,16028,kettle tender,15194,Food and related products machine operators,15193,Food and related products machine operators,15194,Food and related products machine operators,,,,,,
esco_1_2_1,18190,liquor blender,15194,Food and related products machine operators,15193,Food and related products machine operators,15194,Food and related products machine operators,,,,,,
esco_1_2_1,17991,liquor grinding mill operator,15194,Food and related products machine operators,15193,Food and related products machine operators,15194,Food and related products machine operators,,,,,,
esco_1_2_1,16704,malt kiln operator,15194,Food and related products machine operators,15193,Food and related products machine operators,15194,Food and related products machine operators,,,,,,
esco_1_2_1,17513,milk heat treatment process operator,15194,Food and related products machine operators,15193,Food and related products machine operators,15194,Food and related products machine operators,,,,,,
esco_1_2_1,17935,miller,15194,Food and related products machine operators,15193,Food and related products machine operators,15194,Food and related products machine operators,,,,,,
esco_1_2_1,15287,pasta operator,15194,Food and related products machine operators,15193,Food and related products machine operators,15194,Food and related products machine operators,,,,,,
esco_1_2_1,16933,prepared meat operator,15194,Food and related products machine operators,15193,Food and related products machine operators,15194,Food and related products machine operators,,,,,,
esco_1_2_1,18120,refining machine operator,15194,Food and related products machine operators,15193,Food and related products machine operators,15194,Food and related products machine operators,,,,,,
esco_1_2_1,15566,sauce production operator,15194,Food and related products machine operators,15193,Food and related products machine operators,15194,Food and related products machine operators,,,,,,
esco_1_2_1,15977,starch converting operator,15194,Food and related products machine operators,15193,Food and related products machine operators,15194,Food and related products machine operators,,,,,,
esco_1_2_1,17067,starch extraction operator,15194,Food and related products machine operators,15193,Food and related products machine operators,15194,Food and related products machine operators,,,,,,
esco_1_2_1,15917,sugar refinery operator,15194,Food and related products machine operators,15193,Food and related products machine operators,15194,Food and related products machine operators,,,,,,
esco_1_2_1,17760,vermouth manufacturer,15194,Food and related products machine operators,15193,Food and related products machine operators,15194,Food and related products machine operators,,,,,,
esco_1_2_1,17549,wine fermenter,15194,Food and related products machine operators,15193,Food and related products machine operators,15194,Food and related products machine operators,,,,,,
esco_1_2_1,17619,yeast distiller,15194,Food and related products machine operators,15193,Food and related products machine operators,15194,Food and related products machine operators,,,,,,
esco_1_2_1,17240,pizzaiolo,15258,Fast food preparers,15257,Food preparation assistants,15258,Fast food preparers,,,,,,
esco_1_2_1,17129,quick service restaurant crew member,15258,Fast food preparers,15257,Food preparation assistants,15258,Fast food preparers,,,,,,
esco_1_2_1,18006,kitchen assistant,15259,Kitchen helpers,15257,Food preparation assistants,15259,Kitchen helpers,,,,,,
esco_1_2_1,18221,kitchen porter,15259,Kitchen helpers,15257,Food preparation assistants,15259,Kitchen helpers,,,,,,
esco_1_2_1,15614,baker,15145,"Bakers, pastry-cooks and confectionery makers",15143,Food processing and related trades workers,15145,"Bakers, pastry-cooks and confectionery makers",,,,,,
esco_1_2_1,15963,chocolatier,15145,"Bakers, pastry-cooks and confectionery makers",15143,Food processing and related trades workers,15145,"Bakers, pastry-cooks and confectionery makers",,,,,,
esco_1_2_1,17979,confectioner,15145,"Bakers, pastry-cooks and confectionery makers",15143,Food processing and related trades workers,15145,"Bakers, pastry-cooks and confectionery makers",,,,,,
esco_1_2_1,15772,pasta maker,15145,"Bakers, pastry-cooks and confectionery makers",15143,Food processing and related trades workers,15145,"Bakers, pastry-cooks and confectionery makers",,,,,,
esco_1_2_1,18312,pastry maker,15145,"Bakers, pastry-cooks and confectionery makers",15143,Food processing and related trades workers,15145,"Bakers, pastry-cooks and confectionery makers",,,,,,
esco_1_2_1,15983,butcher,15144,"Butchers, fishmongers and related food preparers",15143,Food processing and related trades workers,15144,"Butchers, fishmongers and related food preparers",,,,,,
esco_1_2_1,17637,fish preparation operator,15144,"Butchers, fishmongers and related food preparers",15143,Food processing and related trades workers,15144,"Butchers, fishmongers and related food preparers",,,,,,
esco_1_2_1,16613,fish trimmer,15144,"Butchers, fishmongers and related food preparers",15143,Food processing and related trades workers,15144,"Butchers, fishmongers and related food preparers",,,,,,
esco_1_2_1,16173,halal butcher,15144,"Butchers, fishmongers and related food preparers",15143,Food processing and related trades workers,15983,butcher,,,,,,
esco_1_2_1,18154,halal slaughterer,15144,"Butchers, fishmongers and related food preparers",15143,Food processing and related trades workers,15944,slaughterer,,,,,,
esco_1_2_1,17870,kosher butcher,15144,"Butchers, fishmongers and related food preparers",15143,Food processing and related trades workers,15983,butcher,,,,,,
esco_1_2_1,17868,kosher slaughterer,15144,"Butchers, fishmongers and related food preparers",15143,Food processing and related trades workers,15944,slaughterer,,,,,,
esco_1_2_1,15357,meat cutter,15144,"Butchers, fishmongers and related food preparers",15143,Food processing and related trades workers,15144,"Butchers, fishmongers and related food preparers",,,,,,
esco_1_2_1,16849,meat preparations operator,15144,"Butchers, fishmongers and related food preparers",15143,Food processing and related trades workers,15144,"Butchers, fishmongers and related food preparers",,,,,,
esco_1_2_1,15944,slaughterer,15144,"Butchers, fishmongers and related food preparers",15143,Food processing and related trades workers,15144,"Butchers, fishmongers and related food preparers",,,,,,
esco_1_2_1,16118,dairy products maker,15146,Dairy-products makers,15143,Food processing and related trades workers,15146,Dairy-products makers,,,,,,
esco_1_2_1,16889,milk reception operator,15146,Dairy-products makers,15143,Food processing and related trades workers,15146,Dairy-products makers,,,,,,
esco_1_2_1,16053,coffee taster,15148,Food and beverage tasters and graders,15143,Food processing and related trades workers,15148,Food and beverage tasters and graders,,,,,,
esco_1_2_1,17384,farm milk controller,15148,Food and beverage tasters and graders,15143,Food processing and related trades workers,15148,Food and beverage tasters and graders,,,,,,
esco_1_2_1,17483,food grader,15148,Food and beverage tasters and graders,15143,Food processing and related trades workers,15148,Food and beverage tasters and graders,,,,,,
esco_1_2_1,17947,malt master,15148,Food and beverage tasters and graders,15143,Food processing and related trades workers,15148,Food and beverage tasters and graders,,,,,,
esco_1_2_1,17271,master coffee roaster,15148,Food and beverage tasters and graders,15143,Food processing and related trades workers,15148,Food and beverage tasters and graders,,,,,,
esco_1_2_1,16594,oil mill operator,15147,"Fruit, vegetable and related preservers",15143,Food processing and related trades workers,15147,"Fruit, vegetable and related preservers",,,,,,
esco_1_2_1,15890,oilseed presser,15147,"Fruit, vegetable and related preservers",15143,Food processing and related trades workers,15147,"Fruit, vegetable and related preservers",,,,,,
esco_1_2_1,15366,curing room worker,15149,Tobacco preparers and tobacco products makers,15143,Food processing and related trades workers,15149,Tobacco preparers and tobacco products makers,,,,,,
esco_1_2_1,16468,leaf sorter,15149,Tobacco preparers and tobacco products makers,15143,Food processing and related trades workers,15149,Tobacco preparers and tobacco products makers,,,,,,
esco_1_2_1,17235,leaf tier,15149,Tobacco preparers and tobacco products makers,15143,Food processing and related trades workers,15149,Tobacco preparers and tobacco products makers,,,,,,
esco_1_2_1,18183,forest ranger,15066,Forestry and related workers,15065,Forestry and related workers,15066,Forestry and related workers,,,,,,
esco_1_2_1,16741,clothing CAD patternmaker,15156,Garment and related pattern-makers and cutters,15154,Garment and related trades workers,15156,Garment and related pattern-makers and cutters,,,,,,
esco_1_2_1,17075,clothing cutter,15156,Garment and related pattern-makers and cutters,15154,Garment and related trades workers,15156,Garment and related pattern-makers and cutters,,,,,,
esco_1_2_1,15375,clothing product grader,15156,Garment and related pattern-makers and cutters,15154,Garment and related trades workers,15156,Garment and related pattern-makers and cutters,,,,,,
esco_1_2_1,15595,digital prototyper,15156,Garment and related pattern-makers and cutters,15154,Garment and related trades workers,15156,Garment and related pattern-makers and cutters,,,,,,
esco_1_2_1,15799,leather goods CAD patternmaker,15156,Garment and related pattern-makers and cutters,15154,Garment and related trades workers,15156,Garment and related pattern-makers and cutters,,,,,,
esco_1_2_1,16291,leather goods patternmaker,15156,Garment and related pattern-makers and cutters,15154,Garment and related trades workers,15156,Garment and related pattern-makers and cutters,,,,,,
esco_1_2_1,15578,wearing apparel patternmaker,15156,Garment and related pattern-makers and cutters,15154,Garment and related trades workers,15156,Garment and related pattern-makers and cutters,,,,,,
esco_1_2_1,18053,leather sorter,15159,"Pelt dressers, tanners and fellmongers",15154,Garment and related trades workers,15159,"Pelt dressers, tanners and fellmongers",,,,,,
esco_1_2_1,15646,tanner,15159,"Pelt dressers, tanners and fellmongers",15154,Garment and related trades workers,15159,"Pelt dressers, tanners and fellmongers",,,,,,
esco_1_2_1,16980,doll maker,15157,"Sewing, embroidery and related workers",15154,Garment and related trades workers,15157,"Sewing, embroidery and related workers",,,,,,
esco_1_2_1,16707,embroiderer,15157,"Sewing, embroidery and related workers",15154,Garment and related trades workers,15157,"Sewing, embroidery and related workers",,,,,,
esco_1_2_1,16826,glove maker,15157,"Sewing, embroidery and related workers",15154,Garment and related trades workers,15157,"Sewing, embroidery and related workers",,,,,,
esco_1_2_1,15793,made-up textile articles manufacturer,15157,"Sewing, embroidery and related workers",15154,Garment and related trades workers,15157,"Sewing, embroidery and related workers",,,,,,
esco_1_2_1,16292,sewing machinist,15157,"Sewing, embroidery and related workers",15154,Garment and related trades workers,15157,"Sewing, embroidery and related workers",,,,,,
esco_1_2_1,15381,bespoke footwear technician,15160,Shoemakers and related workers,15154,Garment and related trades workers,18243,shoemaker,,,,,,
esco_1_2_1,16091,footwear 3D developer,15160,Shoemakers and related workers,15154,Garment and related trades workers,18243,shoemaker,,,,,,
esco_1_2_1,16084,footwear CAD patternmaker,15160,Shoemakers and related workers,15154,Garment and related trades workers,18243,shoemaker,,,,,,
esco_1_2_1,17798,footwear hand sewer,15160,Shoemakers and related workers,15154,Garment and related trades workers,18243,shoemaker,,,,,,
esco_1_2_1,17093,footwear patternmaker,15160,Shoemakers and related workers,15154,Garment and related trades workers,18243,shoemaker,,,,,,
esco_1_2_1,15407,hand lasting operator,15160,Shoemakers and related workers,15154,Garment and related trades workers,18243,shoemaker,,,,,,
esco_1_2_1,17054,leather goods finishing operator,15160,Shoemakers and related workers,15154,Garment and related trades workers,15751,leather goods manual operator,,,,,,
esco_1_2_1,15647,leather goods hand cutting operator,15160,Shoemakers and related workers,15154,Garment and related trades workers,15751,leather goods manual operator,,,,,,
esco_1_2_1,18047,leather goods hand stitcher,15160,Shoemakers and related workers,15154,Garment and related trades workers,15751,leather goods manual operator,,,,,,
esco_1_2_1,15751,leather goods manual operator,15160,Shoemakers and related workers,15154,Garment and related trades workers,15160,Shoemakers and related workers,,,,,,
esco_1_2_1,15543,orthopaedic footwear technician,15160,Shoemakers and related workers,15154,Garment and related trades workers,18243,shoemaker,,,,,,
esco_1_2_1,17955,shoe repairer,15160,Shoemakers and related workers,15154,Garment and related trades workers,18243,shoemaker,,,,,,
esco_1_2_1,18243,shoemaker,15160,Shoemakers and related workers,15154,Garment and related trades workers,15160,Shoemakers and related workers,,,,,,
esco_1_2_1,17476,costume maker,15155,"Tailors, dressmakers, furriers and hatters",15154,Garment and related trades workers,15155,"Tailors, dressmakers, furriers and hatters",,,,,,
esco_1_2_1,16340,dressmaker,15155,"Tailors, dressmakers, furriers and hatters",15154,Garment and related trades workers,15155,"Tailors, dressmakers, furriers and hatters",,,,,,
esco_1_2_1,17836,hide grader,15155,"Tailors, dressmakers, furriers and hatters",15154,Garment and related trades workers,15155,"Tailors, dressmakers, furriers and hatters",,,,,,
esco_1_2_1,18289,milliner,15155,"Tailors, dressmakers, furriers and hatters",15154,Garment and related trades workers,15155,"Tailors, dressmakers, furriers and hatters",,,,,,
esco_1_2_1,17150,tailor,15155,"Tailors, dressmakers, furriers and hatters",15154,Garment and related trades workers,15155,"Tailors, dressmakers, furriers and hatters",,,,,,
esco_1_2_1,17594,wig and hairpiece maker,15155,"Tailors, dressmakers, furriers and hatters",15154,Garment and related trades workers,15155,"Tailors, dressmakers, furriers and hatters",,,,,,
esco_1_2_1,17746,aircraft interior technician,15158,Upholsterers and related workers,15154,Garment and related trades workers,15158,Upholsterers and related workers,,,,,,
esco_1_2_1,17789,furniture upholsterer,15158,Upholsterers and related workers,15154,Garment and related trades workers,17115,upholsterer,,,,,,
esco_1_2_1,16103,marine upholsterer,15158,Upholsterers and related workers,15154,Garment and related trades workers,17115,upholsterer,,,,,,
esco_1_2_1,17083,mattress maker,15158,Upholsterers and related workers,15154,Garment and related trades workers,15158,Upholsterers and related workers,,,,,,
esco_1_2_1,17754,motor vehicle upholsterer,15158,Upholsterers and related workers,15154,Garment and related trades workers,17115,upholsterer,,,,,,
esco_1_2_1,16591,railway car upholsterer,15158,Upholsterers and related workers,15154,Garment and related trades workers,17115,upholsterer,,,,,,
esco_1_2_1,17115,upholsterer,15158,Upholsterers and related workers,15154,Garment and related trades workers,15158,Upholsterers and related workers,,,,,,
esco_1_2_1,15406,membership administrator,14953,General office clerks,14952,General office clerks,16616,office clerk,,,,,,
esco_1_2_1,16616,office clerk,14953,General office clerks,14952,General office clerks,14953,General office clerks,,,,,,
esco_1_2_1,17264,aesthetician,15005,Beauticians and related workers,15003,"Hairdressers, beauticians and related workers",15005,Beauticians and related workers,,,,,,
esco_1_2_1,17862,beauty salon attendant,15005,Beauticians and related workers,15003,"Hairdressers, beauticians and related workers",15005,Beauticians and related workers,,,,,,
esco_1_2_1,16691,hair removal technician,15005,Beauticians and related workers,15003,"Hairdressers, beauticians and related workers",15005,Beauticians and related workers,,,,,,
esco_1_2_1,16450,make-up and hair designer,15005,Beauticians and related workers,15003,"Hairdressers, beauticians and related workers",15005,Beauticians and related workers,,,,,,
esco_1_2_1,16181,make-up artist,15005,Beauticians and related workers,15003,"Hairdressers, beauticians and related workers",15005,Beauticians and related workers,,,,,,
esco_1_2_1,17590,manicurist,15005,Beauticians and related workers,15003,"Hairdressers, beauticians and related workers",15005,Beauticians and related workers,,,,,,
esco_1_2_1,15596,masseur/masseuse,15005,Beauticians and related workers,15003,"Hairdressers, beauticians and related workers",15005,Beauticians and related workers,,,,,,
esco_1_2_1,16172,pedicurist,15005,Beauticians and related workers,15003,"Hairdressers, beauticians and related workers",15005,Beauticians and related workers,,,,,,
esco_1_2_1,17882,personal stylist,15005,Beauticians and related workers,15003,"Hairdressers, beauticians and related workers",15005,Beauticians and related workers,,,,,,
esco_1_2_1,15853,spa attendant,15005,Beauticians and related workers,15003,"Hairdressers, beauticians and related workers",15005,Beauticians and related workers,,,,,,
esco_1_2_1,17612,tanning consultant,15005,Beauticians and related workers,15003,"Hairdressers, beauticians and related workers",15005,Beauticians and related workers,,,,,,
esco_1_2_1,16743,weight loss consultant,15005,Beauticians and related workers,15003,"Hairdressers, beauticians and related workers",15005,Beauticians and related workers,,,,,,
esco_1_2_1,16248,barber,15004,Hairdressers,15003,"Hairdressers, beauticians and related workers",15401,hairdresser,,,,,,
esco_1_2_1,16908,hair stylist,15004,Hairdressers,15003,"Hairdressers, beauticians and related workers",15401,hairdresser,,,,,,
esco_1_2_1,15401,hairdresser,15004,Hairdressers,15003,"Hairdressers, beauticians and related workers",15004,Hairdressers,,,,,,
esco_1_2_1,16347,hairdresser assistant,15004,Hairdressers,15003,"Hairdressers, beauticians and related workers",15401,hairdresser,,,,,,
esco_1_2_1,18207,performance hairdresser,15004,Hairdressers,15003,"Hairdressers, beauticians and related workers",15401,hairdresser,,,,,,
esco_1_2_1,17759,glass beveller,15125,"Glass makers, cutters, grinders and finishers",15120,Handicraft workers,15125,"Glass makers, cutters, grinders and finishers",,,,,,
esco_1_2_1,16530,glass-blower,15125,"Glass makers, cutters, grinders and finishers",15120,Handicraft workers,15125,"Glass makers, cutters, grinders and finishers",,,,,,
esco_1_2_1,17010,carpet handicraft worker,15128,"Handicraft workers in textile, leather and related materials",15120,Handicraft workers,15128,"Handicraft workers in textile, leather and related materials",,,,,,
esco_1_2_1,17477,carpet weaver,15128,"Handicraft workers in textile, leather and related materials",15120,Handicraft workers,15128,"Handicraft workers in textile, leather and related materials",,,,,,
esco_1_2_1,18106,fishing net maker,15128,"Handicraft workers in textile, leather and related materials",15120,Handicraft workers,15128,"Handicraft workers in textile, leather and related materials",,,,,,
esco_1_2_1,15952,knitter,15128,"Handicraft workers in textile, leather and related materials",15120,Handicraft workers,15128,"Handicraft workers in textile, leather and related materials",,,,,,
esco_1_2_1,16700,leather goods artisanal worker,15128,"Handicraft workers in textile, leather and related materials",15120,Handicraft workers,15128,"Handicraft workers in textile, leather and related materials",,,,,,
esco_1_2_1,15307,weaver,15128,"Handicraft workers in textile, leather and related materials",15120,Handicraft workers,15128,"Handicraft workers in textile, leather and related materials",,,,,,
esco_1_2_1,17231,artisan papermaker,15127,"Handicraft workers in wood, basketry and related materials",15120,Handicraft workers,15127,"Handicraft workers in wood, basketry and related materials",,,,,,
esco_1_2_1,17435,basketmaker,15127,"Handicraft workers in wood, basketry and related materials",15120,Handicraft workers,15127,"Handicraft workers in wood, basketry and related materials",,,,,,
esco_1_2_1,17211,brush maker,15127,"Handicraft workers in wood, basketry and related materials",15120,Handicraft workers,15127,"Handicraft workers in wood, basketry and related materials",,,,,,
esco_1_2_1,16453,toymaker,15127,"Handicraft workers in wood, basketry and related materials",15120,Handicraft workers,15127,"Handicraft workers in wood, basketry and related materials",,,,,,
esco_1_2_1,17102,wicker furniture maker,15127,"Handicraft workers in wood, basketry and related materials",15120,Handicraft workers,15127,"Handicraft workers in wood, basketry and related materials",,,,,,
esco_1_2_1,17552,woodcarver,15127,"Handicraft workers in wood, basketry and related materials",15120,Handicraft workers,15127,"Handicraft workers in wood, basketry and related materials",,,,,,
esco_1_2_1,17998,candle maker,15129,Handicraft workers not elsewhere classified,15120,Handicraft workers,15129,Handicraft workers not elsewhere classified,,,,,,
esco_1_2_1,15651,sports equipment repair technician,15129,Handicraft workers not elsewhere classified,15120,Handicraft workers,15129,Handicraft workers not elsewhere classified,,,,,,
esco_1_2_1,15486,filigree maker,15123,Jewellery and precious-metal workers,15120,Handicraft workers,16496,jeweller,,,,,,
esco_1_2_1,16990,goldsmith,15123,Jewellery and precious-metal workers,15120,Handicraft workers,16496,jeweller,,,,,,
esco_1_2_1,16496,jeweller,15123,Jewellery and precious-metal workers,15120,Handicraft workers,15123,Jewellery and precious-metal workers,,,,,,
esco_1_2_1,15976,jewellery engraver,15123,Jewellery and precious-metal workers,15120,Handicraft workers,16496,jeweller,,,,,,
esco_1_2_1,16756,jewellery mounter,15123,Jewellery and precious-metal workers,15120,Handicraft workers,16496,jeweller,,,,,,
esco_1_2_1,18029,jewellery polisher,15123,Jewellery and precious-metal workers,15120,Handicraft workers,16496,jeweller,,,,,,
esco_1_2_1,17948,jewellery repairer,15123,Jewellery and precious-metal workers,15120,Handicraft workers,16496,jeweller,,,,,,
esco_1_2_1,16716,precious stone cutter,15123,Jewellery and precious-metal workers,15120,Handicraft workers,15123,Jewellery and precious-metal workers,,,,,,
esco_1_2_1,16568,precious stone setter,15123,Jewellery and precious-metal workers,15120,Handicraft workers,16496,jeweller,,,,,,
esco_1_2_1,18098,silversmith,15123,Jewellery and precious-metal workers,15120,Handicraft workers,16496,jeweller,,,,,,
esco_1_2_1,16910,guitar maker,15122,Musical instrument makers and tuners,15120,Handicraft workers,15411,stringed musical instrument maker,,,,,,
esco_1_2_1,17599,harp maker,15122,Musical instrument makers and tuners,15120,Handicraft workers,15411,stringed musical instrument maker,,,,,,
esco_1_2_1,15599,harpsichord maker,15122,Musical instrument makers and tuners,15120,Handicraft workers,17709,keyboard musical instrument maker,,,,,,
esco_1_2_1,18199,idiophone musical instruments maker,15122,Musical instrument makers and tuners,15120,Handicraft workers,15122,Musical instrument makers and tuners,,,,,,
esco_1_2_1,16703,instrument technician,15122,Musical instrument makers and tuners,15120,Handicraft workers,15122,Musical instrument makers and tuners,,,,,,
esco_1_2_1,17709,keyboard musical instrument maker,15122,Musical instrument makers and tuners,15120,Handicraft workers,15122,Musical instrument makers and tuners,,,,,,
esco_1_2_1,17497,membranophone musical instruments maker,15122,Musical instrument makers and tuners,15120,Handicraft workers,15122,Musical instrument makers and tuners,,,,,,
esco_1_2_1,16038,musical instrument technician,15122,Musical instrument makers and tuners,15120,Handicraft workers,15122,Musical instrument makers and tuners,,,,,,
esco_1_2_1,17724,organ builder,15122,Musical instrument makers and tuners,15120,Handicraft workers,17709,keyboard musical instrument maker,,,,,,
esco_1_2_1,17154,piano maker,15122,Musical instrument makers and tuners,15120,Handicraft workers,17709,keyboard musical instrument maker,,,,,,
esco_1_2_1,15411,stringed musical instrument maker,15122,Musical instrument makers and tuners,15120,Handicraft workers,15122,Musical instrument makers and tuners,,,,,,
esco_1_2_1,17823,violin maker,15122,Musical instrument makers and tuners,15120,Handicraft workers,15411,stringed musical instrument maker,,,,,,
esco_1_2_1,18248,wind musical instrument maker,15122,Musical instrument makers and tuners,15120,Handicraft workers,15122,Musical instrument makers and tuners,,,,,,
esco_1_2_1,15540,hand brick moulder,15124,Potters and related workers,15120,Handicraft workers,15124,Potters and related workers,,,,,,
esco_1_2_1,16465,pottery and porcelain caster,15124,Potters and related workers,15120,Handicraft workers,15124,Potters and related workers,,,,,,
esco_1_2_1,17149,production potter,15124,Potters and related workers,15120,Handicraft workers,15124,Potters and related workers,,,,,,
esco_1_2_1,15509,clock and watchmaker,15121,Precision-instrument makers and repairers,15120,Handicraft workers,15121,Precision-instrument makers and repairers,,,,,,
esco_1_2_1,15551,optical instrument assembler,15121,Precision-instrument makers and repairers,15120,Handicraft workers,15121,Precision-instrument makers and repairers,,,,,,
esco_1_2_1,15818,optical instrument repairer,15121,Precision-instrument makers and repairers,15120,Handicraft workers,15121,Precision-instrument makers and repairers,,,,,,
esco_1_2_1,17972,precision instrument assembler,15121,Precision-instrument makers and repairers,15120,Handicraft workers,15121,Precision-instrument makers and repairers,,,,,,
esco_1_2_1,17581,surgical instrument maker,15121,Precision-instrument makers and repairers,15120,Handicraft workers,15121,Precision-instrument makers and repairers,,,,,,
esco_1_2_1,15611,watch and clock repairer,15121,Precision-instrument makers and repairers,15120,Handicraft workers,15121,Precision-instrument makers and repairers,,,,,,
esco_1_2_1,15319,ceramic painter,15126,"Sign writers, decorative painters, engravers and etchers",15120,Handicraft workers,16097,decorative painter,,,,,,
esco_1_2_1,16097,decorative painter,15126,"Sign writers, decorative painters, engravers and etchers",15120,Handicraft workers,15126,"Sign writers, decorative painters, engravers and etchers",,,,,,
esco_1_2_1,16011,glass engraver,15126,"Sign writers, decorative painters, engravers and etchers",15120,Handicraft workers,15126,"Sign writers, decorative painters, engravers and etchers",,,,,,
esco_1_2_1,16626,glass painter,15126,"Sign writers, decorative painters, engravers and etchers",15120,Handicraft workers,16097,decorative painter,,,,,,
esco_1_2_1,17004,metal engraver,15126,"Sign writers, decorative painters, engravers and etchers",15120,Handicraft workers,15126,"Sign writers, decorative painters, engravers and etchers",,,,,,
esco_1_2_1,17936,porcelain painter,15126,"Sign writers, decorative painters, engravers and etchers",15120,Handicraft workers,16097,decorative painter,,,,,,
esco_1_2_1,17256,sign maker,15126,"Sign writers, decorative painters, engravers and etchers",15120,Handicraft workers,15126,"Sign writers, decorative painters, engravers and etchers",,,,,,
esco_1_2_1,17123,wood painter,15126,"Sign writers, decorative painters, engravers and etchers",15120,Handicraft workers,16097,decorative painter,,,,,,
esco_1_2_1,15293,bus driver,15216,Bus and tram drivers,15215,Heavy truck and bus drivers,15216,Bus and tram drivers,,,,,,
esco_1_2_1,15333,tram driver,15216,Bus and tram drivers,15215,Heavy truck and bus drivers,15216,Bus and tram drivers,,,,,,
esco_1_2_1,16007,trolley bus driver,15216,Bus and tram drivers,15215,Heavy truck and bus drivers,15293,bus driver,,,,,,
esco_1_2_1,15664,aircraft fuel system operator,15217,Heavy truck and lorry drivers,15215,Heavy truck and bus drivers,15217,Heavy truck and lorry drivers,,,,,,
esco_1_2_1,16133,cargo vehicle driver,15217,Heavy truck and lorry drivers,15215,Heavy truck and bus drivers,15217,Heavy truck and lorry drivers,,,,,,
esco_1_2_1,16368,concrete pump operator,15217,Heavy truck and lorry drivers,15215,Heavy truck and bus drivers,15217,Heavy truck and lorry drivers,,,,,,
esco_1_2_1,17705,dangerous goods driver,15217,Heavy truck and lorry drivers,15215,Heavy truck and bus drivers,15217,Heavy truck and lorry drivers,,,,,,
esco_1_2_1,15630,fire service vehicle operator,15217,Heavy truck and lorry drivers,15215,Heavy truck and bus drivers,15217,Heavy truck and lorry drivers,,,,,,
esco_1_2_1,17109,live animal transporter,15217,Heavy truck and lorry drivers,15215,Heavy truck and bus drivers,15217,Heavy truck and lorry drivers,,,,,,
esco_1_2_1,17302,moving truck driver,15217,Heavy truck and lorry drivers,15215,Heavy truck and bus drivers,15217,Heavy truck and lorry drivers,,,,,,
esco_1_2_1,15746,refuse vehicle driver,15217,Heavy truck and lorry drivers,15215,Heavy truck and bus drivers,15217,Heavy truck and lorry drivers,,,,,,
esco_1_2_1,16443,tow truck driver,15217,Heavy truck and lorry drivers,15215,Heavy truck and bus drivers,15217,Heavy truck and lorry drivers,,,,,,
esco_1_2_1,16321,accommodation manager,14707,Hotel managers,14706,Hotel and restaurant managers,14707,Hotel managers,,,,,,
esco_1_2_1,16171,hospitality entertainment manager,14707,Hotel managers,14706,Hotel and restaurant managers,14707,Hotel managers,,,,,,
esco_1_2_1,15318,rooms division manager,14707,Hotel managers,14706,Hotel and restaurant managers,14707,Hotel managers,,,,,,
esco_1_2_1,17884,restaurant manager,14708,Restaurant managers,14706,Hotel and restaurant managers,14708,Restaurant managers,,,,,,
esco_1_2_1,16386,aviation data communications manager,14945,Computer network and systems technicians,14942,Information and communications technology operations and user support technicians,14945,Computer network and systems technicians,,,,,,
esco_1_2_1,16533,ICT network technician,14945,Computer network and systems technicians,14942,Information and communications technology operations and user support technicians,14945,Computer network and systems technicians,,,,,,
esco_1_2_1,17137,data centre operator,14943,Information and communications technology operations technicians,14942,Information and communications technology operations and user support technicians,14943,Information and communications technology operations technicians,,,,,,
esco_1_2_1,17371,ICT help desk agent,14944,Information and communications technology user support technicians,14942,Information and communications technology operations and user support technicians,14944,Information and communications technology user support technicians,,,,,,
esco_1_2_1,15516,ICT help desk manager,14944,Information and communications technology user support technicians,14942,Information and communications technology operations and user support technicians,14944,Information and communications technology user support technicians,,,,,,
esco_1_2_1,17290,ICT security technician,14944,Information and communications technology user support technicians,14942,Information and communications technology operations and user support technicians,14944,Information and communications technology user support technicians,,,,,,
esco_1_2_1,16068,ICT technician,14944,Information and communications technology user support technicians,14942,Information and communications technology operations and user support technicians,14944,Information and communications technology user support technicians,,,,,,
esco_1_2_1,17952,webmaster,14946,Web technicians,14942,Information and communications technology operations and user support technicians,14946,Web technicians,,,,,,
esco_1_2_1,18012,chief data officer,14696,Information and communications technology service managers,14695,Information and communications technology service managers,14696,Information and communications technology service managers,,,,,,
esco_1_2_1,16911,chief information officer,14696,Information and communications technology service managers,14695,Information and communications technology service managers,14696,Information and communications technology service managers,,,,,,
esco_1_2_1,16809,chief technology officer,14696,Information and communications technology service managers,14695,Information and communications technology service managers,14696,Information and communications technology service managers,,,,,,
esco_1_2_1,16681,digital transformation manager,14696,Information and communications technology service managers,14695,Information and communications technology service managers,16883,ICT information and knowledge manager,,,,,,
esco_1_2_1,16471,ICT documentation manager,14696,Information and communications technology service managers,14695,Information and communications technology service managers,14696,Information and communications technology service managers,,,,,,
esco_1_2_1,17743,ICT environmental manager,14696,Information and communications technology service managers,14695,Information and communications technology service managers,14696,Information and communications technology service managers,,,,,,
esco_1_2_1,16883,ICT information and knowledge manager,14696,Information and communications technology service managers,14695,Information and communications technology service managers,18012,chief data officer,,,,,,
esco_1_2_1,18149,ICT operations manager,14696,Information and communications technology service managers,14695,Information and communications technology service managers,14696,Information and communications technology service managers,,,,,,
esco_1_2_1,17335,ICT product manager,14696,Information and communications technology service managers,14695,Information and communications technology service managers,14696,Information and communications technology service managers,,,,,,
esco_1_2_1,17007,ICT project manager,14696,Information and communications technology service managers,14695,Information and communications technology service managers,14696,Information and communications technology service managers,,,,,,
esco_1_2_1,18070,ICT vendor relationship manager,14696,Information and communications technology service managers,14695,Information and communications technology service managers,14696,Information and communications technology service managers,,,,,,
esco_1_2_1,18170,software manager,14696,Information and communications technology service managers,14695,Information and communications technology service managers,18149,ICT operations manager,,,,,,
esco_1_2_1,16045,telecommunications manager,14696,Information and communications technology service managers,14695,Information and communications technology service managers,14696,Information and communications technology service managers,,,,,,
esco_1_2_1,16522,data entry clerk,14958,Data entry clerks,14956,Keyboard operators,14958,Data entry clerks,,,,,,
esco_1_2_1,15720,typist,14957,Typists and word processing operators,14956,Keyboard operators,14957,Typists and word processing operators,,,,,,
esco_1_2_1,15382,judge,14816,Judges,14814,Legal professionals,14816,Judges,,,,,,
esco_1_2_1,15949,supreme court judge,14816,Judges,14814,Legal professionals,15382,judge,,,,,,
esco_1_2_1,18305,corporate lawyer,14815,Lawyers,14814,Legal professionals,17142,lawyer,,,,,,
esco_1_2_1,17142,lawyer,14815,Lawyers,14814,Legal professionals,14815,Lawyers,,,,,,
esco_1_2_1,17398,prosecutor,14815,Lawyers,14814,Legal professionals,17142,lawyer,,,,,,
esco_1_2_1,15845,contract manager,14817,Legal professionals not elsewhere classified,14814,Legal professionals,14817,Legal professionals not elsewhere classified,,,,,,
esco_1_2_1,17714,coroner,14817,Legal professionals not elsewhere classified,14814,Legal professionals,14817,Legal professionals not elsewhere classified,,,,,,
esco_1_2_1,16747,court jury coordinator,14817,Legal professionals not elsewhere classified,14814,Legal professionals,14817,Legal professionals not elsewhere classified,,,,,,
esco_1_2_1,15554,data protection officer,14817,Legal professionals not elsewhere classified,14814,Legal professionals,14817,Legal professionals not elsewhere classified,,,,,,
esco_1_2_1,15744,election observer,14817,Legal professionals not elsewhere classified,14814,Legal professionals,14817,Legal professionals not elsewhere classified,,,,,,
esco_1_2_1,16965,human rights officer,14817,Legal professionals not elsewhere classified,14814,Legal professionals,14817,Legal professionals not elsewhere classified,,,,,,
esco_1_2_1,15908,legal consultant,14817,Legal professionals not elsewhere classified,14814,Legal professionals,14817,Legal professionals not elsewhere classified,,,,,,
esco_1_2_1,16813,legislative drafter,14817,Legal professionals not elsewhere classified,14814,Legal professionals,14817,Legal professionals not elsewhere classified,,,,,,
esco_1_2_1,16087,mediator,14817,Legal professionals not elsewhere classified,14814,Legal professionals,14817,Legal professionals not elsewhere classified,,,,,,
esco_1_2_1,17838,notary,14817,Legal professionals not elsewhere classified,14814,Legal professionals,14817,Legal professionals not elsewhere classified,,,,,,
esco_1_2_1,16559,ombudsman,14817,Legal professionals not elsewhere classified,14814,Legal professionals,14817,Legal professionals not elsewhere classified,,,,,,
esco_1_2_1,16769,regulatory affairs manager,14817,Legal professionals not elsewhere classified,14814,Legal professionals,14817,Legal professionals not elsewhere classified,,,,,,
esco_1_2_1,17561,case administrator,14928,Legal and related associate professionals,14927,"Legal, social and religious associate professionals",14928,Legal and related associate professionals,,,,,,
esco_1_2_1,17348,conveyance clerk,14928,Legal and related associate professionals,14927,"Legal, social and religious associate professionals",14928,Legal and related associate professionals,,,,,,
esco_1_2_1,17342,court administrative officer,14928,Legal and related associate professionals,14927,"Legal, social and religious associate professionals",14928,Legal and related associate professionals,,,,,,
esco_1_2_1,16452,court bailiff,14928,Legal and related associate professionals,14927,"Legal, social and religious associate professionals",14928,Legal and related associate professionals,,,,,,
esco_1_2_1,15476,court clerk,14928,Legal and related associate professionals,14927,"Legal, social and religious associate professionals",14928,Legal and related associate professionals,,,,,,
esco_1_2_1,17484,court enforcement officer,14928,Legal and related associate professionals,14927,"Legal, social and religious associate professionals",14928,Legal and related associate professionals,,,,,,
esco_1_2_1,18208,justice of the peace,14928,Legal and related associate professionals,14927,"Legal, social and religious associate professionals",14928,Legal and related associate professionals,,,,,,
esco_1_2_1,17077,legal assistant,14928,Legal and related associate professionals,14927,"Legal, social and religious associate professionals",14928,Legal and related associate professionals,,,,,,
esco_1_2_1,16759,private detective,14928,Legal and related associate professionals,14927,"Legal, social and religious associate professionals",14928,Legal and related associate professionals,,,,,,
esco_1_2_1,16684,store detective,14928,Legal and related associate professionals,14927,"Legal, social and religious associate professionals",16759,private detective,,,,,,
esco_1_2_1,15927,monk/nun,14930,Religious associate professionals,14927,"Legal, social and religious associate professionals",14930,Religious associate professionals,,,,,,
esco_1_2_1,16553,pastoral worker,14930,Religious associate professionals,14927,"Legal, social and religious associate professionals",14930,Religious associate professionals,,,,,,
esco_1_2_1,17708,adult community care worker,14929,Social work associate professionals,14927,"Legal, social and religious associate professionals",17040,social care worker,,,,,,
esco_1_2_1,18181,care home worker,14929,Social work associate professionals,14927,"Legal, social and religious associate professionals",17040,social care worker,,,,,,
esco_1_2_1,15820,child welfare worker,14929,Social work associate professionals,14927,"Legal, social and religious associate professionals",17040,social care worker,,,,,,
esco_1_2_1,17084,crisis helpline operator,14929,Social work associate professionals,14927,"Legal, social and religious associate professionals",14929,Social work associate professionals,,,,,,
esco_1_2_1,17210,disability support worker,14929,Social work associate professionals,14927,"Legal, social and religious associate professionals",17040,social care worker,,,,,,
esco_1_2_1,16229,family support worker,14929,Social work associate professionals,14927,"Legal, social and religious associate professionals",17040,social care worker,,,,,,
esco_1_2_1,15674,foster care support worker,14929,Social work associate professionals,14927,"Legal, social and religious associate professionals",17040,social care worker,,,,,,
esco_1_2_1,16261,housing support worker,14929,Social work associate professionals,14927,"Legal, social and religious associate professionals",17040,social care worker,,,,,,
esco_1_2_1,15306,legal guardian,14929,Social work associate professionals,14927,"Legal, social and religious associate professionals",14929,Social work associate professionals,,,,,,
esco_1_2_1,18280,life coach,14929,Social work associate professionals,14927,"Legal, social and religious associate professionals",14929,Social work associate professionals,,,,,,
esco_1_2_1,16415,mental health support worker,14929,Social work associate professionals,14927,"Legal, social and religious associate professionals",17040,social care worker,,,,,,
esco_1_2_1,16244,residential childcare worker,14929,Social work associate professionals,14927,"Legal, social and religious associate professionals",17040,social care worker,,,,,,
esco_1_2_1,16791,residential home adult care worker,14929,Social work associate professionals,14927,"Legal, social and religious associate professionals",17040,social care worker,,,,,,
esco_1_2_1,16282,residential home older adult care worker,14929,Social work associate professionals,14927,"Legal, social and religious associate professionals",17040,social care worker,,,,,,
esco_1_2_1,16558,residential home young people care worker,14929,Social work associate professionals,14927,"Legal, social and religious associate professionals",17040,social care worker,,,,,,
esco_1_2_1,17040,social care worker,14929,Social work associate professionals,14927,"Legal, social and religious associate professionals",14929,Social work associate professionals,,,,,,
esco_1_2_1,16273,social work assistant,14929,Social work associate professionals,14927,"Legal, social and religious associate professionals",14929,Social work associate professionals,,,,,,
esco_1_2_1,15669,volunteer mentor,14929,Social work associate professionals,14927,"Legal, social and religious associate professionals",14929,Social work associate professionals,,,,,,
esco_1_2_1,16688,city councillor,14670,Legislators,14669,Legislators and senior officials,14670,Legislators,,,,,,
esco_1_2_1,16088,government minister,14670,Legislators,14669,Legislators and senior officials,14670,Legislators,,,,,,
esco_1_2_1,17885,governor,14670,Legislators,14669,Legislators and senior officials,14670,Legislators,,,,,,
esco_1_2_1,16623,mayor,14670,Legislators,14669,Legislators and senior officials,14670,Legislators,,,,,,
esco_1_2_1,16427,member of parliament,14670,Legislators,14669,Legislators and senior officials,14670,Legislators,,,,,,
esco_1_2_1,15470,secretary of state,14670,Legislators,14669,Legislators and senior officials,14670,Legislators,,,,,,
esco_1_2_1,16718,senator,14670,Legislators,14669,Legislators and senior officials,14670,Legislators,,,,,,
esco_1_2_1,15594,ambassador,14671,Senior government officials,14669,Legislators and senior officials,15680,diplomat,,,,,,
esco_1_2_1,17226,central bank governor,14671,Senior government officials,14669,Legislators and senior officials,14671,Senior government officials,,,,,,
esco_1_2_1,17345,consul,14671,Senior government officials,14669,Legislators and senior officials,14671,Senior government officials,,,,,,
esco_1_2_1,15680,diplomat,14671,Senior government officials,14669,Legislators and senior officials,14671,Senior government officials,,,,,,
esco_1_2_1,17267,embassy counsellor,14671,Senior government officials,14669,Legislators and senior officials,15680,diplomat,,,,,,
esco_1_2_1,18162,fire commissioner,14671,Senior government officials,14669,Legislators and senior officials,14671,Senior government officials,,,,,,
esco_1_2_1,15819,police commissioner,14671,Senior government officials,14669,Legislators and senior officials,14671,Senior government officials,,,,,,
esco_1_2_1,15376,public administration manager,14671,Senior government officials,14669,Legislators and senior officials,14671,Senior government officials,,,,,,
esco_1_2_1,16434,secretary general,14671,Senior government officials,14669,Legislators and senior officials,14671,Senior government officials,,,,,,
esco_1_2_1,18085,special-interest groups' official,14673,Senior officials of special-interest organisations,14669,Legislators and senior officials,14673,Senior officials of special-interest organisations,,,,,,
esco_1_2_1,18021,archivist,14819,Archivists and curators,14818,"Librarians, archivists and curators",14819,Archivists and curators,,,,,,
esco_1_2_1,17130,collection manager,14819,Archivists and curators,14818,"Librarians, archivists and curators",14819,Archivists and curators,,,,,,
esco_1_2_1,16732,conservator,14819,Archivists and curators,14818,"Librarians, archivists and curators",14819,Archivists and curators,,,,,,
esco_1_2_1,18265,cultural archive manager,14819,Archivists and curators,14818,"Librarians, archivists and curators",14819,Archivists and curators,,,,,,
esco_1_2_1,17550,cultural visitor services manager,14819,Archivists and curators,14818,"Librarians, archivists and curators",14819,Archivists and curators,,,,,,
esco_1_2_1,16587,exhibition curator,14819,Archivists and curators,14818,"Librarians, archivists and curators",14819,Archivists and curators,,,,,,
esco_1_2_1,17053,exhibition registrar,14819,Archivists and curators,14818,"Librarians, archivists and curators",14819,Archivists and curators,,,,,,
esco_1_2_1,17316,museum scientist,14819,Archivists and curators,14818,"Librarians, archivists and curators",14819,Archivists and curators,,,,,,
esco_1_2_1,18055,zoo registrar,14819,Archivists and curators,14818,"Librarians, archivists and curators",14819,Archivists and curators,,,,,,
esco_1_2_1,15978,information manager,14820,Librarians and related information professionals,14818,"Librarians, archivists and curators",14820,Librarians and related information professionals,,,,,,
esco_1_2_1,16487,librarian,14820,Librarians and related information professionals,14818,"Librarians, archivists and curators",14820,Librarians and related information professionals,,,,,,
esco_1_2_1,16841,animal behaviourist,14724,"Biologists, botanists, zoologists and related professionals",14723,Life science professionals,14724,"Biologists, botanists, zoologists and related professionals",,,,,,
esco_1_2_1,18081,animal feed nutritionist,14724,"Biologists, botanists, zoologists and related professionals",14723,Life science professionals,14724,"Biologists, botanists, zoologists and related professionals",,,,,,
esco_1_2_1,16584,aquaculture biologist,14724,"Biologists, botanists, zoologists and related professionals",14723,Life science professionals,18131,biologist,,,,,,
esco_1_2_1,16636,biochemist,14724,"Biologists, botanists, zoologists and related professionals",14723,Life science professionals,18131,biologist,,,,,,
esco_1_2_1,16582,bioinformatics scientist,14724,"Biologists, botanists, zoologists and related professionals",14723,Life science professionals,14724,"Biologists, botanists, zoologists and related professionals",,,,,,
esco_1_2_1,18131,biologist,14724,"Biologists, botanists, zoologists and related professionals",14723,Life science professionals,14724,"Biologists, botanists, zoologists and related professionals",,,,,,
esco_1_2_1,15567,biophysicist,14724,"Biologists, botanists, zoologists and related professionals",14723,Life science professionals,18131,biologist,,,,,,
esco_1_2_1,17696,botanicals specialist,14724,"Biologists, botanists, zoologists and related professionals",14723,Life science professionals,18131,biologist,,,,,,
esco_1_2_1,16346,botanist,14724,"Biologists, botanists, zoologists and related professionals",14723,Life science professionals,18131,biologist,,,,,,
esco_1_2_1,17785,curator of horticulture,14724,"Biologists, botanists, zoologists and related professionals",14723,Life science professionals,16346,botanist,,,,,,
esco_1_2_1,17518,epidemiologist,14724,"Biologists, botanists, zoologists and related professionals",14723,Life science professionals,18131,biologist,,,,,,
esco_1_2_1,16585,food biotechnologist,14724,"Biologists, botanists, zoologists and related professionals",14723,Life science professionals,14724,"Biologists, botanists, zoologists and related professionals",,,,,,
esco_1_2_1,16491,geneticist,14724,"Biologists, botanists, zoologists and related professionals",14723,Life science professionals,18131,biologist,,,,,,
esco_1_2_1,17501,immunologist,14724,"Biologists, botanists, zoologists and related professionals",14723,Life science professionals,14724,"Biologists, botanists, zoologists and related professionals",,,,,,
esco_1_2_1,18143,marine biologist,14724,"Biologists, botanists, zoologists and related professionals",14723,Life science professionals,18131,biologist,,,,,,
esco_1_2_1,17338,microbiologist,14724,"Biologists, botanists, zoologists and related professionals",14723,Life science professionals,18131,biologist,,,,,,
esco_1_2_1,15484,pharmacologist,14724,"Biologists, botanists, zoologists and related professionals",14723,Life science professionals,14724,"Biologists, botanists, zoologists and related professionals",,,,,,
esco_1_2_1,15758,physiologist,14724,"Biologists, botanists, zoologists and related professionals",14723,Life science professionals,18131,biologist,,,,,,
esco_1_2_1,16081,toxicologist,14724,"Biologists, botanists, zoologists and related professionals",14723,Life science professionals,18131,biologist,,,,,,
esco_1_2_1,18308,air pollution analyst,14726,Environmental protection professionals,14723,Life science professionals,14726,Environmental protection professionals,,,,,,
esco_1_2_1,16593,airport environment officer,14726,Environmental protection professionals,14723,Life science professionals,14726,Environmental protection professionals,,,,,,
esco_1_2_1,17631,aquaculture environmental analyst,14726,Environmental protection professionals,14723,Life science professionals,14726,Environmental protection professionals,,,,,,
esco_1_2_1,18022,conservation scientist,14726,Environmental protection professionals,14723,Life science professionals,14726,Environmental protection professionals,,,,,,
esco_1_2_1,17980,countryside officer,14726,Environmental protection professionals,14723,Life science professionals,14726,Environmental protection professionals,,,,,,
esco_1_2_1,16989,ecologist,14726,Environmental protection professionals,14723,Life science professionals,14726,Environmental protection professionals,,,,,,
esco_1_2_1,16392,environmental programme coordinator,14726,Environmental protection professionals,14723,Life science professionals,14726,Environmental protection professionals,,,,,,
esco_1_2_1,15506,environmental scientist,14726,Environmental protection professionals,14723,Life science professionals,14726,Environmental protection professionals,,,,,,
esco_1_2_1,18066,environmental technician,14726,Environmental protection professionals,14723,Life science professionals,14726,Environmental protection professionals,,,,,,
esco_1_2_1,16807,groundwater monitoring technician,14726,Environmental protection professionals,14723,Life science professionals,18066,environmental technician,,,,,,
esco_1_2_1,18259,natural resources consultant,14726,Environmental protection professionals,14723,Life science professionals,14726,Environmental protection professionals,,,,,,
esco_1_2_1,16879,nature conservation officer,14726,Environmental protection professionals,14723,Life science professionals,14726,Environmental protection professionals,,,,,,
esco_1_2_1,15945,pipeline environmental project manager,14726,Environmental protection professionals,14723,Life science professionals,14726,Environmental protection professionals,,,,,,
esco_1_2_1,16599,soil scientist,14726,Environmental protection professionals,14723,Life science professionals,14726,Environmental protection professionals,,,,,,
esco_1_2_1,15791,water quality analyst,14726,Environmental protection professionals,14723,Life science professionals,14726,Environmental protection professionals,,,,,,
esco_1_2_1,17656,agricultural scientist,14725,"Farming, forestry and fisheries advisers",14723,Life science professionals,14725,"Farming, forestry and fisheries advisers",,,,,,
esco_1_2_1,17683,agronomist,14725,"Farming, forestry and fisheries advisers",14723,Life science professionals,14725,"Farming, forestry and fisheries advisers",,,,,,
esco_1_2_1,17283,aquaculture recirculation manager,14725,"Farming, forestry and fisheries advisers",14723,Life science professionals,14725,"Farming, forestry and fisheries advisers",,,,,,
esco_1_2_1,16023,fisheries adviser,14725,"Farming, forestry and fisheries advisers",14723,Life science professionals,14725,"Farming, forestry and fisheries advisers",,,,,,
esco_1_2_1,18253,forestry adviser,14725,"Farming, forestry and fisheries advisers",14723,Life science professionals,14725,"Farming, forestry and fisheries advisers",,,,,,
esco_1_2_1,18007,livestock advisor,14725,"Farming, forestry and fisheries advisers",14723,Life science professionals,14725,"Farming, forestry and fisheries advisers",,,,,,
esco_1_2_1,15676,agricultural technician,14865,Agricultural technicians,14863,Life science technicians and related associate professionals,14865,Agricultural technicians,,,,,,
esco_1_2_1,18250,aquaculture quality supervisor,14865,Agricultural technicians,14863,Life science technicians and related associate professionals,15676,agricultural technician,,,,,,
esco_1_2_1,17385,aquaculture site supervisor,14865,Agricultural technicians,14863,Life science technicians and related associate professionals,15676,agricultural technician,,,,,,
esco_1_2_1,17555,viticulture adviser,14865,Agricultural technicians,14863,Life science technicians and related associate professionals,15676,agricultural technician,,,,,,
esco_1_2_1,18276,forestry technician,14866,Forestry technicians,14863,Life science technicians and related associate professionals,14866,Forestry technicians,,,,,,
esco_1_2_1,18173,bacteriology technician,14864,Life science technicians (excluding medical),14863,Life science technicians and related associate professionals,16275,scientific laboratory technician,,,,,,
esco_1_2_1,17111,biochemistry technician,14864,Life science technicians (excluding medical),14863,Life science technicians and related associate professionals,16275,scientific laboratory technician,,,,,,
esco_1_2_1,15910,biology technician,14864,Life science technicians (excluding medical),14863,Life science technicians and related associate professionals,16275,scientific laboratory technician,,,,,,
esco_1_2_1,15454,biotechnical technician,14864,Life science technicians (excluding medical),14863,Life science technicians and related associate professionals,14864,Life science technicians (excluding medical),,,,,,
esco_1_2_1,15840,botanical technician,14864,Life science technicians (excluding medical),14863,Life science technicians and related associate professionals,16275,scientific laboratory technician,,,,,,
esco_1_2_1,16275,scientific laboratory technician,14864,Life science technicians (excluding medical),14863,Life science technicians and related associate professionals,14864,Life science technicians (excluding medical),,,,,,
esco_1_2_1,18313,zoology technician,14864,Life science technicians (excluding medical),14863,Life science technicians and related associate professionals,16275,scientific laboratory technician,,,,,,
esco_1_2_1,16892,train driver,15210,Locomotive engine drivers,15209,Locomotive engine drivers and related workers,15210,Locomotive engine drivers,,,,,,
esco_1_2_1,17745,level crossing signalperson,15211,"Railway brake, signal and switch operators",15209,Locomotive engine drivers and related workers,15211,"Railway brake, signal and switch operators",,,,,,
esco_1_2_1,15521,rail switchperson,15211,"Railway brake, signal and switch operators",15209,Locomotive engine drivers and related workers,15211,"Railway brake, signal and switch operators",,,,,,
esco_1_2_1,16405,shunter,15211,"Railway brake, signal and switch operators",15209,Locomotive engine drivers and related workers,15211,"Railway brake, signal and switch operators",,,,,,
esco_1_2_1,17277,train dispatcher,15211,"Railway brake, signal and switch operators",15209,Locomotive engine drivers and related workers,15211,"Railway brake, signal and switch operators",,,,,,
esco_1_2_1,15705,train preparer,15211,"Railway brake, signal and switch operators",15209,Locomotive engine drivers and related workers,15211,"Railway brake, signal and switch operators",,,,,,
esco_1_2_1,18216,agricultural machinery technician,15117,Agricultural and industrial machinery mechanics and repairers,15114,Machinery mechanics and repairers,15292,land-based machinery technician,,,,,,
esco_1_2_1,17430,construction equipment technician,15117,Agricultural and industrial machinery mechanics and repairers,15114,Machinery mechanics and repairers,15117,Agricultural and industrial machinery mechanics and repairers,,,,,,
esco_1_2_1,17818,crane technician,15117,Agricultural and industrial machinery mechanics and repairers,15114,Machinery mechanics and repairers,15117,Agricultural and industrial machinery mechanics and repairers,,,,,,
esco_1_2_1,16609,fisheries assistant engineer,15117,Agricultural and industrial machinery mechanics and repairers,15114,Machinery mechanics and repairers,15117,Agricultural and industrial machinery mechanics and repairers,,,,,,
esco_1_2_1,15425,fluid power technician,15117,Agricultural and industrial machinery mechanics and repairers,15114,Machinery mechanics and repairers,15117,Agricultural and industrial machinery mechanics and repairers,,,,,,
esco_1_2_1,18184,forestry machinery technician,15117,Agricultural and industrial machinery mechanics and repairers,15114,Machinery mechanics and repairers,15292,land-based machinery technician,,,,,,
esco_1_2_1,16393,forge equipment technician,15117,Agricultural and industrial machinery mechanics and repairers,15114,Machinery mechanics and repairers,15117,Agricultural and industrial machinery mechanics and repairers,,,,,,
esco_1_2_1,15733,greaser,15117,Agricultural and industrial machinery mechanics and repairers,15114,Machinery mechanics and repairers,15117,Agricultural and industrial machinery mechanics and repairers,,,,,,
esco_1_2_1,15774,industrial machinery mechanic,15117,Agricultural and industrial machinery mechanics and repairers,15114,Machinery mechanics and repairers,15117,Agricultural and industrial machinery mechanics and repairers,,,,,,
esco_1_2_1,15292,land-based machinery technician,15117,Agricultural and industrial machinery mechanics and repairers,15114,Machinery mechanics and repairers,15117,Agricultural and industrial machinery mechanics and repairers,,,,,,
esco_1_2_1,16457,marine fitter,15117,Agricultural and industrial machinery mechanics and repairers,15114,Machinery mechanics and repairers,15117,Agricultural and industrial machinery mechanics and repairers,,,,,,
esco_1_2_1,16968,marine mechanic,15117,Agricultural and industrial machinery mechanics and repairers,15114,Machinery mechanics and repairers,15117,Agricultural and industrial machinery mechanics and repairers,,,,,,
esco_1_2_1,17112,mining equipment mechanic,15117,Agricultural and industrial machinery mechanics and repairers,15114,Machinery mechanics and repairers,15117,Agricultural and industrial machinery mechanics and repairers,,,,,,
esco_1_2_1,16420,moulding machine technician,15117,Agricultural and industrial machinery mechanics and repairers,15114,Machinery mechanics and repairers,15117,Agricultural and industrial machinery mechanics and repairers,,,,,,
esco_1_2_1,16319,pneumatic systems technician,15117,Agricultural and industrial machinery mechanics and repairers,15114,Machinery mechanics and repairers,15117,Agricultural and industrial machinery mechanics and repairers,,,,,,
esco_1_2_1,15734,rotating equipment mechanic,15117,Agricultural and industrial machinery mechanics and repairers,15114,Machinery mechanics and repairers,15117,Agricultural and industrial machinery mechanics and repairers,,,,,,
esco_1_2_1,15814,textile machinery technician,15117,Agricultural and industrial machinery mechanics and repairers,15114,Machinery mechanics and repairers,15117,Agricultural and industrial machinery mechanics and repairers,,,,,,
esco_1_2_1,17289,aircraft de-icer installer,15116,Aircraft engine mechanics and repairers,15114,Machinery mechanics and repairers,15116,Aircraft engine mechanics and repairers,,,,,,
esco_1_2_1,15417,aircraft engine specialist,15116,Aircraft engine mechanics and repairers,15114,Machinery mechanics and repairers,15116,Aircraft engine mechanics and repairers,,,,,,
esco_1_2_1,16834,aircraft gas turbine engine overhaul technician,15116,Aircraft engine mechanics and repairers,15114,Machinery mechanics and repairers,15116,Aircraft engine mechanics and repairers,,,,,,
esco_1_2_1,17459,aircraft maintenance coordinator,15116,Aircraft engine mechanics and repairers,15114,Machinery mechanics and repairers,15116,Aircraft engine mechanics and repairers,,,,,,
esco_1_2_1,17066,aircraft maintenance technician,15116,Aircraft engine mechanics and repairers,15114,Machinery mechanics and repairers,15116,Aircraft engine mechanics and repairers,,,,,,
esco_1_2_1,15925,bicycle mechanic,15118,Bicycle and related repairers,15114,Machinery mechanics and repairers,15118,Bicycle and related repairers,,,,,,
esco_1_2_1,17540,automotive brake technician,15115,Motor vehicle mechanics and repairers,15114,Machinery mechanics and repairers,15115,Motor vehicle mechanics and repairers,,,,,,
esco_1_2_1,16416,coachbuilder,15115,Motor vehicle mechanics and repairers,15114,Machinery mechanics and repairers,15115,Motor vehicle mechanics and repairers,,,,,,
esco_1_2_1,15749,diesel engine mechanic,15115,Motor vehicle mechanics and repairers,15114,Machinery mechanics and repairers,15115,Motor vehicle mechanics and repairers,,,,,,
esco_1_2_1,15466,refurbishing technician,15115,Motor vehicle mechanics and repairers,15114,Machinery mechanics and repairers,15115,Motor vehicle mechanics and repairers,,,,,,
esco_1_2_1,17641,roadside vehicle technician,15115,Motor vehicle mechanics and repairers,15114,Machinery mechanics and repairers,15115,Motor vehicle mechanics and repairers,,,,,,
esco_1_2_1,17167,tyre fitter,15115,Motor vehicle mechanics and repairers,15114,Machinery mechanics and repairers,15115,Motor vehicle mechanics and repairers,,,,,,
esco_1_2_1,16029,vehicle maintenance attendant,15115,Motor vehicle mechanics and repairers,15114,Machinery mechanics and repairers,15115,Motor vehicle mechanics and repairers,,,,,,
esco_1_2_1,15769,vehicle maintenance supervisor,15115,Motor vehicle mechanics and repairers,15114,Machinery mechanics and repairers,15115,Motor vehicle mechanics and repairers,,,,,,
esco_1_2_1,15547,vehicle restoration technician,15115,Motor vehicle mechanics and repairers,15114,Machinery mechanics and repairers,15115,Motor vehicle mechanics and repairers,,,,,,
esco_1_2_1,16204,vehicle technician,15115,Motor vehicle mechanics and repairers,15114,Machinery mechanics and repairers,15115,Motor vehicle mechanics and repairers,,,,,,
esco_1_2_1,16222,airport chief executive,14675,Managing directors and chief executives,14674,Managing directors and chief executives,16614,chief executive officer,,,,,,
esco_1_2_1,17095,animal facility manager,14675,Managing directors and chief executives,14674,Managing directors and chief executives,14675,Managing directors and chief executives,,,,,,
esco_1_2_1,16614,chief executive officer,14675,Managing directors and chief executives,14674,Managing directors and chief executives,14675,Managing directors and chief executives,,,,,,
esco_1_2_1,17710,chief operating officer,14675,Managing directors and chief executives,14674,Managing directors and chief executives,14675,Managing directors and chief executives,,,,,,
esco_1_2_1,15374,public employment service manager,14675,Managing directors and chief executives,14674,Managing directors and chief executives,14675,Managing directors and chief executives,,,,,,
esco_1_2_1,16715,social entrepreneur,14675,Managing directors and chief executives,14674,Managing directors and chief executives,14675,Managing directors and chief executives,,,,,,
esco_1_2_1,16959,clothing finisher,15249,Hand packers,15248,Manufacturing labourers,15249,Hand packers,,,,,,
esco_1_2_1,18204,hand packer,15249,Hand packers,15248,Manufacturing labourers,15249,Hand packers,,,,,,
esco_1_2_1,15742,factory hand,15250,Manufacturing labourers not elsewhere classified,15248,Manufacturing labourers,15250,Manufacturing labourers not elsewhere classified,,,,,,
esco_1_2_1,17301,wood caulker,15250,Manufacturing labourers not elsewhere classified,15248,Manufacturing labourers,15250,Manufacturing labourers not elsewhere classified,,,,,,
esco_1_2_1,17557,construction general contractor,14693,Construction managers,14690,"Manufacturing, mining, construction, and distribution managers",18263,construction manager,,,,,,
esco_1_2_1,18263,construction manager,14693,Construction managers,14690,"Manufacturing, mining, construction, and distribution managers",14693,Construction managers,,,,,,
esco_1_2_1,17546,property developer,14693,Construction managers,14690,"Manufacturing, mining, construction, and distribution managers",18263,construction manager,,,,,,
esco_1_2_1,15443,chemical production manager,14691,Manufacturing managers,14690,"Manufacturing, mining, construction, and distribution managers",18102,industrial production manager,,,,,,
esco_1_2_1,16022,clothing operations manager,14691,Manufacturing managers,14690,"Manufacturing, mining, construction, and distribution managers",18102,industrial production manager,,,,,,
esco_1_2_1,17341,food production manager,14691,Manufacturing managers,14690,"Manufacturing, mining, construction, and distribution managers",18102,industrial production manager,,,,,,
esco_1_2_1,16529,footwear production manager,14691,Manufacturing managers,14690,"Manufacturing, mining, construction, and distribution managers",18102,industrial production manager,,,,,,
esco_1_2_1,15322,footwear quality manager,14691,Manufacturing managers,14690,"Manufacturing, mining, construction, and distribution managers",18298,industrial quality manager,,,,,,
esco_1_2_1,17761,green coffee coordinator,14691,Manufacturing managers,14690,"Manufacturing, mining, construction, and distribution managers",14691,Manufacturing managers,,,,,,
esco_1_2_1,18102,industrial production manager,14691,Manufacturing managers,14690,"Manufacturing, mining, construction, and distribution managers",16525,manufacturing manager,,,,,,
esco_1_2_1,18298,industrial quality manager,14691,Manufacturing managers,14690,"Manufacturing, mining, construction, and distribution managers",16525,manufacturing manager,,,,,,
esco_1_2_1,17275,leather finishing operations manager,14691,Manufacturing managers,14690,"Manufacturing, mining, construction, and distribution managers",18102,industrial production manager,,,,,,
esco_1_2_1,18035,leather goods production manager,14691,Manufacturing managers,14690,"Manufacturing, mining, construction, and distribution managers",15906,leather production manager,,,,,,
esco_1_2_1,15677,leather goods quality manager,14691,Manufacturing managers,14690,"Manufacturing, mining, construction, and distribution managers",18298,industrial quality manager,,,,,,
esco_1_2_1,15906,leather production manager,14691,Manufacturing managers,14690,"Manufacturing, mining, construction, and distribution managers",18102,industrial production manager,,,,,,
esco_1_2_1,15767,leather wet processing department manager,14691,Manufacturing managers,14690,"Manufacturing, mining, construction, and distribution managers",15906,leather production manager,,,,,,
esco_1_2_1,16525,manufacturing manager,14691,Manufacturing managers,14690,"Manufacturing, mining, construction, and distribution managers",14691,Manufacturing managers,,,,,,
esco_1_2_1,15327,metal production manager,14691,Manufacturing managers,14690,"Manufacturing, mining, construction, and distribution managers",18102,industrial production manager,,,,,,
esco_1_2_1,16137,metallurgical manager,14691,Manufacturing managers,14690,"Manufacturing, mining, construction, and distribution managers",18102,industrial production manager,,,,,,
esco_1_2_1,17713,operations manager,14691,Manufacturing managers,14690,"Manufacturing, mining, construction, and distribution managers",16525,manufacturing manager,,,,,,
esco_1_2_1,17220,sewerage systems manager,14691,Manufacturing managers,14690,"Manufacturing, mining, construction, and distribution managers",16525,manufacturing manager,,,,,,
esco_1_2_1,16293,textile operations manager,14691,Manufacturing managers,14690,"Manufacturing, mining, construction, and distribution managers",14691,Manufacturing managers,,,,,,
esco_1_2_1,16537,textile quality manager,14691,Manufacturing managers,14690,"Manufacturing, mining, construction, and distribution managers",18298,industrial quality manager,,,,,,
esco_1_2_1,17183,waste management officer,14691,Manufacturing managers,14690,"Manufacturing, mining, construction, and distribution managers",16525,manufacturing manager,,,,,,
esco_1_2_1,15491,mine manager,14692,Mining managers,14690,"Manufacturing, mining, construction, and distribution managers",14692,Mining managers,,,,,,
esco_1_2_1,17976,mine production manager,14692,Mining managers,14690,"Manufacturing, mining, construction, and distribution managers",15491,mine manager,,,,,,
esco_1_2_1,15361,oil and gas production manager,14692,Mining managers,14690,"Manufacturing, mining, construction, and distribution managers",15491,mine manager,,,,,,
esco_1_2_1,17448,quarry manager,14692,Mining managers,14690,"Manufacturing, mining, construction, and distribution managers",14692,Mining managers,,,,,,
esco_1_2_1,17986,agricultural machinery and equipment distribution manager,14694,"Supply, distribution and related managers",14690,"Manufacturing, mining, construction, and distribution managers",16701,specialised goods distribution manager,,,,,,
esco_1_2_1,16128,"agricultural raw materials, seeds and animal feeds distribution manager",14694,"Supply, distribution and related managers",14690,"Manufacturing, mining, construction, and distribution managers",16701,specialised goods distribution manager,,,,,,
esco_1_2_1,15445,air traffic manager,14694,"Supply, distribution and related managers",14690,"Manufacturing, mining, construction, and distribution managers",14694,"Supply, distribution and related managers",,,,,,
esco_1_2_1,18278,airport director,14694,"Supply, distribution and related managers",14690,"Manufacturing, mining, construction, and distribution managers",14694,"Supply, distribution and related managers",,,,,,
esco_1_2_1,17984,beverages distribution manager,14694,"Supply, distribution and related managers",14690,"Manufacturing, mining, construction, and distribution managers",16701,specialised goods distribution manager,,,,,,
esco_1_2_1,16955,chemical products distribution manager,14694,"Supply, distribution and related managers",14690,"Manufacturing, mining, construction, and distribution managers",16701,specialised goods distribution manager,,,,,,
esco_1_2_1,15985,china and glassware distribution manager,14694,"Supply, distribution and related managers",14690,"Manufacturing, mining, construction, and distribution managers",16701,specialised goods distribution manager,,,,,,
esco_1_2_1,16510,clothing and footwear distribution manager,14694,"Supply, distribution and related managers",14690,"Manufacturing, mining, construction, and distribution managers",16701,specialised goods distribution manager,,,,,,
esco_1_2_1,18240,"coffee, tea, cocoa and spices distribution manager",14694,"Supply, distribution and related managers",14690,"Manufacturing, mining, construction, and distribution managers",16701,specialised goods distribution manager,,,,,,
esco_1_2_1,15739,"computers, computer peripheral equipment and software distribution manager",14694,"Supply, distribution and related managers",14690,"Manufacturing, mining, construction, and distribution managers",16701,specialised goods distribution manager,,,,,,
esco_1_2_1,17653,dairy products and edible oils distribution manager,14694,"Supply, distribution and related managers",14690,"Manufacturing, mining, construction, and distribution managers",16701,specialised goods distribution manager,,,,,,
esco_1_2_1,16520,distribution manager,14694,"Supply, distribution and related managers",14690,"Manufacturing, mining, construction, and distribution managers",16899,logistics and distribution manager,,,,,,
esco_1_2_1,17965,electrical household appliances distribution manager,14694,"Supply, distribution and related managers",14690,"Manufacturing, mining, construction, and distribution managers",16701,specialised goods distribution manager,,,,,,
esco_1_2_1,15324,electronic and telecommunications equipment and parts distribution manager,14694,"Supply, distribution and related managers",14690,"Manufacturing, mining, construction, and distribution managers",16701,specialised goods distribution manager,,,,,,
esco_1_2_1,16781,finished leather warehouse manager,14694,"Supply, distribution and related managers",14690,"Manufacturing, mining, construction, and distribution managers",15877,warehouse manager,,,,,,
esco_1_2_1,15817,"fish, crustaceans and molluscs distribution manager",14694,"Supply, distribution and related managers",14690,"Manufacturing, mining, construction, and distribution managers",16701,specialised goods distribution manager,,,,,,
esco_1_2_1,15729,flowers and plants distribution manager,14694,"Supply, distribution and related managers",14690,"Manufacturing, mining, construction, and distribution managers",16701,specialised goods distribution manager,,,,,,
esco_1_2_1,17415,forecast manager,14694,"Supply, distribution and related managers",14690,"Manufacturing, mining, construction, and distribution managers",17368,supply chain manager,,,,,,
esco_1_2_1,16717,fruit and vegetables distribution manager,14694,"Supply, distribution and related managers",14690,"Manufacturing, mining, construction, and distribution managers",16701,specialised goods distribution manager,,,,,,
esco_1_2_1,17601,furniture carpets and lighting equipment distribution manager,14694,"Supply, distribution and related managers",14690,"Manufacturing, mining, construction, and distribution managers",16701,specialised goods distribution manager,,,,,,
esco_1_2_1,17866,"hardware, plumbing and heating equipment and supplies distribution manager",14694,"Supply, distribution and related managers",14690,"Manufacturing, mining, construction, and distribution managers",16701,specialised goods distribution manager,,,,,,
esco_1_2_1,16865,"hides, skins and leather products distribution manager",14694,"Supply, distribution and related managers",14690,"Manufacturing, mining, construction, and distribution managers",16701,specialised goods distribution manager,,,,,,
esco_1_2_1,17297,household goods distribution manager,14694,"Supply, distribution and related managers",14690,"Manufacturing, mining, construction, and distribution managers",16701,specialised goods distribution manager,,,,,,
esco_1_2_1,17536,import export manager,14694,"Supply, distribution and related managers",14690,"Manufacturing, mining, construction, and distribution managers",16899,logistics and distribution manager,,,,,,
esco_1_2_1,15438,import export manager in agricultural machinery and equipment,14694,"Supply, distribution and related managers",14690,"Manufacturing, mining, construction, and distribution managers",17536,import export manager,,,,,,
esco_1_2_1,17945,"import export manager in agricultural raw materials, seeds and animal feeds",14694,"Supply, distribution and related managers",14690,"Manufacturing, mining, construction, and distribution managers",17536,import export manager,,,,,,
esco_1_2_1,17236,import export manager in beverages,14694,"Supply, distribution and related managers",14690,"Manufacturing, mining, construction, and distribution managers",17536,import export manager,,,,,,
esco_1_2_1,18287,import export manager in chemical products,14694,"Supply, distribution and related managers",14690,"Manufacturing, mining, construction, and distribution managers",17536,import export manager,,,,,,
esco_1_2_1,17120,import export manager in china and other glassware,14694,"Supply, distribution and related managers",14690,"Manufacturing, mining, construction, and distribution managers",17536,import export manager,,,,,,
esco_1_2_1,17786,import export manager in clothing and footwear,14694,"Supply, distribution and related managers",14690,"Manufacturing, mining, construction, and distribution managers",17536,import export manager,,,,,,
esco_1_2_1,16114,"import export manager in coffee, tea, cocoa and spices",14694,"Supply, distribution and related managers",14690,"Manufacturing, mining, construction, and distribution managers",17536,import export manager,,,,,,
esco_1_2_1,16839,"import export manager in computers, computer peripheral equipment and software",14694,"Supply, distribution and related managers",14690,"Manufacturing, mining, construction, and distribution managers",17536,import export manager,,,,,,
esco_1_2_1,16548,import export manager in dairy products and edible oils,14694,"Supply, distribution and related managers",14690,"Manufacturing, mining, construction, and distribution managers",17536,import export manager,,,,,,
esco_1_2_1,18083,import export manager in electrical household appliances,14694,"Supply, distribution and related managers",14690,"Manufacturing, mining, construction, and distribution managers",17536,import export manager,,,,,,
esco_1_2_1,16979,import export manager in electronic and telecommunications equipment and parts,14694,"Supply, distribution and related managers",14690,"Manufacturing, mining, construction, and distribution managers",17536,import export manager,,,,,,
esco_1_2_1,17460,"import export manager in fish, crustaceans and molluscs",14694,"Supply, distribution and related managers",14690,"Manufacturing, mining, construction, and distribution managers",17536,import export manager,,,,,,
esco_1_2_1,15667,import export manager in flowers and plants,14694,"Supply, distribution and related managers",14690,"Manufacturing, mining, construction, and distribution managers",17536,import export manager,,,,,,
esco_1_2_1,17944,import export manager in fruit and vegetables,14694,"Supply, distribution and related managers",14690,"Manufacturing, mining, construction, and distribution managers",17536,import export manager,,,,,,
esco_1_2_1,17325,"import export manager in furniture, carpets and lighting equipment",14694,"Supply, distribution and related managers",14690,"Manufacturing, mining, construction, and distribution managers",17536,import export manager,,,,,,
esco_1_2_1,15569,"import export manager in hardware, plumbing and heating equipment and supplies",14694,"Supply, distribution and related managers",14690,"Manufacturing, mining, construction, and distribution managers",17536,import export manager,,,,,,
esco_1_2_1,17898,"import export manager in hides, skins and leather products",14694,"Supply, distribution and related managers",14690,"Manufacturing, mining, construction, and distribution managers",17536,import export manager,,,,,,
esco_1_2_1,17447,import export manager in household goods,14694,"Supply, distribution and related managers",14690,"Manufacturing, mining, construction, and distribution managers",17536,import export manager,,,,,,
esco_1_2_1,17487,import export manager in live animals,14694,"Supply, distribution and related managers",14690,"Manufacturing, mining, construction, and distribution managers",17536,import export manager,,,,,,
esco_1_2_1,17571,import export manager in machine tools,14694,"Supply, distribution and related managers",14690,"Manufacturing, mining, construction, and distribution managers",17536,import export manager,,,,,,
esco_1_2_1,15511,"import export manager in machinery, industrial equipment, ships and aircraft",14694,"Supply, distribution and related managers",14690,"Manufacturing, mining, construction, and distribution managers",17536,import export manager,,,,,,
esco_1_2_1,15294,import export manager in meat and meat products,14694,"Supply, distribution and related managers",14690,"Manufacturing, mining, construction, and distribution managers",17536,import export manager,,,,,,
esco_1_2_1,16436,import export manager in metals and metal ores,14694,"Supply, distribution and related managers",14690,"Manufacturing, mining, construction, and distribution managers",17536,import export manager,,,,,,
esco_1_2_1,16934,"import export manager in mining, construction and civil engineering machinery",14694,"Supply, distribution and related managers",14690,"Manufacturing, mining, construction, and distribution managers",17536,import export manager,,,,,,
esco_1_2_1,16224,import export manager in office furniture,14694,"Supply, distribution and related managers",14690,"Manufacturing, mining, construction, and distribution managers",17536,import export manager,,,,,,
esco_1_2_1,17020,import export manager in office machinery and equipment,14694,"Supply, distribution and related managers",14690,"Manufacturing, mining, construction, and distribution managers",17536,import export manager,,,,,,
esco_1_2_1,16108,import export manager in perfume and cosmetics,14694,"Supply, distribution and related managers",14690,"Manufacturing, mining, construction, and distribution managers",17536,import export manager,,,,,,
esco_1_2_1,17918,import export manager in pharmaceutical goods,14694,"Supply, distribution and related managers",14690,"Manufacturing, mining, construction, and distribution managers",17536,import export manager,,,,,,
esco_1_2_1,17423,"import export manager in sugar, chocolate and sugar confectionery",14694,"Supply, distribution and related managers",14690,"Manufacturing, mining, construction, and distribution managers",17536,import export manager,,,,,,
esco_1_2_1,17138,import export manager in textile industry machinery,14694,"Supply, distribution and related managers",14690,"Manufacturing, mining, construction, and distribution managers",17536,import export manager,,,,,,
esco_1_2_1,16650,import export manager in textiles and textile semi-finished and raw materials,14694,"Supply, distribution and related managers",14690,"Manufacturing, mining, construction, and distribution managers",17536,import export manager,,,,,,
esco_1_2_1,17685,import export manager in tobacco products,14694,"Supply, distribution and related managers",14690,"Manufacturing, mining, construction, and distribution managers",17536,import export manager,,,,,,
esco_1_2_1,17717,import export manager in waste and scrap,14694,"Supply, distribution and related managers",14690,"Manufacturing, mining, construction, and distribution managers",17536,import export manager,,,,,,
esco_1_2_1,16523,import export manager in watches and jewellery,14694,"Supply, distribution and related managers",14690,"Manufacturing, mining, construction, and distribution managers",17536,import export manager,,,,,,
esco_1_2_1,16423,import export manager in wood and construction materials,14694,"Supply, distribution and related managers",14690,"Manufacturing, mining, construction, and distribution managers",17536,import export manager,,,,,,
esco_1_2_1,16721,inland water transport general manager,14694,"Supply, distribution and related managers",14690,"Manufacturing, mining, construction, and distribution managers",16520,distribution manager,,,,,,
esco_1_2_1,17278,intermodal logistics manager,14694,"Supply, distribution and related managers",14690,"Manufacturing, mining, construction, and distribution managers",16899,logistics and distribution manager,,,,,,
esco_1_2_1,16880,leather raw materials purchasing manager,14694,"Supply, distribution and related managers",14690,"Manufacturing, mining, construction, and distribution managers",15979,purchasing manager,,,,,,
esco_1_2_1,15801,live animals distribution manager,14694,"Supply, distribution and related managers",14690,"Manufacturing, mining, construction, and distribution managers",16701,specialised goods distribution manager,,,,,,
esco_1_2_1,16899,logistics and distribution manager,14694,"Supply, distribution and related managers",14690,"Manufacturing, mining, construction, and distribution managers",14694,"Supply, distribution and related managers",,,,,,
esco_1_2_1,17131,"machinery, industrial equipment, ships and aircraft distribution manager",14694,"Supply, distribution and related managers",14690,"Manufacturing, mining, construction, and distribution managers",16701,specialised goods distribution manager,,,,,,
esco_1_2_1,17559,maritime water transport general manager,14694,"Supply, distribution and related managers",14690,"Manufacturing, mining, construction, and distribution managers",16520,distribution manager,,,,,,
esco_1_2_1,18126,meat and meat products distribution manager,14694,"Supply, distribution and related managers",14690,"Manufacturing, mining, construction, and distribution managers",16701,specialised goods distribution manager,,,,,,
esco_1_2_1,16308,metals and metal ores distribution manager,14694,"Supply, distribution and related managers",14690,"Manufacturing, mining, construction, and distribution managers",16701,specialised goods distribution manager,,,,,,
esco_1_2_1,17401,"mining, construction and civil engineering machinery distribution manager",14694,"Supply, distribution and related managers",14690,"Manufacturing, mining, construction, and distribution managers",16701,specialised goods distribution manager,,,,,,
esco_1_2_1,17058,move manager,14694,"Supply, distribution and related managers",14690,"Manufacturing, mining, construction, and distribution managers",14694,"Supply, distribution and related managers",,,,,,
esco_1_2_1,15947,movie distributor,14694,"Supply, distribution and related managers",14690,"Manufacturing, mining, construction, and distribution managers",14694,"Supply, distribution and related managers",,,,,,
esco_1_2_1,17520,perfume and cosmetics distribution manager,14694,"Supply, distribution and related managers",14690,"Manufacturing, mining, construction, and distribution managers",16701,specialised goods distribution manager,,,,,,
esco_1_2_1,15748,pharmaceutical goods distribution manager,14694,"Supply, distribution and related managers",14690,"Manufacturing, mining, construction, and distribution managers",16701,specialised goods distribution manager,,,,,,
esco_1_2_1,16783,pipeline superintendent,14694,"Supply, distribution and related managers",14690,"Manufacturing, mining, construction, and distribution managers",14694,"Supply, distribution and related managers",,,,,,
esco_1_2_1,15979,purchasing manager,14694,"Supply, distribution and related managers",14690,"Manufacturing, mining, construction, and distribution managers",17368,supply chain manager,,,,,,
esco_1_2_1,17163,rail operations manager,14694,"Supply, distribution and related managers",14690,"Manufacturing, mining, construction, and distribution managers",16520,distribution manager,,,,,,
esco_1_2_1,17474,railway station manager,14694,"Supply, distribution and related managers",14690,"Manufacturing, mining, construction, and distribution managers",14694,"Supply, distribution and related managers",,,,,,
esco_1_2_1,17232,resource manager,14694,"Supply, distribution and related managers",14690,"Manufacturing, mining, construction, and distribution managers",17368,supply chain manager,,,,,,
esco_1_2_1,16255,road operations manager,14694,"Supply, distribution and related managers",14690,"Manufacturing, mining, construction, and distribution managers",16520,distribution manager,,,,,,
esco_1_2_1,18200,road transport division manager,14694,"Supply, distribution and related managers",14690,"Manufacturing, mining, construction, and distribution managers",16520,distribution manager,,,,,,
esco_1_2_1,16701,specialised goods distribution manager,14694,"Supply, distribution and related managers",14690,"Manufacturing, mining, construction, and distribution managers",16520,distribution manager,,,,,,
esco_1_2_1,18065,"sugar, chocolate and sugar confectionery distribution manager",14694,"Supply, distribution and related managers",14690,"Manufacturing, mining, construction, and distribution managers",16701,specialised goods distribution manager,,,,,,
esco_1_2_1,17368,supply chain manager,14694,"Supply, distribution and related managers",14690,"Manufacturing, mining, construction, and distribution managers",14694,"Supply, distribution and related managers",,,,,,
esco_1_2_1,15530,textile industry machinery distribution manager,14694,"Supply, distribution and related managers",14690,"Manufacturing, mining, construction, and distribution managers",16701,specialised goods distribution manager,,,,,,
esco_1_2_1,16325,"textiles, textile semi-finished and raw materials distribution manager",14694,"Supply, distribution and related managers",14690,"Manufacturing, mining, construction, and distribution managers",16701,specialised goods distribution manager,,,,,,
esco_1_2_1,16497,tobacco products distribution manager,14694,"Supply, distribution and related managers",14690,"Manufacturing, mining, construction, and distribution managers",16701,specialised goods distribution manager,,,,,,
esco_1_2_1,15877,warehouse manager,14694,"Supply, distribution and related managers",14690,"Manufacturing, mining, construction, and distribution managers",16899,logistics and distribution manager,,,,,,
esco_1_2_1,17237,waste and scrap distribution manager,14694,"Supply, distribution and related managers",14690,"Manufacturing, mining, construction, and distribution managers",16701,specialised goods distribution manager,,,,,,
esco_1_2_1,16570,watches and jewellery distribution manager,14694,"Supply, distribution and related managers",14690,"Manufacturing, mining, construction, and distribution managers",16701,specialised goods distribution manager,,,,,,
esco_1_2_1,16180,wood and construction materials distribution manager,14694,"Supply, distribution and related managers",14690,"Manufacturing, mining, construction, and distribution managers",16701,specialised goods distribution manager,,,,,,
esco_1_2_1,18205,agronomic crop production team leader,15053,Field crop and vegetable growers,15052,Market gardeners and crop growers,15053,Field crop and vegetable growers,,,,,,
esco_1_2_1,17295,groundsman/groundswoman,15055,"Gardeners, horticultural and nursery growers",15052,Market gardeners and crop growers,15055,"Gardeners, horticultural and nursery growers",,,,,,
esco_1_2_1,17852,horticulture production manager,15055,"Gardeners, horticultural and nursery growers",15052,Market gardeners and crop growers,15055,"Gardeners, horticultural and nursery growers",,,,,,
esco_1_2_1,17047,horticulture production team leader,15055,"Gardeners, horticultural and nursery growers",15052,Market gardeners and crop growers,15055,"Gardeners, horticultural and nursery growers",,,,,,
esco_1_2_1,17164,interior landscaper,15055,"Gardeners, horticultural and nursery growers",15052,Market gardeners and crop growers,15055,"Gardeners, horticultural and nursery growers",,,,,,
esco_1_2_1,18060,landscape gardener,15055,"Gardeners, horticultural and nursery growers",15052,Market gardeners and crop growers,15055,"Gardeners, horticultural and nursery growers",,,,,,
esco_1_2_1,18252,tree surgeon,15055,"Gardeners, horticultural and nursery growers",15052,Market gardeners and crop growers,15055,"Gardeners, horticultural and nursery growers",,,,,,
esco_1_2_1,15625,crop production manager,15056,Mixed crop growers,15052,Market gardeners and crop growers,15056,Mixed crop growers,,,,,,
esco_1_2_1,17533,arboriculturist,15054,Tree and shrub crop growers,15052,Market gardeners and crop growers,15054,Tree and shrub crop growers,,,,,,
esco_1_2_1,16419,fruit production team leader,15054,Tree and shrub crop growers,15052,Market gardeners and crop growers,15054,Tree and shrub crop growers,,,,,,
esco_1_2_1,17323,hop farmer,15054,Tree and shrub crop growers,15052,Market gardeners and crop growers,15054,Tree and shrub crop growers,,,,,,
esco_1_2_1,17698,vineyard cellar master,15054,Tree and shrub crop growers,15052,Market gardeners and crop growers,15054,Tree and shrub crop growers,,,,,,
esco_1_2_1,15681,vineyard machinery operator,15054,Tree and shrub crop growers,15052,Market gardeners and crop growers,15054,Tree and shrub crop growers,,,,,,
esco_1_2_1,17005,vineyard manager,15054,Tree and shrub crop growers,15052,Market gardeners and crop growers,15054,Tree and shrub crop growers,,,,,,
esco_1_2_1,15698,vineyard supervisor,15054,Tree and shrub crop growers,15052,Market gardeners and crop growers,16419,fruit production team leader,,,,,,
esco_1_2_1,15584,machinery assembly coordinator,14981,Production clerks,14979,Material-recording and transport clerks,14981,Production clerks,,,,,,
esco_1_2_1,15537,footwear factory warehouse operator,14980,Stock clerks,14979,Material-recording and transport clerks,17899,inventory coordinator,,,,,,
esco_1_2_1,17899,inventory coordinator,14980,Stock clerks,14979,Material-recording and transport clerks,14980,Stock clerks,,,,,,
esco_1_2_1,15912,leather goods warehouse operator,14980,Stock clerks,14979,Material-recording and transport clerks,17899,inventory coordinator,,,,,,
esco_1_2_1,18230,raw material reception operator,14980,Stock clerks,14979,Material-recording and transport clerks,17899,inventory coordinator,,,,,,
esco_1_2_1,15896,raw materials warehouse specialist,14980,Stock clerks,14979,Material-recording and transport clerks,17899,inventory coordinator,,,,,,
esco_1_2_1,15335,warehouse operators for clothing,14980,Stock clerks,14979,Material-recording and transport clerks,17899,inventory coordinator,,,,,,
esco_1_2_1,18178,aircraft cargo operations coordinator,14982,Transport clerks,14979,Material-recording and transport clerks,14982,Transport clerks,,,,,,
esco_1_2_1,16649,aircraft dispatcher,14982,Transport clerks,14979,Material-recording and transport clerks,14982,Transport clerks,,,,,,
esco_1_2_1,17903,baggage flow supervisor,14982,Transport clerks,14979,Material-recording and transport clerks,14982,Transport clerks,,,,,,
esco_1_2_1,15828,bridge operator,14982,Transport clerks,14979,Material-recording and transport clerks,14982,Transport clerks,,,,,,
esco_1_2_1,16541,bus route supervisor,14982,Transport clerks,14979,Material-recording and transport clerks,14982,Transport clerks,,,,,,
esco_1_2_1,16728,dangerous goods safety adviser,14982,Transport clerks,14979,Material-recording and transport clerks,14982,Transport clerks,,,,,,
esco_1_2_1,16188,freight transport dispatcher,14982,Transport clerks,14979,Material-recording and transport clerks,14982,Transport clerks,,,,,,
esco_1_2_1,17674,gas scheduling representative,14982,Transport clerks,14979,Material-recording and transport clerks,14982,Transport clerks,,,,,,
esco_1_2_1,16338,gas transmission system operator,14982,Transport clerks,14979,Material-recording and transport clerks,14982,Transport clerks,,,,,,
esco_1_2_1,18201,move coordinator,14982,Transport clerks,14979,Material-recording and transport clerks,14982,Transport clerks,,,,,,
esco_1_2_1,16349,pipeline route manager,14982,Transport clerks,14979,Material-recording and transport clerks,14982,Transport clerks,,,,,,
esco_1_2_1,18255,port coordinator,14982,Transport clerks,14979,Material-recording and transport clerks,14982,Transport clerks,,,,,,
esco_1_2_1,15783,rail logistics coordinator,14982,Transport clerks,14979,Material-recording and transport clerks,14982,Transport clerks,,,,,,
esco_1_2_1,18209,rail traffic controller,14982,Transport clerks,14979,Material-recording and transport clerks,14982,Transport clerks,,,,,,
esco_1_2_1,17548,road transport maintenance scheduler,14982,Transport clerks,14979,Material-recording and transport clerks,14982,Transport clerks,,,,,,
esco_1_2_1,17670,ship pilot dispatcher,14982,Transport clerks,14979,Material-recording and transport clerks,14982,Transport clerks,,,,,,
esco_1_2_1,15764,ship planner,14982,Transport clerks,14979,Material-recording and transport clerks,14982,Transport clerks,,,,,,
esco_1_2_1,16501,taxi controller,14982,Transport clerks,14979,Material-recording and transport clerks,14982,Transport clerks,,,,,,
esco_1_2_1,18078,tram controller,14982,Transport clerks,14979,Material-recording and transport clerks,14982,Transport clerks,,,,,,
esco_1_2_1,15440,vessel operations coordinator,14982,Transport clerks,14979,Material-recording and transport clerks,14982,Transport clerks,,,,,,
esco_1_2_1,16978,water traffic coordinator,14982,Transport clerks,14979,Material-recording and transport clerks,14982,Transport clerks,,,,,,
esco_1_2_1,15369,actuarial consultant,14722,"Mathematicians, actuaries and statisticians",14721,"Mathematicians, actuaries and statisticians",14722,"Mathematicians, actuaries and statisticians",,,,,,
esco_1_2_1,17441,biometrician,14722,"Mathematicians, actuaries and statisticians",14721,"Mathematicians, actuaries and statisticians",17394,statistician,,,,,,
esco_1_2_1,18316,demographer,14722,"Mathematicians, actuaries and statisticians",14721,"Mathematicians, actuaries and statisticians",14722,"Mathematicians, actuaries and statisticians",,,,,,
esco_1_2_1,15582,gambling games developer,14722,"Mathematicians, actuaries and statisticians",14721,"Mathematicians, actuaries and statisticians",14722,"Mathematicians, actuaries and statisticians",,,,,,
esco_1_2_1,16179,gambling quality assurance engineer,14722,"Mathematicians, actuaries and statisticians",14721,"Mathematicians, actuaries and statisticians",14722,"Mathematicians, actuaries and statisticians",,,,,,
esco_1_2_1,16694,mathematician,14722,"Mathematicians, actuaries and statisticians",14721,"Mathematicians, actuaries and statisticians",14722,"Mathematicians, actuaries and statisticians",,,,,,
esco_1_2_1,17394,statistician,14722,"Mathematicians, actuaries and statisticians",14721,"Mathematicians, actuaries and statisticians",14722,"Mathematicians, actuaries and statisticians",,,,,,
esco_1_2_1,16298,audiology technician,14878,Medical and dental prosthetic technicians,14874,Medical and pharmaceutical technicians,14878,Medical and dental prosthetic technicians,,,,,,
esco_1_2_1,17076,prosthetist-orthotist,14878,Medical and dental prosthetic technicians,14874,Medical and pharmaceutical technicians,14878,Medical and dental prosthetic technicians,,,,,,
esco_1_2_1,15281,medical laboratory assistant,14876,Medical and pathology laboratory technicians,14874,Medical and pharmaceutical technicians,14876,Medical and pathology laboratory technicians,,,,,,
esco_1_2_1,16370,clinical perfusion scientist,14875,Medical imaging and therapeutic equipment technicians,14874,Medical and pharmaceutical technicians,14875,Medical imaging and therapeutic equipment technicians,,,,,,
esco_1_2_1,17995,radiation therapist,14875,Medical imaging and therapeutic equipment technicians,14874,Medical and pharmaceutical technicians,14875,Medical imaging and therapeutic equipment technicians,,,,,,
esco_1_2_1,16905,clinical trial assistant,14877,Pharmaceutical technicians and assistants,14874,Medical and pharmaceutical technicians,14877,Pharmaceutical technicians and assistants,,,,,,
esco_1_2_1,17652,pharmacy assistant,14877,Pharmaceutical technicians and assistants,14874,Medical and pharmaceutical technicians,14877,Pharmaceutical technicians and assistants,,,,,,
esco_1_2_1,16686,general practitioner,14748,Generalist medical practitioners,14747,Medical doctors,14748,Generalist medical practitioners,,,,,,
esco_1_2_1,17205,specialised doctor,14749,Specialist medical practitioners,14747,Medical doctors,14749,Specialist medical practitioners,,,,,,
esco_1_2_1,16034,abrasive blasting operator,15176,"Metal finishing, plating and coating machine operators",15174,Metal processing and finishing plant operators,15176,"Metal finishing, plating and coating machine operators",,,,,,
esco_1_2_1,18086,anodising machine operator,15176,"Metal finishing, plating and coating machine operators",15174,Metal processing and finishing plant operators,15176,"Metal finishing, plating and coating machine operators",,,,,,
esco_1_2_1,15315,coating machine operator,15176,"Metal finishing, plating and coating machine operators",15174,Metal processing and finishing plant operators,15176,"Metal finishing, plating and coating machine operators",,,,,,
esco_1_2_1,16213,cylindrical grinder operator,15176,"Metal finishing, plating and coating machine operators",15174,Metal processing and finishing plant operators,15176,"Metal finishing, plating and coating machine operators",,,,,,
esco_1_2_1,16944,deburring machine operator,15176,"Metal finishing, plating and coating machine operators",15174,Metal processing and finishing plant operators,15176,"Metal finishing, plating and coating machine operators",,,,,,
esco_1_2_1,17799,dip tank operator,15176,"Metal finishing, plating and coating machine operators",15174,Metal processing and finishing plant operators,15176,"Metal finishing, plating and coating machine operators",,,,,,
esco_1_2_1,17565,electroplating machine operator,15176,"Metal finishing, plating and coating machine operators",15174,Metal processing and finishing plant operators,15176,"Metal finishing, plating and coating machine operators",,,,,,
esco_1_2_1,15367,enameller,15176,"Metal finishing, plating and coating machine operators",15174,Metal processing and finishing plant operators,15176,"Metal finishing, plating and coating machine operators",,,,,,
esco_1_2_1,16270,filing machine operator,15176,"Metal finishing, plating and coating machine operators",15174,Metal processing and finishing plant operators,15176,"Metal finishing, plating and coating machine operators",,,,,,
esco_1_2_1,17469,rustproofer,15176,"Metal finishing, plating and coating machine operators",15174,Metal processing and finishing plant operators,15176,"Metal finishing, plating and coating machine operators",,,,,,
esco_1_2_1,16193,surface grinding machine operator,15176,"Metal finishing, plating and coating machine operators",15174,Metal processing and finishing plant operators,15176,"Metal finishing, plating and coating machine operators",,,,,,
esco_1_2_1,15640,tumbling machine operator,15176,"Metal finishing, plating and coating machine operators",15174,Metal processing and finishing plant operators,15176,"Metal finishing, plating and coating machine operators",,,,,,
esco_1_2_1,15755,casting machine operator,15175,Metal processing plant operators,15174,Metal processing and finishing plant operators,15175,Metal processing plant operators,,,,,,
esco_1_2_1,17246,extrusion machine operator,15175,Metal processing plant operators,15174,Metal processing and finishing plant operators,15175,Metal processing plant operators,,,,,,
esco_1_2_1,16374,metal annealer,15175,Metal processing plant operators,15174,Metal processing and finishing plant operators,15175,Metal processing plant operators,,,,,,
esco_1_2_1,15277,metal drawing machine operator,15175,Metal processing plant operators,15174,Metal processing and finishing plant operators,15175,Metal processing plant operators,,,,,,
esco_1_2_1,16635,metal rolling mill operator,15175,Metal processing plant operators,15174,Metal processing and finishing plant operators,15175,Metal processing plant operators,,,,,,
esco_1_2_1,17663,spring maker,15175,Metal processing plant operators,15174,Metal processing and finishing plant operators,15175,Metal processing plant operators,,,,,,
esco_1_2_1,16746,wire weaving machine operator,15175,Metal processing plant operators,15174,Metal processing and finishing plant operators,15175,Metal processing plant operators,,,,,,
esco_1_2_1,18272,building construction worker,15247,Building construction labourers,15244,Mining and construction labourers,15247,Building construction labourers,,,,,,
esco_1_2_1,16154,civil engineering worker,15246,Civil engineering labourers,15244,Mining and construction labourers,15246,Civil engineering labourers,,,,,,
esco_1_2_1,18267,drainage worker,15246,Civil engineering labourers,15244,Mining and construction labourers,16154,civil engineering worker,,,,,,
esco_1_2_1,17921,rail layer,15246,Civil engineering labourers,15244,Mining and construction labourers,16154,civil engineering worker,,,,,,
esco_1_2_1,18163,road maintenance worker,15246,Civil engineering labourers,15244,Mining and construction labourers,16154,civil engineering worker,,,,,,
esco_1_2_1,16793,road marker,15246,Civil engineering labourers,15244,Mining and construction labourers,16154,civil engineering worker,,,,,,
esco_1_2_1,16653,road sign installer,15246,Civil engineering labourers,15244,Mining and construction labourers,16154,civil engineering worker,,,,,,
esco_1_2_1,15713,waterway construction labourer,15246,Civil engineering labourers,15244,Mining and construction labourers,16154,civil engineering worker,,,,,,
esco_1_2_1,18141,mining assistant,15245,Mining and quarrying labourers,15244,Mining and construction labourers,15245,Mining and quarrying labourers,,,,,,
esco_1_2_1,15881,asphalt plant operator,15173,"Cement, stone and other mineral products machine operators",15169,Mining and mineral processing plant operators,15173,"Cement, stone and other mineral products machine operators",,,,,,
esco_1_2_1,17173,block machine operator,15173,"Cement, stone and other mineral products machine operators",15169,Mining and mineral processing plant operators,15173,"Cement, stone and other mineral products machine operators",,,,,,
esco_1_2_1,16952,concrete products machine operator,15173,"Cement, stone and other mineral products machine operators",15169,Mining and mineral processing plant operators,15173,"Cement, stone and other mineral products machine operators",,,,,,
esco_1_2_1,17061,electrolytic cell maker,15173,"Cement, stone and other mineral products machine operators",15169,Mining and mineral processing plant operators,15173,"Cement, stone and other mineral products machine operators",,,,,,
esco_1_2_1,17035,precast moulder,15173,"Cement, stone and other mineral products machine operators",15169,Mining and mineral processing plant operators,15173,"Cement, stone and other mineral products machine operators",,,,,,
esco_1_2_1,15342,slate mixer,15173,"Cement, stone and other mineral products machine operators",15169,Mining and mineral processing plant operators,15173,"Cement, stone and other mineral products machine operators",,,,,,
esco_1_2_1,17690,stone polisher,15173,"Cement, stone and other mineral products machine operators",15169,Mining and mineral processing plant operators,15173,"Cement, stone and other mineral products machine operators",,,,,,
esco_1_2_1,17238,stone splitter,15173,"Cement, stone and other mineral products machine operators",15169,Mining and mineral processing plant operators,15173,"Cement, stone and other mineral products machine operators",,,,,,
esco_1_2_1,17583,mineral crushing operator,15171,Mineral and stone processing plant operators,15169,Mining and mineral processing plant operators,15171,Mineral and stone processing plant operators,,,,,,
esco_1_2_1,16563,mineral processing operator,15171,Mineral and stone processing plant operators,15169,Mining and mineral processing plant operators,15171,Mineral and stone processing plant operators,,,,,,
esco_1_2_1,16489,stone driller,15171,Mineral and stone processing plant operators,15169,Mining and mineral processing plant operators,15171,Mineral and stone processing plant operators,,,,,,
esco_1_2_1,16070,stone planer,15171,Mineral and stone processing plant operators,15169,Mining and mineral processing plant operators,15171,Mineral and stone processing plant operators,,,,,,
esco_1_2_1,16135,dewatering technician,15170,Miners and quarriers,15169,Mining and mineral processing plant operators,15170,Miners and quarriers,,,,,,
esco_1_2_1,15969,driller,15170,Miners and quarriers,15169,Mining and mineral processing plant operators,15170,Miners and quarriers,,,,,,
esco_1_2_1,16194,surface miner,15170,Miners and quarriers,15169,Mining and mineral processing plant operators,15170,Miners and quarriers,,,,,,
esco_1_2_1,16105,underground heavy equipment operator,15170,Miners and quarriers,15169,Mining and mineral processing plant operators,15170,Miners and quarriers,,,,,,
esco_1_2_1,16234,underground miner,15170,Miners and quarriers,15169,Mining and mineral processing plant operators,15170,Miners and quarriers,,,,,,
esco_1_2_1,16100,derrickhand,15172,Well drillers and borers and related workers,15169,Mining and mineral processing plant operators,15172,Well drillers and borers and related workers,,,,,,
esco_1_2_1,16506,drill operator,15172,Well drillers and borers and related workers,15169,Mining and mineral processing plant operators,15172,Well drillers and borers and related workers,,,,,,
esco_1_2_1,17858,oil rig motorhand,15172,Well drillers and borers and related workers,15169,Mining and mineral processing plant operators,15172,Well drillers and borers and related workers,,,,,,
esco_1_2_1,15811,pipeline pump operator,15172,Well drillers and borers and related workers,15169,Mining and mineral processing plant operators,15172,Well drillers and borers and related workers,,,,,,
esco_1_2_1,17041,roughneck,15172,Well drillers and borers and related workers,15169,Mining and mineral processing plant operators,15172,Well drillers and borers and related workers,,,,,,
esco_1_2_1,16949,roustabout,15172,Well drillers and borers and related workers,15169,Mining and mineral processing plant operators,15172,Well drillers and borers and related workers,,,,,,
esco_1_2_1,16444,tool pusher,15172,Well drillers and borers and related workers,15169,Mining and mineral processing plant operators,15172,Well drillers and borers and related workers,,,,,,
esco_1_2_1,16801,tunnel boring machine operator,15172,Well drillers and borers and related workers,15169,Mining and mineral processing plant operators,15172,Well drillers and borers and related workers,,,,,,
esco_1_2_1,16150,well-digger,15172,Well drillers and borers and related workers,15169,Mining and mineral processing plant operators,15172,Well drillers and borers and related workers,,,,,,
esco_1_2_1,15340,bricklaying supervisor,14855,Construction supervisors,14852,"Mining, manufacturing and construction supervisors",15457,construction general supervisor,,,,,,
esco_1_2_1,15355,bridge construction supervisor,14855,Construction supervisors,14852,"Mining, manufacturing and construction supervisors",15457,construction general supervisor,,,,,,
esco_1_2_1,16957,carpenter supervisor,14855,Construction supervisors,14852,"Mining, manufacturing and construction supervisors",15457,construction general supervisor,,,,,,
esco_1_2_1,15696,concrete finisher supervisor,14855,Construction supervisors,14852,"Mining, manufacturing and construction supervisors",15457,construction general supervisor,,,,,,
esco_1_2_1,15457,construction general supervisor,14855,Construction supervisors,14852,"Mining, manufacturing and construction supervisors",14855,Construction supervisors,,,,,,
esco_1_2_1,16600,construction painting supervisor,14855,Construction supervisors,14852,"Mining, manufacturing and construction supervisors",15457,construction general supervisor,,,,,,
esco_1_2_1,15867,construction scaffolding supervisor,14855,Construction supervisors,14852,"Mining, manufacturing and construction supervisors",15457,construction general supervisor,,,,,,
esco_1_2_1,17454,crane crew supervisor,14855,Construction supervisors,14852,"Mining, manufacturing and construction supervisors",15457,construction general supervisor,,,,,,
esco_1_2_1,17221,demolition supervisor,14855,Construction supervisors,14852,"Mining, manufacturing and construction supervisors",15457,construction general supervisor,,,,,,
esco_1_2_1,16375,dismantling supervisor,14855,Construction supervisors,14852,"Mining, manufacturing and construction supervisors",15457,construction general supervisor,,,,,,
esco_1_2_1,16685,dredging supervisor,14855,Construction supervisors,14852,"Mining, manufacturing and construction supervisors",15457,construction general supervisor,,,,,,
esco_1_2_1,16969,electrical supervisor,14855,Construction supervisors,14852,"Mining, manufacturing and construction supervisors",15457,construction general supervisor,,,,,,
esco_1_2_1,17806,glass installation supervisor,14855,Construction supervisors,14852,"Mining, manufacturing and construction supervisors",15457,construction general supervisor,,,,,,
esco_1_2_1,15299,insulation supervisor,14855,Construction supervisors,14852,"Mining, manufacturing and construction supervisors",15457,construction general supervisor,,,,,,
esco_1_2_1,15864,lift installation supervisor,14855,Construction supervisors,14852,"Mining, manufacturing and construction supervisors",15457,construction general supervisor,,,,,,
esco_1_2_1,15593,paperhanger supervisor,14855,Construction supervisors,14852,"Mining, manufacturing and construction supervisors",15457,construction general supervisor,,,,,,
esco_1_2_1,17416,plastering supervisor,14855,Construction supervisors,14852,"Mining, manufacturing and construction supervisors",15457,construction general supervisor,,,,,,
esco_1_2_1,15378,plumbing supervisor,14855,Construction supervisors,14852,"Mining, manufacturing and construction supervisors",15457,construction general supervisor,,,,,,
esco_1_2_1,15663,power lines supervisor,14855,Construction supervisors,14852,"Mining, manufacturing and construction supervisors",15457,construction general supervisor,,,,,,
esco_1_2_1,15807,rail construction supervisor,14855,Construction supervisors,14852,"Mining, manufacturing and construction supervisors",15457,construction general supervisor,,,,,,
esco_1_2_1,16821,road construction supervisor,14855,Construction supervisors,14852,"Mining, manufacturing and construction supervisors",15457,construction general supervisor,,,,,,
esco_1_2_1,16564,roofing supervisor,14855,Construction supervisors,14852,"Mining, manufacturing and construction supervisors",15457,construction general supervisor,,,,,,
esco_1_2_1,15825,sewer construction supervisor,14855,Construction supervisors,14852,"Mining, manufacturing and construction supervisors",15457,construction general supervisor,,,,,,
esco_1_2_1,17314,structural ironwork supervisor,14855,Construction supervisors,14852,"Mining, manufacturing and construction supervisors",15457,construction general supervisor,,,,,,
esco_1_2_1,16900,terrazzo setter supervisor,14855,Construction supervisors,14852,"Mining, manufacturing and construction supervisors",15457,construction general supervisor,,,,,,
esco_1_2_1,15588,tiling supervisor,14855,Construction supervisors,14852,"Mining, manufacturing and construction supervisors",15457,construction general supervisor,,,,,,
esco_1_2_1,18040,underwater construction supervisor,14855,Construction supervisors,14852,"Mining, manufacturing and construction supervisors",14855,Construction supervisors,,,,,,
esco_1_2_1,16486,water conservation technician supervisor,14855,Construction supervisors,14852,"Mining, manufacturing and construction supervisors",15457,construction general supervisor,,,,,,
esco_1_2_1,17132,aircraft assembly supervisor,14854,Manufacturing supervisors,14852,"Mining, manufacturing and construction supervisors",17446,industrial assembly supervisor,,,,,,
esco_1_2_1,17726,animal feed supervisor,14854,Manufacturing supervisors,14852,"Mining, manufacturing and construction supervisors",16089,production supervisor,,,,,,
esco_1_2_1,18202,chemical processing supervisor,14854,Manufacturing supervisors,14852,"Mining, manufacturing and construction supervisors",16089,production supervisor,,,,,,
esco_1_2_1,15334,container equipment assembly supervisor,14854,Manufacturing supervisors,14852,"Mining, manufacturing and construction supervisors",17446,industrial assembly supervisor,,,,,,
esco_1_2_1,17110,dairy processing technician,14854,Manufacturing supervisors,14852,"Mining, manufacturing and construction supervisors",14854,Manufacturing supervisors,,,,,,
esco_1_2_1,16426,distillery supervisor,14854,Manufacturing supervisors,14852,"Mining, manufacturing and construction supervisors",16089,production supervisor,,,,,,
esco_1_2_1,17414,electrical equipment production supervisor,14854,Manufacturing supervisors,14852,"Mining, manufacturing and construction supervisors",16089,production supervisor,,,,,,
esco_1_2_1,16913,electronics production supervisor,14854,Manufacturing supervisors,14852,"Mining, manufacturing and construction supervisors",16089,production supervisor,,,,,,
esco_1_2_1,16508,food production planner,14854,Manufacturing supervisors,14852,"Mining, manufacturing and construction supervisors",14854,Manufacturing supervisors,,,,,,
esco_1_2_1,17119,footwear assembly supervisor,14854,Manufacturing supervisors,14852,"Mining, manufacturing and construction supervisors",17446,industrial assembly supervisor,,,,,,
esco_1_2_1,17320,footwear production supervisor,14854,Manufacturing supervisors,14852,"Mining, manufacturing and construction supervisors",16089,production supervisor,,,,,,
esco_1_2_1,17446,industrial assembly supervisor,14854,Manufacturing supervisors,14852,"Mining, manufacturing and construction supervisors",14854,Manufacturing supervisors,,,,,,
esco_1_2_1,15462,leather goods production supervisor,14854,Manufacturing supervisors,14852,"Mining, manufacturing and construction supervisors",16089,production supervisor,,,,,,
esco_1_2_1,15849,machine operator supervisor,14854,Manufacturing supervisors,14852,"Mining, manufacturing and construction supervisors",16089,production supervisor,,,,,,
esco_1_2_1,15984,machinery assembly supervisor,14854,Manufacturing supervisors,14852,"Mining, manufacturing and construction supervisors",17446,industrial assembly supervisor,,,,,,
esco_1_2_1,17680,malt house supervisor,14854,Manufacturing supervisors,14852,"Mining, manufacturing and construction supervisors",16089,production supervisor,,,,,,
esco_1_2_1,16842,metal production supervisor,14854,Manufacturing supervisors,14852,"Mining, manufacturing and construction supervisors",16089,production supervisor,,,,,,
esco_1_2_1,18015,motor vehicle assembly supervisor,14854,Manufacturing supervisors,14852,"Mining, manufacturing and construction supervisors",17446,industrial assembly supervisor,,,,,,
esco_1_2_1,16116,optical instrument production supervisor,14854,Manufacturing supervisors,14852,"Mining, manufacturing and construction supervisors",16089,production supervisor,,,,,,
esco_1_2_1,16655,paper mill supervisor,14854,Manufacturing supervisors,14852,"Mining, manufacturing and construction supervisors",16089,production supervisor,,,,,,
esco_1_2_1,16140,plastic and rubber products manufacturing supervisor,14854,Manufacturing supervisors,14852,"Mining, manufacturing and construction supervisors",16089,production supervisor,,,,,,
esco_1_2_1,15562,precision mechanics supervisor,14854,Manufacturing supervisors,14852,"Mining, manufacturing and construction supervisors",16089,production supervisor,,,,,,
esco_1_2_1,16211,print studio supervisor,14854,Manufacturing supervisors,14852,"Mining, manufacturing and construction supervisors",16089,production supervisor,,,,,,
esco_1_2_1,16089,production supervisor,14854,Manufacturing supervisors,14852,"Mining, manufacturing and construction supervisors",14854,Manufacturing supervisors,,,,,,
esco_1_2_1,17949,rolling stock assembly supervisor,14854,Manufacturing supervisors,14852,"Mining, manufacturing and construction supervisors",17446,industrial assembly supervisor,,,,,,
esco_1_2_1,15686,vessel assembly supervisor,14854,Manufacturing supervisors,14852,"Mining, manufacturing and construction supervisors",17446,industrial assembly supervisor,,,,,,
esco_1_2_1,15529,waste management supervisor,14854,Manufacturing supervisors,14852,"Mining, manufacturing and construction supervisors",14854,Manufacturing supervisors,,,,,,
esco_1_2_1,18019,wood assembly supervisor,14854,Manufacturing supervisors,14852,"Mining, manufacturing and construction supervisors",17446,industrial assembly supervisor,,,,,,
esco_1_2_1,17608,wood production supervisor,14854,Manufacturing supervisors,14852,"Mining, manufacturing and construction supervisors",16089,production supervisor,,,,,,
esco_1_2_1,15727,mine shift manager,14853,Mining supervisors,14852,"Mining, manufacturing and construction supervisors",16431,mine supervisor,,,,,,
esco_1_2_1,16431,mine supervisor,14853,Mining supervisors,14852,"Mining, manufacturing and construction supervisors",14853,Mining supervisors,,,,,,
esco_1_2_1,16138,farm manager,15063,Mixed crop and animal producers,15062,Mixed crop and animal producers,15063,Mixed crop and animal producers,,,,,,
esco_1_2_1,15635,mixed farmer,15063,Mixed crop and animal producers,15062,Mixed crop and animal producers,15063,Mixed crop and animal producers,,,,,,
esco_1_2_1,17059,automated cable vehicle controller,15221,"Crane, hoist and related plant operators",15218,Mobile plant operators,15221,"Crane, hoist and related plant operators",,,,,,
esco_1_2_1,17953,container crane operator,15221,"Crane, hoist and related plant operators",15218,Mobile plant operators,15221,"Crane, hoist and related plant operators",,,,,,
esco_1_2_1,15671,mobile crane operator,15221,"Crane, hoist and related plant operators",15218,Mobile plant operators,15221,"Crane, hoist and related plant operators",,,,,,
esco_1_2_1,15658,production plant crane operator,15221,"Crane, hoist and related plant operators",15218,Mobile plant operators,15221,"Crane, hoist and related plant operators",,,,,,
esco_1_2_1,15465,tower crane operator,15221,"Crane, hoist and related plant operators",15218,Mobile plant operators,15221,"Crane, hoist and related plant operators",,,,,,
esco_1_2_1,17764,bulldozer operator,15220,Earthmoving and related plant operators,15218,Mobile plant operators,15220,Earthmoving and related plant operators,,,,,,
esco_1_2_1,16163,dredge operator,15220,Earthmoving and related plant operators,15218,Mobile plant operators,15220,Earthmoving and related plant operators,,,,,,
esco_1_2_1,18130,excavator operator,15220,Earthmoving and related plant operators,15218,Mobile plant operators,15220,Earthmoving and related plant operators,,,,,,
esco_1_2_1,16106,grader operator,15220,Earthmoving and related plant operators,15218,Mobile plant operators,15220,Earthmoving and related plant operators,,,,,,
esco_1_2_1,17492,pile driving hammer operator,15220,Earthmoving and related plant operators,15218,Mobile plant operators,15220,Earthmoving and related plant operators,,,,,,
esco_1_2_1,16466,road construction worker,15220,Earthmoving and related plant operators,15218,Mobile plant operators,15220,Earthmoving and related plant operators,,,,,,
esco_1_2_1,16117,road roller operator,15220,Earthmoving and related plant operators,15218,Mobile plant operators,15220,Earthmoving and related plant operators,,,,,,
esco_1_2_1,17768,scraper operator,15220,Earthmoving and related plant operators,15218,Mobile plant operators,15220,Earthmoving and related plant operators,,,,,,
esco_1_2_1,15633,snow-clearing worker,15220,Earthmoving and related plant operators,15218,Mobile plant operators,15220,Earthmoving and related plant operators,,,,,,
esco_1_2_1,17500,surface mine plant operator,15220,Earthmoving and related plant operators,15218,Mobile plant operators,15220,Earthmoving and related plant operators,,,,,,
esco_1_2_1,18129,forklift operator,15222,Lifting truck operators,15218,Mobile plant operators,15222,Lifting truck operators,,,,,,
esco_1_2_1,16589,forestry equipment operator,15219,Mobile farm and forestry plant operators,15218,Mobile plant operators,15219,Mobile farm and forestry plant operators,,,,,,
esco_1_2_1,15627,land-based machinery operator,15219,Mobile farm and forestry plant operators,15218,Mobile plant operators,15219,Mobile farm and forestry plant operators,,,,,,
esco_1_2_1,15570,land-based machinery supervisor,15219,Mobile farm and forestry plant operators,15218,Mobile plant operators,15219,Mobile farm and forestry plant operators,,,,,,
esco_1_2_1,16200,army corporal,14663,Non-commissioned armed forces officers,14662,Non-commissioned armed forces officers,14663,Non-commissioned armed forces officers,,,,,,
esco_1_2_1,17767,sergeant,14663,Non-commissioned armed forces officers,14662,Non-commissioned armed forces officers,14663,Non-commissioned armed forces officers,,,,,,
esco_1_2_1,15657,special forces officer,14663,Non-commissioned armed forces officers,14662,Non-commissioned armed forces officers,14663,Non-commissioned armed forces officers,,,,,,
esco_1_2_1,16950,warfare specialist,14663,Non-commissioned armed forces officers,14662,Non-commissioned armed forces officers,14663,Non-commissioned armed forces officers,,,,,,
esco_1_2_1,17563,billing clerk,14976,Accounting and bookkeeping clerks,14975,Numerical clerks,14976,Accounting and bookkeeping clerks,,,,,,
esco_1_2_1,16432,sales support assistant,14976,Accounting and bookkeeping clerks,14975,Numerical clerks,14976,Accounting and bookkeeping clerks,,,,,,
esco_1_2_1,17407,payroll clerk,14978,Payroll clerks,14975,Numerical clerks,14978,Payroll clerks,,,,,,
esco_1_2_1,15675,auditing clerk,14977,"Statistical, finance and insurance clerks",14975,Numerical clerks,14977,"Statistical, finance and insurance clerks",,,,,,
esco_1_2_1,17464,back office specialist,14977,"Statistical, finance and insurance clerks",14975,Numerical clerks,14977,"Statistical, finance and insurance clerks",,,,,,
esco_1_2_1,15964,financial markets back office administrator,14977,"Statistical, finance and insurance clerks",14975,Numerical clerks,17464,back office specialist,,,,,,
esco_1_2_1,17530,foreign exchange cashier,14977,"Statistical, finance and insurance clerks",14975,Numerical clerks,14977,"Statistical, finance and insurance clerks",,,,,,
esco_1_2_1,17186,insurance clerk,14977,"Statistical, finance and insurance clerks",14975,Numerical clerks,14977,"Statistical, finance and insurance clerks",,,,,,
esco_1_2_1,18288,investment clerk,14977,"Statistical, finance and insurance clerks",14975,Numerical clerks,14977,"Statistical, finance and insurance clerks",,,,,,
esco_1_2_1,17703,property assistant,14977,"Statistical, finance and insurance clerks",14975,Numerical clerks,14977,"Statistical, finance and insurance clerks",,,,,,
esco_1_2_1,16936,tax clerk,14977,"Statistical, finance and insurance clerks",14975,Numerical clerks,14977,"Statistical, finance and insurance clerks",,,,,,
esco_1_2_1,15887,maternity support worker,14881,Midwifery associate professionals,14879,Nursing and midwifery associate professionals,14881,Midwifery associate professionals,,,,,,
esco_1_2_1,17117,midwife,14752,Midwifery professionals,14750,Nursing and midwifery professionals,14752,Midwifery professionals,,,,,,
esco_1_2_1,15966,advanced nurse practitioner,14751,Nursing professionals,14750,Nursing and midwifery professionals,14751,Nursing professionals,,,,,,
esco_1_2_1,17034,nurse responsible for general care,14751,Nursing professionals,14750,Nursing and midwifery professionals,14751,Nursing professionals,,,,,,
esco_1_2_1,15591,specialist nurse,14751,Nursing professionals,14750,Nursing and midwifery professionals,14751,Nursing professionals,,,,,,
esco_1_2_1,16331,advertising assistant,14991,Clerical support workers not elsewhere classified,14984,Other clerical support workers,14991,Clerical support workers not elsewhere classified,,,,,,
esco_1_2_1,17732,foreign language correspondence clerk,14991,Clerical support workers not elsewhere classified,14984,Other clerical support workers,14991,Clerical support workers not elsewhere classified,,,,,,
esco_1_2_1,18244,proofreader,14987,"Coding, proof-reading and related clerks",14984,Other clerical support workers,14987,"Coding, proof-reading and related clerks",,,,,,
esco_1_2_1,17195,file clerk,14989,Filing and copying clerks,14984,Other clerical support workers,14989,Filing and copying clerks,,,,,,
esco_1_2_1,15981,library assistant,14985,Library clerks,14984,Other clerical support workers,14985,Library clerks,,,,,,
esco_1_2_1,16290,mail clerk,14986,Mail carriers and sorting clerks,14984,Other clerical support workers,14986,Mail carriers and sorting clerks,,,,,,
esco_1_2_1,16852,postman/postwoman,14986,Mail carriers and sorting clerks,14984,Other clerical support workers,14986,Mail carriers and sorting clerks,,,,,,
esco_1_2_1,17912,human resources assistant,14990,Personnel clerks,14984,Other clerical support workers,14990,Personnel clerks,,,,,,
esco_1_2_1,15710,pest management worker,15165,Fumigators and other pest and weed controllers,15161,Other craft and related workers,15165,Fumigators and other pest and weed controllers,,,,,,
esco_1_2_1,16284,pesticides sprayer,15165,Fumigators and other pest and weed controllers,15161,Other craft and related workers,15710,pest management worker,,,,,,
esco_1_2_1,17443,aircraft assembly inspector,15164,Product graders and testers (excluding foods and beverages),15161,Other craft and related workers,16729,product assembly inspector,,,,,,
esco_1_2_1,16014,automated optical inspection operator,15164,Product graders and testers (excluding foods and beverages),15161,Other craft and related workers,15164,Product graders and testers (excluding foods and beverages),,,,,,
esco_1_2_1,15797,automotive test driver,15164,Product graders and testers (excluding foods and beverages),15161,Other craft and related workers,15164,Product graders and testers (excluding foods and beverages),,,,,,
esco_1_2_1,16122,battery test technician,15164,Product graders and testers (excluding foods and beverages),15161,Other craft and related workers,15164,Product graders and testers (excluding foods and beverages),,,,,,
esco_1_2_1,17859,cigar inspector,15164,Product graders and testers (excluding foods and beverages),15161,Other craft and related workers,16499,product quality inspector,,,,,,
esco_1_2_1,15986,clothing quality inspector,15164,Product graders and testers (excluding foods and beverages),15161,Other craft and related workers,16499,product quality inspector,,,,,,
esco_1_2_1,16580,consumer goods inspector,15164,Product graders and testers (excluding foods and beverages),15161,Other craft and related workers,16729,product assembly inspector,,,,,,
esco_1_2_1,17461,control panel tester,15164,Product graders and testers (excluding foods and beverages),15161,Other craft and related workers,15164,Product graders and testers (excluding foods and beverages),,,,,,
esco_1_2_1,15636,electrical equipment inspector,15164,Product graders and testers (excluding foods and beverages),15161,Other craft and related workers,16729,product assembly inspector,,,,,,
esco_1_2_1,15718,electronic equipment inspector,15164,Product graders and testers (excluding foods and beverages),15161,Other craft and related workers,16729,product assembly inspector,,,,,,
esco_1_2_1,15889,engineered wood board grader,15164,Product graders and testers (excluding foods and beverages),15161,Other craft and related workers,17783,product grader,,,,,,
esco_1_2_1,15827,footwear quality controller,15164,Product graders and testers (excluding foods and beverages),15161,Other craft and related workers,17438,product quality controller,,,,,,
esco_1_2_1,15971,leather goods quality controller,15164,Product graders and testers (excluding foods and beverages),15161,Other craft and related workers,17438,product quality controller,,,,,,
esco_1_2_1,17403,lumber grader,15164,Product graders and testers (excluding foods and beverages),15161,Other craft and related workers,17783,product grader,,,,,,
esco_1_2_1,17645,metal product quality control inspector,15164,Product graders and testers (excluding foods and beverages),15161,Other craft and related workers,17438,product quality controller,,,,,,
esco_1_2_1,17190,motor vehicle assembly inspector,15164,Product graders and testers (excluding foods and beverages),15161,Other craft and related workers,16729,product assembly inspector,,,,,,
esco_1_2_1,16907,non-destructive testing specialist,15164,Product graders and testers (excluding foods and beverages),15161,Other craft and related workers,15164,Product graders and testers (excluding foods and beverages),,,,,,
esco_1_2_1,15278,precision device inspector,15164,Product graders and testers (excluding foods and beverages),15161,Other craft and related workers,16499,product quality inspector,,,,,,
esco_1_2_1,15756,printed circuit board test technician,15164,Product graders and testers (excluding foods and beverages),15161,Other craft and related workers,15164,Product graders and testers (excluding foods and beverages),,,,,,
esco_1_2_1,16729,product assembly inspector,15164,Product graders and testers (excluding foods and beverages),15161,Other craft and related workers,15164,Product graders and testers (excluding foods and beverages),,,,,,
esco_1_2_1,17783,product grader,15164,Product graders and testers (excluding foods and beverages),15161,Other craft and related workers,15164,Product graders and testers (excluding foods and beverages),,,,,,
esco_1_2_1,17438,product quality controller,15164,Product graders and testers (excluding foods and beverages),15161,Other craft and related workers,15164,Product graders and testers (excluding foods and beverages),,,,,,
esco_1_2_1,16499,product quality inspector,15164,Product graders and testers (excluding foods and beverages),15161,Other craft and related workers,15164,Product graders and testers (excluding foods and beverages),,,,,,
esco_1_2_1,15953,pulp grader,15164,Product graders and testers (excluding foods and beverages),15161,Other craft and related workers,17783,product grader,,,,,,
esco_1_2_1,17702,rolling stock assembly inspector,15164,Product graders and testers (excluding foods and beverages),15161,Other craft and related workers,16729,product assembly inspector,,,,,,
esco_1_2_1,16942,textile quality inspector,15164,Product graders and testers (excluding foods and beverages),15161,Other craft and related workers,16499,product quality inspector,,,,,,
esco_1_2_1,17551,veneer grader,15164,Product graders and testers (excluding foods and beverages),15161,Other craft and related workers,15164,Product graders and testers (excluding foods and beverages),,,,,,
esco_1_2_1,17291,vessel assembly inspector,15164,Product graders and testers (excluding foods and beverages),15161,Other craft and related workers,16729,product assembly inspector,,,,,,
esco_1_2_1,15815,shotfirer,15163,Shotfirers and blasters,15161,Other craft and related workers,15163,Shotfirers and blasters,,,,,,
esco_1_2_1,16410,construction commercial diver,15162,Underwater divers,15161,Other craft and related workers,15162,Underwater divers,,,,,,
esco_1_2_1,15689,harvest diver,15162,Underwater divers,15161,Other craft and related workers,15162,Underwater divers,,,,,,
esco_1_2_1,17585,rescue diver,15162,Underwater divers,15161,Other craft and related workers,15162,Underwater divers,,,,,,
esco_1_2_1,17659,advertising installer,15275,Elementary workers not elsewhere classified,15270,Other elementary workers,15275,Elementary workers not elsewhere classified,,,,,,
esco_1_2_1,18017,amusement and recreation attendant,15275,Elementary workers not elsewhere classified,15270,Other elementary workers,15275,Elementary workers not elsewhere classified,,,,,,
esco_1_2_1,16001,attraction operator,15275,Elementary workers not elsewhere classified,15270,Other elementary workers,15275,Elementary workers not elsewhere classified,,,,,,
esco_1_2_1,15763,cloak room attendant,15275,Elementary workers not elsewhere classified,15270,Other elementary workers,15275,Elementary workers not elsewhere classified,,,,,,
esco_1_2_1,18001,laundromat attendant,15275,Elementary workers not elsewhere classified,15270,Other elementary workers,15275,Elementary workers not elsewhere classified,,,,,,
esco_1_2_1,15670,locker room attendant,15275,Elementary workers not elsewhere classified,15270,Other elementary workers,15275,Elementary workers not elsewhere classified,,,,,,
esco_1_2_1,16858,usher,15275,Elementary workers not elsewhere classified,15270,Other elementary workers,15275,Elementary workers not elsewhere classified,,,,,,
esco_1_2_1,16123,doorman/doorwoman,15271,"Messengers, package deliverers and luggage porters",15270,Other elementary workers,15271,"Messengers, package deliverers and luggage porters",,,,,,
esco_1_2_1,16043,hotel porter,15271,"Messengers, package deliverers and luggage porters",15270,Other elementary workers,15271,"Messengers, package deliverers and luggage porters",,,,,,
esco_1_2_1,15833,meter reader,15273,Meter readers and vending-machine collectors,15270,Other elementary workers,15273,Meter readers and vending-machine collectors,,,,,,
esco_1_2_1,17194,vending machine operator,15273,Meter readers and vending-machine collectors,15270,Other elementary workers,15273,Meter readers and vending-machine collectors,,,,,,
esco_1_2_1,18186,handyperson,15272,Odd job persons,15270,Other elementary workers,15272,Odd job persons,,,,,,
esco_1_2_1,16535,emergency ambulance driver,14894,Ambulance workers,14886,Other health associate professionals,14894,Ambulance workers,,,,,,
esco_1_2_1,15423,paramedic in emergency responses,14894,Ambulance workers,14886,Other health associate professionals,14894,Ambulance workers,,,,,,
esco_1_2_1,17723,community health worker,14889,Community health workers,14886,Other health associate professionals,14889,Community health workers,,,,,,
esco_1_2_1,17498,first aid instructor,14889,Community health workers,14886,Other health associate professionals,17723,community health worker,,,,,,
esco_1_2_1,17605,dental chairside assistant,14887,Dental assistants and therapists,14886,Other health associate professionals,14887,Dental assistants and therapists,,,,,,
esco_1_2_1,15493,optical technician,14890,Dispensing opticians,14886,Other health associate professionals,16637,optician,,,,,,
esco_1_2_1,16637,optician,14890,Dispensing opticians,14886,Other health associate professionals,14890,Dispensing opticians,,,,,,
esco_1_2_1,17244,environmental health inspector,14893,Environmental and occupational health inspectors and associates,14886,Other health associate professionals,14893,Environmental and occupational health inspectors and associates,,,,,,
esco_1_2_1,17735,food regulatory advisor,14893,Environmental and occupational health inspectors and associates,14886,Other health associate professionals,14893,Environmental and occupational health inspectors and associates,,,,,,
esco_1_2_1,16836,food safety inspector,14893,Environmental and occupational health inspectors and associates,14886,Other health associate professionals,14893,Environmental and occupational health inspectors and associates,,,,,,
esco_1_2_1,17473,hazardous materials inspector,14893,Environmental and occupational health inspectors and associates,14886,Other health associate professionals,17287,industrial waste inspector,,,,,,
esco_1_2_1,17966,hazardous waste inspector,14893,Environmental and occupational health inspectors and associates,14886,Other health associate professionals,17287,industrial waste inspector,,,,,,
esco_1_2_1,15826,health and safety inspector,14893,Environmental and occupational health inspectors and associates,14886,Other health associate professionals,14893,Environmental and occupational health inspectors and associates,,,,,,
esco_1_2_1,16121,healthcare inspector,14893,Environmental and occupational health inspectors and associates,14886,Other health associate professionals,16569,occupational health and safety inspector,,,,,,
esco_1_2_1,17287,industrial waste inspector,14893,Environmental and occupational health inspectors and associates,14886,Other health associate professionals,14893,Environmental and occupational health inspectors and associates,,,,,,
esco_1_2_1,16569,occupational health and safety inspector,14893,Environmental and occupational health inspectors and associates,14886,Other health associate professionals,14893,Environmental and occupational health inspectors and associates,,,,,,
esco_1_2_1,15622,transport health and safety inspector,14893,Environmental and occupational health inspectors and associates,14886,Other health associate professionals,14893,Environmental and occupational health inspectors and associates,,,,,,
esco_1_2_1,15565,anaesthetic technician,14895,Health associate professionals not elsewhere classified,14886,Other health associate professionals,14895,Health associate professionals not elsewhere classified,,,,,,
esco_1_2_1,17834,assistant clinical psychologist,14895,Health associate professionals not elsewhere classified,14886,Other health associate professionals,14895,Health associate professionals not elsewhere classified,,,,,,
esco_1_2_1,16562,chiropractic assistant,14895,Health associate professionals not elsewhere classified,14886,Other health associate professionals,14895,Health associate professionals not elsewhere classified,,,,,,
esco_1_2_1,17699,covid tester,14895,Health associate professionals not elsewhere classified,14886,Other health associate professionals,14895,Health associate professionals not elsewhere classified,,,,,,
esco_1_2_1,16581,dietetic technician,14895,Health associate professionals not elsewhere classified,14886,Other health associate professionals,14895,Health associate professionals not elsewhere classified,,,,,,
esco_1_2_1,16814,respiratory therapy technician,14895,Health associate professionals not elsewhere classified,14886,Other health associate professionals,14895,Health associate professionals not elsewhere classified,,,,,,
esco_1_2_1,17383,temperature screener,14895,Health associate professionals not elsewhere classified,14886,Other health associate professionals,14895,Health associate professionals not elsewhere classified,,,,,,
esco_1_2_1,15431,doctors' surgery assistant,14892,Medical assistants,14886,Other health associate professionals,14892,Medical assistants,,,,,,
esco_1_2_1,16503,clinical coder,14888,Medical records and health information technicians,14886,Other health associate professionals,15541,medical records clerk,,,,,,
esco_1_2_1,15541,medical records clerk,14888,Medical records and health information technicians,14886,Other health associate professionals,14888,Medical records and health information technicians,,,,,,
esco_1_2_1,17158,medical records manager,14888,Medical records and health information technicians,14886,Other health associate professionals,14888,Medical records and health information technicians,,,,,,
esco_1_2_1,15920,picture archiving and communication systems administrator,14888,Medical records and health information technicians,14886,Other health associate professionals,14888,Medical records and health information technicians,,,,,,
esco_1_2_1,17081,waiting list coordinator,14888,Medical records and health information technicians,14886,Other health associate professionals,14888,Medical records and health information technicians,,,,,,
esco_1_2_1,17100,massage therapist,14891,Physiotherapy technicians and assistants,14886,Other health associate professionals,14891,Physiotherapy technicians and assistants,,,,,,
esco_1_2_1,18233,physiotherapy assistant,14891,Physiotherapy technicians and assistants,14886,Other health associate professionals,14891,Physiotherapy technicians and assistants,,,,,,
esco_1_2_1,17428,shiatsu practitioner,14891,Physiotherapy technicians and assistants,14886,Other health associate professionals,14891,Physiotherapy technicians and assistants,,,,,,
esco_1_2_1,17808,sophrologist,14891,Physiotherapy technicians and assistants,14886,Other health associate professionals,14891,Physiotherapy technicians and assistants,,,,,,
esco_1_2_1,17693,audiologist,14765,Audiologists and speech therapists,14759,Other health professionals,14765,Audiologists and speech therapists,,,,,,
esco_1_2_1,16866,speech and language therapist,14765,Audiologists and speech therapists,14759,Other health professionals,14765,Audiologists and speech therapists,,,,,,
esco_1_2_1,17829,dental hygienist,14760,Dentists,14759,Other health professionals,14760,Dentists,,,,,,
esco_1_2_1,18036,dental practitioner,14760,Dentists,14759,Other health professionals,14760,Dentists,,,,,,
esco_1_2_1,16753,dental technician,14760,Dentists,14759,Other health professionals,14760,Dentists,,,,,,
esco_1_2_1,17308,specialist dentist,14760,Dentists,14759,Other health professionals,14760,Dentists,,,,,,
esco_1_2_1,16996,dietitian,14764,Dieticians and nutritionists,14759,Other health professionals,14764,Dieticians and nutritionists,,,,,,
esco_1_2_1,17671,prepared meals nutritionist,14764,Dieticians and nutritionists,14759,Other health professionals,16996,dietitian,,,,,,
esco_1_2_1,16697,emergency response coordinator,14762,Environmental and occupational health and hygiene professionals,14759,Other health professionals,14762,Environmental and occupational health and hygiene professionals,,,,,,
esco_1_2_1,15652,ergonomist,14762,Environmental and occupational health and hygiene professionals,14759,Other health professionals,16784,health and safety officer,,,,,,
esco_1_2_1,15291,food safety specialist,14762,Environmental and occupational health and hygiene professionals,14759,Other health professionals,14762,Environmental and occupational health and hygiene professionals,,,,,,
esco_1_2_1,16784,health and safety officer,14762,Environmental and occupational health and hygiene professionals,14759,Other health professionals,14762,Environmental and occupational health and hygiene professionals,,,,,,
esco_1_2_1,17625,radiation protection officer,14762,Environmental and occupational health and hygiene professionals,14759,Other health professionals,14762,Environmental and occupational health and hygiene professionals,,,,,,
esco_1_2_1,16201,anatomical pathology technician,14767,Health professionals not elsewhere classified,14759,Other health professionals,14767,Health professionals not elsewhere classified,,,,,,
esco_1_2_1,18044,animal assisted therapist,14767,Health professionals not elsewhere classified,14759,Other health professionals,18246,recreational therapist,,,,,,
esco_1_2_1,18096,art therapist,14767,Health professionals not elsewhere classified,14759,Other health professionals,18246,recreational therapist,,,,,,
esco_1_2_1,15865,biomedical scientist,14767,Health professionals not elsewhere classified,14759,Other health professionals,14767,Health professionals not elsewhere classified,,,,,,
esco_1_2_1,17527,biomedical scientist advanced,14767,Health professionals not elsewhere classified,14759,Other health professionals,14767,Health professionals not elsewhere classified,,,,,,
esco_1_2_1,16189,chiropractor,14767,Health professionals not elsewhere classified,14759,Other health professionals,14767,Health professionals not elsewhere classified,,,,,,
esco_1_2_1,17826,cytotechnologist,14767,Health professionals not elsewhere classified,14759,Other health professionals,15865,biomedical scientist,,,,,,
esco_1_2_1,16786,dance therapist,14767,Health professionals not elsewhere classified,14759,Other health professionals,18246,recreational therapist,,,,,,
esco_1_2_1,16831,diagnostic radiographer,14767,Health professionals not elsewhere classified,14759,Other health professionals,16742,radiographer,,,,,,
esco_1_2_1,15504,kinesiologist,14767,Health professionals not elsewhere classified,14759,Other health professionals,14767,Health professionals not elsewhere classified,,,,,,
esco_1_2_1,15341,medical physics expert,14767,Health professionals not elsewhere classified,14759,Other health professionals,14767,Health professionals not elsewhere classified,,,,,,
esco_1_2_1,16051,music therapist,14767,Health professionals not elsewhere classified,14759,Other health professionals,18246,recreational therapist,,,,,,
esco_1_2_1,16461,nuclear medicine radiographer,14767,Health professionals not elsewhere classified,14759,Other health professionals,16742,radiographer,,,,,,
esco_1_2_1,15929,occupational therapist,14767,Health professionals not elsewhere classified,14759,Other health professionals,14767,Health professionals not elsewhere classified,,,,,,
esco_1_2_1,16906,occupational therapy assistant,14767,Health professionals not elsewhere classified,14759,Other health professionals,14767,Health professionals not elsewhere classified,,,,,,
esco_1_2_1,17326,osteopath,14767,Health professionals not elsewhere classified,14759,Other health professionals,14767,Health professionals not elsewhere classified,,,,,,
esco_1_2_1,17814,podiatrist,14767,Health professionals not elsewhere classified,14759,Other health professionals,14767,Health professionals not elsewhere classified,,,,,,
esco_1_2_1,16264,podiatry assistant,14767,Health professionals not elsewhere classified,14759,Other health professionals,14767,Health professionals not elsewhere classified,,,,,,
esco_1_2_1,16277,prosthetic-orthotics technician,14767,Health professionals not elsewhere classified,14759,Other health professionals,14767,Health professionals not elsewhere classified,,,,,,
esco_1_2_1,16742,radiographer,14767,Health professionals not elsewhere classified,14759,Other health professionals,14767,Health professionals not elsewhere classified,,,,,,
esco_1_2_1,18246,recreational therapist,14767,Health professionals not elsewhere classified,14759,Other health professionals,14767,Health professionals not elsewhere classified,,,,,,
esco_1_2_1,17396,specialist biomedical scientist,14767,Health professionals not elsewhere classified,14759,Other health professionals,14767,Health professionals not elsewhere classified,,,,,,
esco_1_2_1,17610,specialist chiropractor,14767,Health professionals not elsewhere classified,14759,Other health professionals,14767,Health professionals not elsewhere classified,,,,,,
esco_1_2_1,17633,optometrist,14766,Optometrists and ophthalmic opticians,14759,Other health professionals,14766,Optometrists and ophthalmic opticians,,,,,,
esco_1_2_1,16757,orthoptist,14766,Optometrists and ophthalmic opticians,14759,Other health professionals,14766,Optometrists and ophthalmic opticians,,,,,,
esco_1_2_1,16470,hospital pharmacist,14761,Pharmacists,14759,Other health professionals,17043,specialist pharmacist,,,,,,
esco_1_2_1,16320,industrial pharmacist,14761,Pharmacists,14759,Other health professionals,17043,specialist pharmacist,,,,,,
esco_1_2_1,15478,pharmaceutical quality specialist,14761,Pharmacists,14759,Other health professionals,16820,pharmacist,,,,,,
esco_1_2_1,16820,pharmacist,14761,Pharmacists,14759,Other health professionals,14761,Pharmacists,,,,,,
esco_1_2_1,16812,pharmacy technician,14761,Pharmacists,14759,Other health professionals,14761,Pharmacists,,,,,,
esco_1_2_1,17043,specialist pharmacist,14761,Pharmacists,14759,Other health professionals,16820,pharmacist,,,,,,
esco_1_2_1,17280,advanced physiotherapist,14763,Physiotherapists,14759,Other health professionals,14763,Physiotherapists,,,,,,
esco_1_2_1,15284,physiotherapist,14763,Physiotherapists,14759,Other health professionals,14763,Physiotherapists,,,,,,
esco_1_2_1,16607,astrologer,15011,"Astrologers, fortune-tellers and related workers",15010,Other personal services workers,15011,"Astrologers, fortune-tellers and related workers",,,,,,
esco_1_2_1,17262,fortune teller,15011,"Astrologers, fortune-tellers and related workers",15010,Other personal services workers,15011,"Astrologers, fortune-tellers and related workers",,,,,,
esco_1_2_1,15911,medium,15011,"Astrologers, fortune-tellers and related workers",15010,Other personal services workers,15011,"Astrologers, fortune-tellers and related workers",,,,,,
esco_1_2_1,18297,psychic,15011,"Astrologers, fortune-tellers and related workers",15010,Other personal services workers,15011,"Astrologers, fortune-tellers and related workers",,,,,,
esco_1_2_1,17878,companion,15012,Companions and valets,15010,Other personal services workers,15012,Companions and valets,,,,,,
esco_1_2_1,16149,bus driving instructor,15015,Driving instructors,15010,Other personal services workers,17582,driving instructor,,,,,,
esco_1_2_1,16914,car driving instructor,15015,Driving instructors,15010,Other personal services workers,17582,driving instructor,,,,,,
esco_1_2_1,17582,driving instructor,15015,Driving instructors,15010,Other personal services workers,15015,Driving instructors,,,,,,
esco_1_2_1,15760,motorcycle instructor,15015,Driving instructors,15010,Other personal services workers,17582,driving instructor,,,,,,
esco_1_2_1,17660,truck driving instructor,15015,Driving instructors,15010,Other personal services workers,17582,driving instructor,,,,,,
esco_1_2_1,15838,vessel steering instructor,15015,Driving instructors,15010,Other personal services workers,15015,Driving instructors,,,,,,
esco_1_2_1,17835,club host/club hostess,15016,Personal services workers not elsewhere classified,15010,Other personal services workers,15016,Personal services workers not elsewhere classified,,,,,,
esco_1_2_1,18229,dating service consultant,15016,Personal services workers not elsewhere classified,15010,Other personal services workers,15016,Personal services workers not elsewhere classified,,,,,,
esco_1_2_1,17934,escort,15016,Personal services workers not elsewhere classified,15010,Other personal services workers,15016,Personal services workers not elsewhere classified,,,,,,
esco_1_2_1,15419,animal care attendant,15014,Pet groomers and animal care workers,15010,Other personal services workers,15014,Pet groomers and animal care workers,,,,,,
esco_1_2_1,16414,animal groomer,15014,Pet groomers and animal care workers,15010,Other personal services workers,15419,animal care attendant,,,,,,
esco_1_2_1,15666,animal handler,15014,Pet groomers and animal care workers,15010,Other personal services workers,15014,Pet groomers and animal care workers,,,,,,
esco_1_2_1,16830,animal shelter worker,15014,Pet groomers and animal care workers,15010,Other personal services workers,15014,Pet groomers and animal care workers,,,,,,
esco_1_2_1,18277,animal trainer,15014,Pet groomers and animal care workers,15010,Other personal services workers,15666,animal handler,,,,,,
esco_1_2_1,16668,cattle pedicure,15014,Pet groomers and animal care workers,15010,Other personal services workers,15014,Pet groomers and animal care workers,,,,,,
esco_1_2_1,15824,dog breeder,15014,Pet groomers and animal care workers,15010,Other personal services workers,15014,Pet groomers and animal care workers,,,,,,
esco_1_2_1,15771,dog trainer,15014,Pet groomers and animal care workers,15010,Other personal services workers,18277,animal trainer,,,,,,
esco_1_2_1,16545,guide dog instructor,15014,Pet groomers and animal care workers,15010,Other personal services workers,15771,dog trainer,,,,,,
esco_1_2_1,16203,horse trainer,15014,Pet groomers and animal care workers,15010,Other personal services workers,18277,animal trainer,,,,,,
esco_1_2_1,17574,kennel supervisor,15014,Pet groomers and animal care workers,15010,Other personal services workers,15014,Pet groomers and animal care workers,,,,,,
esco_1_2_1,15552,kennel worker,15014,Pet groomers and animal care workers,15010,Other personal services workers,15419,animal care attendant,,,,,,
esco_1_2_1,16931,pet sitter,15014,Pet groomers and animal care workers,15010,Other personal services workers,15014,Pet groomers and animal care workers,,,,,,
esco_1_2_1,16505,zoo section leader,15014,Pet groomers and animal care workers,15010,Other personal services workers,15014,Pet groomers and animal care workers,,,,,,
esco_1_2_1,18214,zookeeper,15014,Pet groomers and animal care workers,15010,Other personal services workers,15419,animal care attendant,,,,,,
esco_1_2_1,17366,cemetery attendant,15013,Undertakers and embalmers,15010,Other personal services workers,15013,Undertakers and embalmers,,,,,,
esco_1_2_1,17946,embalmer,15013,Undertakers and embalmers,15010,Other personal services workers,15013,Undertakers and embalmers,,,,,,
esco_1_2_1,17896,funeral attendant,15013,Undertakers and embalmers,15010,Other personal services workers,15013,Undertakers and embalmers,,,,,,
esco_1_2_1,16940,funeral services director,15013,Undertakers and embalmers,15010,Other personal services workers,15013,Undertakers and embalmers,,,,,,
esco_1_2_1,15468,call centre agent,15031,Contact centre salespersons,15027,Other sales workers,15031,Contact centre salespersons,,,,,,
esco_1_2_1,17412,door to door seller,15030,Door to door salespersons,15027,Other sales workers,15030,Door to door salespersons,,,,,,
esco_1_2_1,17817,art model,15028,Fashion and other models,15027,Other sales workers,15028,Fashion and other models,,,,,,
esco_1_2_1,17200,fashion model,15028,Fashion and other models,15027,Other sales workers,15028,Fashion and other models,,,,,,
esco_1_2_1,17488,food service worker,15033,Food service counter attendants,15027,Other sales workers,15033,Food service counter attendants,,,,,,
esco_1_2_1,16191,quick service restaurant team leader,15033,Food service counter attendants,15027,Other sales workers,15033,Food service counter attendants,,,,,,
esco_1_2_1,15350,promotions demonstrator,15029,Sales demonstrators,15027,Other sales workers,15029,Sales demonstrators,,,,,,
esco_1_2_1,17967,rental manager,15034,Sales workers not elsewhere classified,15027,Other sales workers,15034,Sales workers not elsewhere classified,,,,,,
esco_1_2_1,15996,rental service representative,15034,Sales workers not elsewhere classified,15027,Other sales workers,15034,Sales workers not elsewhere classified,,,,,,
esco_1_2_1,17547,rental service representative in agricultural machinery and equipment,15034,Sales workers not elsewhere classified,15027,Other sales workers,15289,"rental service representative in other machinery, equipment and tangible goods",,,,,,
esco_1_2_1,16478,rental service representative in air transport equipment,15034,Sales workers not elsewhere classified,15027,Other sales workers,15289,"rental service representative in other machinery, equipment and tangible goods",,,,,,
esco_1_2_1,18231,rental service representative in cars and light motor vehicles,15034,Sales workers not elsewhere classified,15027,Other sales workers,15289,"rental service representative in other machinery, equipment and tangible goods",,,,,,
esco_1_2_1,17044,rental service representative in construction and civil engineering machinery,15034,Sales workers not elsewhere classified,15027,Other sales workers,15289,"rental service representative in other machinery, equipment and tangible goods",,,,,,
esco_1_2_1,16348,rental service representative in office machinery and equipment,15034,Sales workers not elsewhere classified,15027,Other sales workers,15289,"rental service representative in other machinery, equipment and tangible goods",,,,,,
esco_1_2_1,15289,"rental service representative in other machinery, equipment and tangible goods",15034,Sales workers not elsewhere classified,15027,Other sales workers,15996,rental service representative,,,,,,
esco_1_2_1,15835,rental service representative in personal and household goods,15034,Sales workers not elsewhere classified,15027,Other sales workers,15996,rental service representative,,,,,,
esco_1_2_1,17307,rental service representative in recreational and sports goods,15034,Sales workers not elsewhere classified,15027,Other sales workers,15835,rental service representative in personal and household goods,,,,,,
esco_1_2_1,17263,rental service representative in trucks,15034,Sales workers not elsewhere classified,15027,Other sales workers,15289,"rental service representative in other machinery, equipment and tangible goods",,,,,,
esco_1_2_1,17890,rental service representative in video tapes and disks,15034,Sales workers not elsewhere classified,15027,Other sales workers,15835,rental service representative in personal and household goods,,,,,,
esco_1_2_1,16252,rental service representative in water transport equipment,15034,Sales workers not elsewhere classified,15027,Other sales workers,15289,"rental service representative in other machinery, equipment and tangible goods",,,,,,
esco_1_2_1,16044,vehicle rental agent,15034,Sales workers not elsewhere classified,15027,Other sales workers,15034,Sales workers not elsewhere classified,,,,,,
esco_1_2_1,16099,fuel station specialised seller,15032,Service station attendants,15027,Other sales workers,15032,Service station attendants,,,,,,
esco_1_2_1,17959,call centre manager,14713,Services managers not elsewhere classified,14711,Other services managers,14713,Services managers not elsewhere classified,,,,,,
esco_1_2_1,16605,camping ground manager,14713,Services managers not elsewhere classified,14711,Other services managers,14713,Services managers not elsewhere classified,,,,,,
esco_1_2_1,18194,contact centre manager,14713,Services managers not elsewhere classified,14711,Other services managers,14713,Services managers not elsewhere classified,,,,,,
esco_1_2_1,16435,garage manager,14713,Services managers not elsewhere classified,14711,Other services managers,14713,Services managers not elsewhere classified,,,,,,
esco_1_2_1,16130,laundry and dry cleaning manager,14713,Services managers not elsewhere classified,14711,Other services managers,14713,Services managers not elsewhere classified,,,,,,
esco_1_2_1,15310,tour operator manager,14713,Services managers not elsewhere classified,14711,Other services managers,14713,Services managers not elsewhere classified,,,,,,
esco_1_2_1,18191,tourist information centre manager,14713,Services managers not elsewhere classified,14711,Other services managers,14713,Services managers not elsewhere classified,,,,,,
esco_1_2_1,17089,travel agency manager,14713,Services managers not elsewhere classified,14711,Other services managers,14713,Services managers not elsewhere classified,,,,,,
esco_1_2_1,15930,beauty salon manager,14712,"Sports, recreation and cultural centre managers",14711,Other services managers,16758,recreational facilities manager,,,,,,
esco_1_2_1,16962,betting manager,14712,"Sports, recreation and cultural centre managers",14711,Other services managers,16758,recreational facilities manager,,,,,,
esco_1_2_1,17800,cultural centre director,14712,"Sports, recreation and cultural centre managers",14711,Other services managers,16482,cultural facilities manager,,,,,,
esco_1_2_1,16482,cultural facilities manager,14712,"Sports, recreation and cultural centre managers",14711,Other services managers,14712,"Sports, recreation and cultural centre managers",,,,,,
esco_1_2_1,15538,gambling manager,14712,"Sports, recreation and cultural centre managers",14711,Other services managers,16758,recreational facilities manager,,,,,,
esco_1_2_1,16187,lottery manager,14712,"Sports, recreation and cultural centre managers",14711,Other services managers,16758,recreational facilities manager,,,,,,
esco_1_2_1,15326,performance production manager,14712,"Sports, recreation and cultural centre managers",14711,Other services managers,16482,cultural facilities manager,,,,,,
esco_1_2_1,16758,recreational facilities manager,14712,"Sports, recreation and cultural centre managers",14711,Other services managers,14712,"Sports, recreation and cultural centre managers",,,,,,
esco_1_2_1,15389,spa manager,14712,"Sports, recreation and cultural centre managers",14711,Other services managers,16758,recreational facilities manager,,,,,,
esco_1_2_1,16901,sport facility manager,14712,"Sports, recreation and cultural centre managers",14711,Other services managers,14712,"Sports, recreation and cultural centre managers",,,,,,
esco_1_2_1,15643,zoo curator,14712,"Sports, recreation and cultural centre managers",14711,Other services managers,16758,recreational facilities manager,,,,,,
esco_1_2_1,16120,auger press operator,15199,Glass and ceramics plant operators,15198,Other stationary plant and machine operators,15199,Glass and ceramics plant operators,,,,,,
esco_1_2_1,17514,brick and tile caster,15199,Glass and ceramics plant operators,15198,Other stationary plant and machine operators,15199,Glass and ceramics plant operators,,,,,,
esco_1_2_1,16577,clay kiln burner,15199,Glass and ceramics plant operators,15198,Other stationary plant and machine operators,15199,Glass and ceramics plant operators,,,,,,
esco_1_2_1,16977,clay products dry kiln operator,15199,Glass and ceramics plant operators,15198,Other stationary plant and machine operators,16577,clay kiln burner,,,,,,
esco_1_2_1,16190,drawing kiln operator,15199,Glass and ceramics plant operators,15198,Other stationary plant and machine operators,15199,Glass and ceramics plant operators,,,,,,
esco_1_2_1,17875,dry press operator,15199,Glass and ceramics plant operators,15198,Other stationary plant and machine operators,15199,Glass and ceramics plant operators,,,,,,
esco_1_2_1,17389,fibre machine tender,15199,Glass and ceramics plant operators,15198,Other stationary plant and machine operators,15199,Glass and ceramics plant operators,,,,,,
esco_1_2_1,17178,glass annealer,15199,Glass and ceramics plant operators,15198,Other stationary plant and machine operators,15199,Glass and ceramics plant operators,,,,,,
esco_1_2_1,18002,glass forming machine operator,15199,Glass and ceramics plant operators,15198,Other stationary plant and machine operators,15199,Glass and ceramics plant operators,,,,,,
esco_1_2_1,16127,glass polisher,15199,Glass and ceramics plant operators,15198,Other stationary plant and machine operators,15199,Glass and ceramics plant operators,,,,,,
esco_1_2_1,16433,kiln firer,15199,Glass and ceramics plant operators,15198,Other stationary plant and machine operators,15199,Glass and ceramics plant operators,,,,,,
esco_1_2_1,15869,tunnel kiln operator,15199,Glass and ceramics plant operators,15198,Other stationary plant and machine operators,16577,clay kiln burner,,,,,,
esco_1_2_1,17090,canning and bottling line operator,15201,"Packing, bottling and labelling machine operators",15198,Other stationary plant and machine operators,15201,"Packing, bottling and labelling machine operators",,,,,,
esco_1_2_1,15572,cigar brander,15201,"Packing, bottling and labelling machine operators",15198,Other stationary plant and machine operators,15201,"Packing, bottling and labelling machine operators",,,,,,
esco_1_2_1,16403,cylinder filler,15201,"Packing, bottling and labelling machine operators",15198,Other stationary plant and machine operators,15201,"Packing, bottling and labelling machine operators",,,,,,
esco_1_2_1,17924,footwear finishing and packing operator,15201,"Packing, bottling and labelling machine operators",15198,Other stationary plant and machine operators,15201,"Packing, bottling and labelling machine operators",,,,,,
esco_1_2_1,15834,heat sealing machine operator,15201,"Packing, bottling and labelling machine operators",15198,Other stationary plant and machine operators,15201,"Packing, bottling and labelling machine operators",,,,,,
esco_1_2_1,17623,leather goods packing operator,15201,"Packing, bottling and labelling machine operators",15198,Other stationary plant and machine operators,15201,"Packing, bottling and labelling machine operators",,,,,,
esco_1_2_1,17442,packaging and filling machine operator,15201,"Packing, bottling and labelling machine operators",15198,Other stationary plant and machine operators,15201,"Packing, bottling and labelling machine operators",,,,,,
esco_1_2_1,16168,edge bander operator,15202,Stationary plant and machine operators not elsewhere classified,15198,Other stationary plant and machine operators,15202,Stationary plant and machine operators not elsewhere classified,,,,,,
esco_1_2_1,17114,slitter operator,15202,Stationary plant and machine operators not elsewhere classified,15198,Other stationary plant and machine operators,15202,Stationary plant and machine operators not elsewhere classified,,,,,,
esco_1_2_1,15846,boiler operator,15200,Steam engine and boiler operators,15198,Other stationary plant and machine operators,15200,Steam engine and boiler operators,,,,,,
esco_1_2_1,16712,steam plant operator,15200,Steam engine and boiler operators,15198,Other stationary plant and machine operators,15200,Steam engine and boiler operators,,,,,,
esco_1_2_1,17909,curriculum administrator,14779,Education methods specialists,14778,Other teaching professionals,14779,Education methods specialists,,,,,,
esco_1_2_1,17204,education inspector,14779,Education methods specialists,14778,Other teaching professionals,14779,Education methods specialists,,,,,,
esco_1_2_1,16406,educational researcher,14779,Education methods specialists,14778,Other teaching professionals,14779,Education methods specialists,,,,,,
esco_1_2_1,17185,special educational needs coordinator,14779,Education methods specialists,14778,Other teaching professionals,14779,Education methods specialists,,,,,,
esco_1_2_1,16142,digital literacy teacher,14784,Information technology trainers,14778,Other teaching professionals,17228,ICT trainer,,,,,,
esco_1_2_1,17228,ICT trainer,14784,Information technology trainers,14778,Other teaching professionals,14784,Information technology trainers,,,,,,
esco_1_2_1,17665,arts education officer,14783,Other arts teachers,14778,Other teaching professionals,14783,Other arts teachers,,,,,,
esco_1_2_1,17516,circus arts teacher,14783,Other arts teachers,14778,Other teaching professionals,14783,Other arts teachers,,,,,,
esco_1_2_1,15665,dance teacher,14783,Other arts teachers,14778,Other teaching professionals,14783,Other arts teachers,,,,,,
esco_1_2_1,17779,drama teacher,14783,Other arts teachers,14778,Other teaching professionals,14783,Other arts teachers,,,,,,
esco_1_2_1,16152,photography teacher,14783,Other arts teachers,14778,Other teaching professionals,14783,Other arts teachers,,,,,,
esco_1_2_1,16699,visual arts teacher,14783,Other arts teachers,14778,Other teaching professionals,14783,Other arts teachers,,,,,,
esco_1_2_1,17136,language school teacher,14781,Other language teachers,14778,Other teaching professionals,14781,Other language teachers,,,,,,
esco_1_2_1,16399,sign language teacher,14781,Other language teachers,14778,Other teaching professionals,14781,Other language teachers,,,,,,
esco_1_2_1,18161,music teacher,14782,Other music teachers,14778,Other teaching professionals,14782,Other music teachers,,,,,,
esco_1_2_1,15321,adult literacy teacher,14780,Special needs teachers,14778,Other teaching professionals,17147,special educational needs teacher,,,,,,
esco_1_2_1,17515,early years special educational needs teacher,14780,Special needs teachers,14778,Other teaching professionals,17147,special educational needs teacher,,,,,,
esco_1_2_1,15497,learning support teacher,14780,Special needs teachers,14778,Other teaching professionals,17147,special educational needs teacher,,,,,,
esco_1_2_1,16507,special educational needs itinerant teacher,14780,Special needs teachers,14778,Other teaching professionals,17147,special educational needs teacher,,,,,,
esco_1_2_1,17147,special educational needs teacher,14780,Special needs teachers,14778,Other teaching professionals,14780,Special needs teachers,,,,,,
esco_1_2_1,18236,special educational needs teacher primary school,14780,Special needs teachers,14778,Other teaching professionals,17147,special educational needs teacher,,,,,,
esco_1_2_1,15325,special educational needs teacher secondary school,14780,Special needs teachers,14778,Other teaching professionals,17147,special educational needs teacher,,,,,,
esco_1_2_1,15487,teacher of talented and gifted students,14780,Special needs teachers,14778,Other teaching professionals,14780,Special needs teachers,,,,,,
esco_1_2_1,17382,academic advisor,14785,Teaching professionals not elsewhere classified,14778,Other teaching professionals,14785,Teaching professionals not elsewhere classified,,,,,,
esco_1_2_1,15860,academic support officer,14785,Teaching professionals not elsewhere classified,14778,Other teaching professionals,14785,Teaching professionals not elsewhere classified,,,,,,
esco_1_2_1,16641,admissions coordinator,14785,Teaching professionals not elsewhere classified,14778,Other teaching professionals,14785,Teaching professionals not elsewhere classified,,,,,,
esco_1_2_1,15690,assessor of prior learning,14785,Teaching professionals not elsewhere classified,14778,Other teaching professionals,14785,Teaching professionals not elsewhere classified,,,,,,
esco_1_2_1,16253,assistive technologist,14785,Teaching professionals not elsewhere classified,14778,Other teaching professionals,14785,Teaching professionals not elsewhere classified,,,,,,
esco_1_2_1,17318,e-learning architect,14785,Teaching professionals not elsewhere classified,14778,Other teaching professionals,14785,Teaching professionals not elsewhere classified,,,,,,
esco_1_2_1,18112,e-learning developer,14785,Teaching professionals not elsewhere classified,14778,Other teaching professionals,14785,Teaching professionals not elsewhere classified,,,,,,
esco_1_2_1,15735,educational counsellor,14785,Teaching professionals not elsewhere classified,14778,Other teaching professionals,14785,Teaching professionals not elsewhere classified,,,,,,
esco_1_2_1,16606,further education teacher,14785,Teaching professionals not elsewhere classified,14778,Other teaching professionals,14785,Teaching professionals not elsewhere classified,,,,,,
esco_1_2_1,17356,instructional designer,14785,Teaching professionals not elsewhere classified,14778,Other teaching professionals,14785,Teaching professionals not elsewhere classified,,,,,,
esco_1_2_1,16048,learning mentor,14785,Teaching professionals not elsewhere classified,14778,Other teaching professionals,14785,Teaching professionals not elsewhere classified,,,,,,
esco_1_2_1,16538,prison instructor,14785,Teaching professionals not elsewhere classified,14778,Other teaching professionals,14785,Teaching professionals not elsewhere classified,,,,,,
esco_1_2_1,15712,public speaking coach,14785,Teaching professionals not elsewhere classified,14778,Other teaching professionals,14785,Teaching professionals not elsewhere classified,,,,,,
esco_1_2_1,16397,tutor,14785,Teaching professionals not elsewhere classified,14778,Other teaching professionals,14785,Teaching professionals not elsewhere classified,,,,,,
esco_1_2_1,17174,asbestos abatement worker,15101,Building structure cleaners,15098,"Painters, building structure cleaners and related trades workers",15101,Building structure cleaners,,,,,,
esco_1_2_1,17315,building exterior cleaner,15101,Building structure cleaners,15098,"Painters, building structure cleaners and related trades workers",15101,Building structure cleaners,,,,,,
esco_1_2_1,17276,chimney sweep,15101,Building structure cleaners,15098,"Painters, building structure cleaners and related trades workers",15101,Building structure cleaners,,,,,,
esco_1_2_1,16113,chimney sweep supervisor,15101,Building structure cleaners,15098,"Painters, building structure cleaners and related trades workers",15101,Building structure cleaners,,,,,,
esco_1_2_1,17648,decontamination worker,15101,Building structure cleaners,15098,"Painters, building structure cleaners and related trades workers",15101,Building structure cleaners,,,,,,
esco_1_2_1,15545,construction painter,15099,Painters and related workers,15098,"Painters, building structure cleaners and related trades workers",15099,Painters and related workers,,,,,,
esco_1_2_1,18145,marine painter,15099,Painters and related workers,15098,"Painters, building structure cleaners and related trades workers",15099,Painters and related workers,,,,,,
esco_1_2_1,17272,paperhanger,15099,Painters and related workers,15098,"Painters, building structure cleaners and related trades workers",15099,Painters and related workers,,,,,,
esco_1_2_1,16725,lacquer spray gun operator,15100,Spray painters and varnishers,15098,"Painters, building structure cleaners and related trades workers",15100,Spray painters and varnishers,,,,,,
esco_1_2_1,18270,surface treatment operator,15100,Spray painters and varnishers,15098,"Painters, building structure cleaners and related trades workers",15100,Spray painters and varnishers,,,,,,
esco_1_2_1,17333,transport equipment painter,15100,Spray painters and varnishers,15098,"Painters, building structure cleaners and related trades workers",15100,Spray painters and varnishers,,,,,,
esco_1_2_1,17856,healthcare assistant,15040,Health care assistants,15039,Personal care workers in health services,15040,Health care assistants,,,,,,
esco_1_2_1,16961,nurse assistant,15040,Health care assistants,15039,Personal care workers in health services,17856,healthcare assistant,,,,,,
esco_1_2_1,15528,home care aide,15041,Home-based personal care workers,15039,Personal care workers in health services,15041,Home-based personal care workers,,,,,,
esco_1_2_1,17279,hospital porter,15042,Personal care workers in health services not elsewhere classified,15039,Personal care workers in health services,15042,Personal care workers in health services not elsewhere classified,,,,,,
esco_1_2_1,16459,phlebotomist,15042,Personal care workers in health services not elsewhere classified,15039,Personal care workers in health services,15042,Personal care workers in health services not elsewhere classified,,,,,,
esco_1_2_1,16666,sterile services technician,15042,Personal care workers in health services not elsewhere classified,15039,Personal care workers in health services,15042,Personal care workers in health services not elsewhere classified,,,,,,
esco_1_2_1,16361,analytical chemist,14719,Chemists,14716,Physical and earth science professionals,15450,chemist,,,,,,
esco_1_2_1,15619,chemical application specialist,14719,Chemists,14716,Physical and earth science professionals,15450,chemist,,,,,,
esco_1_2_1,17344,chemical tester,14719,Chemists,14716,Physical and earth science professionals,15450,chemist,,,,,,
esco_1_2_1,15450,chemist,14719,Chemists,14716,Physical and earth science professionals,14719,Chemists,,,,,,
esco_1_2_1,15505,cosmetic chemist,14719,Chemists,14716,Physical and earth science professionals,15450,chemist,,,,,,
esco_1_2_1,17982,fragrance chemist,14719,Chemists,14716,Physical and earth science professionals,15450,chemist,,,,,,
esco_1_2_1,16943,sensory scientist,14719,Chemists,14716,Physical and earth science professionals,14719,Chemists,,,,,,
esco_1_2_1,16333,textile chemist,14719,Chemists,14716,Physical and earth science professionals,15450,chemist,,,,,,
esco_1_2_1,17085,environmental geologist,14720,Geologists and geophysicists,14716,Physical and earth science professionals,17707,geologist,,,,,,
esco_1_2_1,17400,exploration geologist,14720,Geologists and geophysicists,14716,Physical and earth science professionals,17707,geologist,,,,,,
esco_1_2_1,17738,geochemist,14720,Geologists and geophysicists,14716,Physical and earth science professionals,17707,geologist,,,,,,
esco_1_2_1,17707,geologist,14720,Geologists and geophysicists,14716,Physical and earth science professionals,14720,Geologists and geophysicists,,,,,,
esco_1_2_1,17347,geophysicist,14720,Geologists and geophysicists,14716,Physical and earth science professionals,14720,Geologists and geophysicists,,,,,,
esco_1_2_1,16521,hydrogeologist,14720,Geologists and geophysicists,14716,Physical and earth science professionals,17707,geologist,,,,,,
esco_1_2_1,16334,hydrologist,14720,Geologists and geophysicists,14716,Physical and earth science professionals,17707,geologist,,,,,,
esco_1_2_1,15571,mine geologist,14720,Geologists and geophysicists,14716,Physical and earth science professionals,17707,geologist,,,,,,
esco_1_2_1,16948,mineralogist,14720,Geologists and geophysicists,14716,Physical and earth science professionals,14720,Geologists and geophysicists,,,,,,
esco_1_2_1,17913,mud logger,14720,Geologists and geophysicists,14716,Physical and earth science professionals,17707,geologist,,,,,,
esco_1_2_1,16216,oceanographer,14720,Geologists and geophysicists,14716,Physical and earth science professionals,17707,geologist,,,,,,
esco_1_2_1,16909,palaeontologist,14720,Geologists and geophysicists,14716,Physical and earth science professionals,17707,geologist,,,,,,
esco_1_2_1,17525,seismologist,14720,Geologists and geophysicists,14716,Physical and earth science professionals,17707,geologist,,,,,,
esco_1_2_1,15798,aviation meteorologist,14718,Meteorologists,14716,Physical and earth science professionals,15642,meteorologist,,,,,,
esco_1_2_1,16060,climatologist,14718,Meteorologists,14716,Physical and earth science professionals,15642,meteorologist,,,,,,
esco_1_2_1,15642,meteorologist,14718,Meteorologists,14716,Physical and earth science professionals,14718,Meteorologists,,,,,,
esco_1_2_1,18257,metrologist,14718,Meteorologists,14716,Physical and earth science professionals,14718,Meteorologists,,,,,,
esco_1_2_1,15387,weather forecaster,14718,Meteorologists,14716,Physical and earth science professionals,15642,meteorologist,,,,,,
esco_1_2_1,16369,astronomer,14717,Physicists and astronomers,14716,Physical and earth science professionals,14717,Physicists and astronomers,,,,,,
esco_1_2_1,17579,cosmologist,14717,Physicists and astronomers,14716,Physical and earth science professionals,14717,Physicists and astronomers,,,,,,
esco_1_2_1,16857,physicist,14717,Physicists and astronomers,14716,Physical and earth science professionals,14717,Physicists and astronomers,,,,,,
esco_1_2_1,16958,chemistry technician,14843,Chemical and physical science technicians,14842,Physical and engineering science technicians,14843,Chemical and physical science technicians,,,,,,
esco_1_2_1,16997,chromatographer,14843,Chemical and physical science technicians,14842,Physical and engineering science technicians,16958,chemistry technician,,,,,,
esco_1_2_1,15932,food analyst,14843,Chemical and physical science technicians,14842,Physical and engineering science technicians,14843,Chemical and physical science technicians,,,,,,
esco_1_2_1,18269,geology technician,14843,Chemical and physical science technicians,14842,Physical and engineering science technicians,14843,Chemical and physical science technicians,,,,,,
esco_1_2_1,16560,hydrographic surveying technician,14843,Chemical and physical science technicians,14842,Physical and engineering science technicians,14843,Chemical and physical science technicians,,,,,,
esco_1_2_1,16217,leather laboratory technician,14843,Chemical and physical science technicians,14842,Physical and engineering science technicians,14843,Chemical and physical science technicians,,,,,,
esco_1_2_1,18094,material testing technician,14843,Chemical and physical science technicians,14842,Physical and engineering science technicians,14843,Chemical and physical science technicians,,,,,,
esco_1_2_1,15449,meteorology technician,14843,Chemical and physical science technicians,14842,Physical and engineering science technicians,14843,Chemical and physical science technicians,,,,,,
esco_1_2_1,18050,metrology technician,14843,Chemical and physical science technicians,14842,Physical and engineering science technicians,14843,Chemical and physical science technicians,,,,,,
esco_1_2_1,16765,nuclear technician,14843,Chemical and physical science technicians,14842,Physical and engineering science technicians,14843,Chemical and physical science technicians,,,,,,
esco_1_2_1,17355,physics technician,14843,Chemical and physical science technicians,14842,Physical and engineering science technicians,14843,Chemical and physical science technicians,,,,,,
esco_1_2_1,15581,radiation protection technician,14843,Chemical and physical science technicians,14842,Physical and engineering science technicians,14843,Chemical and physical science technicians,,,,,,
esco_1_2_1,17449,remote sensing technician,14843,Chemical and physical science technicians,14842,Physical and engineering science technicians,14843,Chemical and physical science technicians,,,,,,
esco_1_2_1,16930,soil surveying technician,14843,Chemical and physical science technicians,14842,Physical and engineering science technicians,14843,Chemical and physical science technicians,,,,,,
esco_1_2_1,15282,asphalt laboratory technician,14848,Chemical engineering technicians,14842,Physical and engineering science technicians,15954,chemical engineering technician,,,,,,
esco_1_2_1,15954,chemical engineering technician,14848,Chemical engineering technicians,14842,Physical and engineering science technicians,14848,Chemical engineering technicians,,,,,,
esco_1_2_1,17933,chemical manufacturing quality technician,14848,Chemical engineering technicians,14842,Physical and engineering science technicians,15954,chemical engineering technician,,,,,,
esco_1_2_1,16542,colour sampling technician,14848,Chemical engineering technicians,14842,Physical and engineering science technicians,15954,chemical engineering technician,,,,,,
esco_1_2_1,17750,hazardous waste technician,14848,Chemical engineering technicians,14842,Physical and engineering science technicians,15954,chemical engineering technician,,,,,,
esco_1_2_1,16511,bridge inspector,14844,Civil engineering technicians,14842,Physical and engineering science technicians,15475,civil engineering technician,,,,,,
esco_1_2_1,18151,building inspector,14844,Civil engineering technicians,14842,Physical and engineering science technicians,15475,civil engineering technician,,,,,,
esco_1_2_1,15475,civil engineering technician,14844,Civil engineering technicians,14842,Physical and engineering science technicians,14844,Civil engineering technicians,,,,,,
esco_1_2_1,18147,construction quality inspector,14844,Civil engineering technicians,14842,Physical and engineering science technicians,15475,civil engineering technician,,,,,,
esco_1_2_1,15918,construction quality manager,14844,Civil engineering technicians,14842,Physical and engineering science technicians,15475,civil engineering technician,,,,,,
esco_1_2_1,16627,construction safety inspector,14844,Civil engineering technicians,14842,Physical and engineering science technicians,14844,Civil engineering technicians,,,,,,
esco_1_2_1,16077,construction safety manager,14844,Civil engineering technicians,14842,Physical and engineering science technicians,14844,Civil engineering technicians,,,,,,
esco_1_2_1,16101,corrosion technician,14844,Civil engineering technicians,14842,Physical and engineering science technicians,14844,Civil engineering technicians,,,,,,
esco_1_2_1,15405,domestic energy assessor,14844,Civil engineering technicians,14842,Physical and engineering science technicians,17727,energy assessor,,,,,,
esco_1_2_1,17778,energy analyst,14844,Civil engineering technicians,14842,Physical and engineering science technicians,14844,Civil engineering technicians,,,,,,
esco_1_2_1,17727,energy assessor,14844,Civil engineering technicians,14842,Physical and engineering science technicians,15475,civil engineering technician,,,,,,
esco_1_2_1,15728,energy conservation officer,14844,Civil engineering technicians,14842,Physical and engineering science technicians,14844,Civil engineering technicians,,,,,,
esco_1_2_1,17969,energy consultant,14844,Civil engineering technicians,14842,Physical and engineering science technicians,14844,Civil engineering technicians,,,,,,
esco_1_2_1,17113,engineering assistant,14844,Civil engineering technicians,14842,Physical and engineering science technicians,14844,Civil engineering technicians,,,,,,
esco_1_2_1,17666,fire inspector,14844,Civil engineering technicians,14842,Physical and engineering science technicians,15475,civil engineering technician,,,,,,
esco_1_2_1,16230,fire protection technician,14844,Civil engineering technicians,14842,Physical and engineering science technicians,15475,civil engineering technician,,,,,,
esco_1_2_1,17408,fire safety tester,14844,Civil engineering technicians,14842,Physical and engineering science technicians,15475,civil engineering technician,,,,,,
esco_1_2_1,16999,landfill supervisor,14844,Civil engineering technicians,14842,Physical and engineering science technicians,15475,civil engineering technician,,,,,,
esco_1_2_1,16733,rail maintenance technician,14844,Civil engineering technicians,14842,Physical and engineering science technicians,15475,civil engineering technician,,,,,,
esco_1_2_1,16289,railway infrastructure inspector,14844,Civil engineering technicians,14842,Physical and engineering science technicians,14844,Civil engineering technicians,,,,,,
esco_1_2_1,17756,road maintenance technician,14844,Civil engineering technicians,14842,Physical and engineering science technicians,15475,civil engineering technician,,,,,,
esco_1_2_1,16086,sewerage maintenance technician,14844,Civil engineering technicians,14842,Physical and engineering science technicians,15475,civil engineering technician,,,,,,
esco_1_2_1,16509,surveying technician,14844,Civil engineering technicians,14842,Physical and engineering science technicians,14844,Civil engineering technicians,,,,,,
esco_1_2_1,15524,water systems engineering technician,14844,Civil engineering technicians,14842,Physical and engineering science technicians,15475,civil engineering technician,,,,,,
esco_1_2_1,16236,3D printing technician,14850,Draughtspersons,14842,Physical and engineering science technicians,14850,Draughtspersons,,,,,,
esco_1_2_1,15644,aerospace engineering drafter,14850,Draughtspersons,14842,Physical and engineering science technicians,17293,drafter,,,,,,
esco_1_2_1,15967,architectural drafter,14850,Draughtspersons,14842,Physical and engineering science technicians,17293,drafter,,,,,,
esco_1_2_1,15936,automotive engineering drafter,14850,Draughtspersons,14842,Physical and engineering science technicians,17293,drafter,,,,,,
esco_1_2_1,15897,civil drafter,14850,Draughtspersons,14842,Physical and engineering science technicians,17293,drafter,,,,,,
esco_1_2_1,16929,clothing CAD technician,14850,Draughtspersons,14842,Physical and engineering science technicians,14850,Draughtspersons,,,,,,
esco_1_2_1,16514,computer-aided design operator,14850,Draughtspersons,14842,Physical and engineering science technicians,17293,drafter,,,,,,
esco_1_2_1,17293,drafter,14850,Draughtspersons,14842,Physical and engineering science technicians,14850,Draughtspersons,,,,,,
esco_1_2_1,15754,electrical drafter,14850,Draughtspersons,14842,Physical and engineering science technicians,17293,drafter,,,,,,
esco_1_2_1,15659,electromechanical drafter,14850,Draughtspersons,14842,Physical and engineering science technicians,17293,drafter,,,,,,
esco_1_2_1,17904,electronics drafter,14850,Draughtspersons,14842,Physical and engineering science technicians,17293,drafter,,,,,,
esco_1_2_1,17973,"heating, ventilation, air conditioning (and refrigeration) drafter",14850,Draughtspersons,14842,Physical and engineering science technicians,17293,drafter,,,,,,
esco_1_2_1,15816,marine engineering drafter,14850,Draughtspersons,14842,Physical and engineering science technicians,17293,drafter,,,,,,
esco_1_2_1,15987,mechanical engineering drafter,14850,Draughtspersons,14842,Physical and engineering science technicians,17293,drafter,,,,,,
esco_1_2_1,17071,printed circuit board designer,14850,Draughtspersons,14842,Physical and engineering science technicians,14850,Draughtspersons,,,,,,
esco_1_2_1,17694,product development engineering drafter,14850,Draughtspersons,14842,Physical and engineering science technicians,17293,drafter,,,,,,
esco_1_2_1,16079,rolling stock engineering drafter,14850,Draughtspersons,14842,Physical and engineering science technicians,17293,drafter,,,,,,
esco_1_2_1,16093,battery maintenance technician,14845,Electrical engineering technicians,14842,Physical and engineering science technicians,14845,Electrical engineering technicians,,,,,,
esco_1_2_1,15492,battery manufacturing technician,14845,Electrical engineering technicians,14842,Physical and engineering science technicians,14845,Electrical engineering technicians,,,,,,
esco_1_2_1,17668,calibration technician,14845,Electrical engineering technicians,14842,Physical and engineering science technicians,17193,electrical engineering technician,,,,,,
esco_1_2_1,17193,electrical engineering technician,14845,Electrical engineering technicians,14842,Physical and engineering science technicians,14845,Electrical engineering technicians,,,,,,
esco_1_2_1,16294,electromechanical engineering technician,14845,Electrical engineering technicians,14842,Physical and engineering science technicians,17193,electrical engineering technician,,,,,,
esco_1_2_1,16853,hydropower technician,14845,Electrical engineering technicians,14842,Physical and engineering science technicians,14845,Electrical engineering technicians,,,,,,
esco_1_2_1,17504,avionics inspector,14846,Electronics engineering technicians,14842,Physical and engineering science technicians,15782,electronics engineering technician,,,,,,
esco_1_2_1,15993,computer hardware engineering technician,14846,Electronics engineering technicians,14842,Physical and engineering science technicians,15782,electronics engineering technician,,,,,,
esco_1_2_1,17620,computer hardware test technician,14846,Electronics engineering technicians,14842,Physical and engineering science technicians,15782,electronics engineering technician,,,,,,
esco_1_2_1,15782,electronics engineering technician,14846,Electronics engineering technicians,14842,Physical and engineering science technicians,14846,Electronics engineering technicians,,,,,,
esco_1_2_1,15832,instrumentation engineering technician,14846,Electronics engineering technicians,14842,Physical and engineering science technicians,15782,electronics engineering technician,,,,,,
esco_1_2_1,15893,medical device engineering technician,14846,Electronics engineering technicians,14842,Physical and engineering science technicians,15782,electronics engineering technician,,,,,,
esco_1_2_1,15464,microelectronics engineering technician,14846,Electronics engineering technicians,14842,Physical and engineering science technicians,15782,electronics engineering technician,,,,,,
esco_1_2_1,15700,microelectronics maintenance technician,14846,Electronics engineering technicians,14842,Physical and engineering science technicians,15782,electronics engineering technician,,,,,,
esco_1_2_1,15778,microsystem engineering technician,14846,Electronics engineering technicians,14842,Physical and engineering science technicians,15782,electronics engineering technician,,,,,,
esco_1_2_1,17958,optoelectronic engineering technician,14846,Electronics engineering technicians,14842,Physical and engineering science technicians,15782,electronics engineering technician,,,,,,
esco_1_2_1,16519,sensor engineering technician,14846,Electronics engineering technicians,14842,Physical and engineering science technicians,15782,electronics engineering technician,,,,,,
esco_1_2_1,15353,aerospace engineering technician,14847,Mechanical engineering technicians,14842,Physical and engineering science technicians,17468,mechanical engineering technician,,,,,,
esco_1_2_1,18138,aircraft engine inspector,14847,Mechanical engineering technicians,14842,Physical and engineering science technicians,17468,mechanical engineering technician,,,,,,
esco_1_2_1,17470,aircraft engine tester,14847,Mechanical engineering technicians,14842,Physical and engineering science technicians,17468,mechanical engineering technician,,,,,,
esco_1_2_1,16125,automotive engineering technician,14847,Mechanical engineering technicians,14842,Physical and engineering science technicians,17468,mechanical engineering technician,,,,,,
esco_1_2_1,16046,"heating, ventilation, air conditioning and refrigeration engineering technician",14847,Mechanical engineering technicians,14842,Physical and engineering science technicians,17468,mechanical engineering technician,,,,,,
esco_1_2_1,17354,industrial maintenance supervisor,14847,Mechanical engineering technicians,14842,Physical and engineering science technicians,17468,mechanical engineering technician,,,,,,
esco_1_2_1,15343,marine engineering technician,14847,Mechanical engineering technicians,14842,Physical and engineering science technicians,17468,mechanical engineering technician,,,,,,
esco_1_2_1,17792,marine mechatronics technician,14847,Mechanical engineering technicians,14842,Physical and engineering science technicians,17468,mechanical engineering technician,,,,,,
esco_1_2_1,15990,marine surveyor,14847,Mechanical engineering technicians,14842,Physical and engineering science technicians,17468,mechanical engineering technician,,,,,,
esco_1_2_1,17543,material stress analyst,14847,Mechanical engineering technicians,14842,Physical and engineering science technicians,17468,mechanical engineering technician,,,,,,
esco_1_2_1,17468,mechanical engineering technician,14847,Mechanical engineering technicians,14842,Physical and engineering science technicians,14847,Mechanical engineering technicians,,,,,,
esco_1_2_1,18124,mechatronics engineering technician,14847,Mechanical engineering technicians,14842,Physical and engineering science technicians,17468,mechanical engineering technician,,,,,,
esco_1_2_1,17006,motor vehicle engine inspector,14847,Mechanical engineering technicians,14842,Physical and engineering science technicians,17468,mechanical engineering technician,,,,,,
esco_1_2_1,17494,motor vehicle engine tester,14847,Mechanical engineering technicians,14842,Physical and engineering science technicians,17468,mechanical engineering technician,,,,,,
esco_1_2_1,17843,optomechanical engineering technician,14847,Mechanical engineering technicians,14842,Physical and engineering science technicians,17468,mechanical engineering technician,,,,,,
esco_1_2_1,15892,pneumatic engineering technician,14847,Mechanical engineering technicians,14842,Physical and engineering science technicians,17468,mechanical engineering technician,,,,,,
esco_1_2_1,15502,production engineering technician,14847,Mechanical engineering technicians,14842,Physical and engineering science technicians,17468,mechanical engineering technician,,,,,,
esco_1_2_1,16898,refrigeration air condition and heat pump technician,14847,Mechanical engineering technicians,14842,Physical and engineering science technicians,17468,mechanical engineering technician,,,,,,
esco_1_2_1,16924,rolling stock engine inspector,14847,Mechanical engineering technicians,14842,Physical and engineering science technicians,17468,mechanical engineering technician,,,,,,
esco_1_2_1,16877,rolling stock engine tester,14847,Mechanical engineering technicians,14842,Physical and engineering science technicians,17468,mechanical engineering technician,,,,,,
esco_1_2_1,15473,rolling stock engineering technician,14847,Mechanical engineering technicians,14842,Physical and engineering science technicians,17468,mechanical engineering technician,,,,,,
esco_1_2_1,16111,rolling stock inspector,14847,Mechanical engineering technicians,14842,Physical and engineering science technicians,17468,mechanical engineering technician,,,,,,
esco_1_2_1,17929,vessel engine inspector,14847,Mechanical engineering technicians,14842,Physical and engineering science technicians,17468,mechanical engineering technician,,,,,,
esco_1_2_1,18041,vessel engine tester,14847,Mechanical engineering technicians,14842,Physical and engineering science technicians,17468,mechanical engineering technician,,,,,,
esco_1_2_1,18223,welding inspector,14847,Mechanical engineering technicians,14842,Physical and engineering science technicians,17468,mechanical engineering technician,,,,,,
esco_1_2_1,18260,desalination technician,14849,Mining and metallurgical technicians,14842,Physical and engineering science technicians,14849,Mining and metallurgical technicians,,,,,,
esco_1_2_1,18079,geotechnician,14849,Mining and metallurgical technicians,14842,Physical and engineering science technicians,14849,Mining and metallurgical technicians,,,,,,
esco_1_2_1,15362,metallurgical technician,14849,Mining and metallurgical technicians,14842,Physical and engineering science technicians,14849,Mining and metallurgical technicians,,,,,,
esco_1_2_1,18227,mine safety officer,14849,Mining and metallurgical technicians,14842,Physical and engineering science technicians,14849,Mining and metallurgical technicians,,,,,,
esco_1_2_1,17215,mine surveying technician,14849,Mining and metallurgical technicians,14842,Physical and engineering science technicians,14849,Mining and metallurgical technicians,,,,,,
esco_1_2_1,16897,airport maintenance technician,14851,Physical and engineering science technicians not elsewhere classified,14842,Physical and engineering science technicians,14851,Physical and engineering science technicians not elsewhere classified,,,,,,
esco_1_2_1,16365,automation engineering technician,14851,Physical and engineering science technicians not elsewhere classified,14842,Physical and engineering science technicians,14851,Physical and engineering science technicians not elsewhere classified,,,,,,
esco_1_2_1,17740,aviation safety officer,14851,Physical and engineering science technicians not elsewhere classified,14842,Physical and engineering science technicians,14851,Physical and engineering science technicians not elsewhere classified,,,,,,
esco_1_2_1,15393,commissioning technician,14851,Physical and engineering science technicians not elsewhere classified,14842,Physical and engineering science technicians,14851,Physical and engineering science technicians not elsewhere classified,,,,,,
esco_1_2_1,17425,food technician,14851,Physical and engineering science technicians not elsewhere classified,14842,Physical and engineering science technicians,14851,Physical and engineering science technicians not elsewhere classified,,,,,,
esco_1_2_1,15510,footwear product developer,14851,Physical and engineering science technicians not elsewhere classified,14842,Physical and engineering science technicians,14851,Physical and engineering science technicians not elsewhere classified,,,,,,
esco_1_2_1,16402,footwear production technician,14851,Physical and engineering science technicians not elsewhere classified,14842,Physical and engineering science technicians,14851,Physical and engineering science technicians not elsewhere classified,,,,,,
esco_1_2_1,18121,footwear quality control laboratory technician,14851,Physical and engineering science technicians not elsewhere classified,14842,Physical and engineering science technicians,17179,quality engineering technician,,,,,,
esco_1_2_1,16992,footwear quality technician,14851,Physical and engineering science technicians not elsewhere classified,14842,Physical and engineering science technicians,17179,quality engineering technician,,,,,,
esco_1_2_1,17586,industrial engineering technician,14851,Physical and engineering science technicians not elsewhere classified,14842,Physical and engineering science technicians,14851,Physical and engineering science technicians not elsewhere classified,,,,,,
esco_1_2_1,17317,leather goods manufacturing technician,14851,Physical and engineering science technicians not elsewhere classified,14842,Physical and engineering science technicians,14851,Physical and engineering science technicians not elsewhere classified,,,,,,
esco_1_2_1,16144,leather goods quality control laboratory technician,14851,Physical and engineering science technicians not elsewhere classified,14842,Physical and engineering science technicians,17179,quality engineering technician,,,,,,
esco_1_2_1,16819,leather goods quality technician,14851,Physical and engineering science technicians not elsewhere classified,14842,Physical and engineering science technicians,17179,quality engineering technician,,,,,,
esco_1_2_1,16096,metal additive manufacturing operator,14851,Physical and engineering science technicians not elsewhere classified,14842,Physical and engineering science technicians,14851,Physical and engineering science technicians not elsewhere classified,,,,,,
esco_1_2_1,15604,offshore renewable energy technician,14851,Physical and engineering science technicians not elsewhere classified,14842,Physical and engineering science technicians,14851,Physical and engineering science technicians not elsewhere classified,,,,,,
esco_1_2_1,15753,photonics engineering technician,14851,Physical and engineering science technicians not elsewhere classified,14842,Physical and engineering science technicians,14851,Physical and engineering science technicians not elsewhere classified,,,,,,
esco_1_2_1,17008,pipeline compliance coordinator,14851,Physical and engineering science technicians not elsewhere classified,14842,Physical and engineering science technicians,14851,Physical and engineering science technicians not elsewhere classified,,,,,,
esco_1_2_1,16317,process engineering technician,14851,Physical and engineering science technicians not elsewhere classified,14842,Physical and engineering science technicians,14851,Physical and engineering science technicians not elsewhere classified,,,,,,
esco_1_2_1,16102,product development engineering technician,14851,Physical and engineering science technicians not elsewhere classified,14842,Physical and engineering science technicians,14851,Physical and engineering science technicians not elsewhere classified,,,,,,
esco_1_2_1,17179,quality engineering technician,14851,Physical and engineering science technicians not elsewhere classified,14842,Physical and engineering science technicians,14851,Physical and engineering science technicians not elsewhere classified,,,,,,
esco_1_2_1,16779,robotics engineering technician,14851,Physical and engineering science technicians not elsewhere classified,14842,Physical and engineering science technicians,16365,automation engineering technician,,,,,,
esco_1_2_1,16035,tanning technician,14851,Physical and engineering science technicians not elsewhere classified,14842,Physical and engineering science technicians,14851,Physical and engineering science technicians not elsewhere classified,,,,,,
esco_1_2_1,15561,textile chemical quality technician,14851,Physical and engineering science technicians not elsewhere classified,14842,Physical and engineering science technicians,17179,quality engineering technician,,,,,,
esco_1_2_1,16726,textile process controller,14851,Physical and engineering science technicians not elsewhere classified,14842,Physical and engineering science technicians,14851,Physical and engineering science technicians not elsewhere classified,,,,,,
esco_1_2_1,15365,textile quality technician,14851,Physical and engineering science technicians not elsewhere classified,14842,Physical and engineering science technicians,17179,quality engineering technician,,,,,,
esco_1_2_1,15919,utilities inspector,14851,Physical and engineering science technicians not elsewhere classified,14842,Physical and engineering science technicians,14851,Physical and engineering science technicians not elsewhere classified,,,,,,
esco_1_2_1,16345,early years teacher,14777,Early childhood educators,14775,Primary school and early childhood teachers,14777,Early childhood educators,,,,,,
esco_1_2_1,17017,Freinet school teacher,14777,Early childhood educators,14775,Primary school and early childhood teachers,14777,Early childhood educators,,,,,,
esco_1_2_1,16751,Montessori school teacher,14777,Early childhood educators,14775,Primary school and early childhood teachers,14777,Early childhood educators,,,,,,
esco_1_2_1,15332,primary school teacher,14776,Primary school teachers,14775,Primary school and early childhood teachers,14776,Primary school teachers,,,,,,
esco_1_2_1,16032,Steiner school teacher,14776,Primary school teachers,14775,Primary school and early childhood teachers,15332,primary school teacher,,,,,,
esco_1_2_1,15731,imagesetter,15131,Pre-press technicians,15130,Printing trades workers,16332,prepress technician,,,,,,
esco_1_2_1,17376,lithographer,15131,Pre-press technicians,15130,Printing trades workers,16332,prepress technician,,,,,,
esco_1_2_1,17811,prepress operator,15131,Pre-press technicians,15130,Printing trades workers,16332,prepress technician,,,,,,
esco_1_2_1,16332,prepress technician,15131,Pre-press technicians,15130,Printing trades workers,15131,Pre-press technicians,,,,,,
esco_1_2_1,17803,scanning operator,15131,Pre-press technicians,15130,Printing trades workers,16332,prepress technician,,,,,,
esco_1_2_1,18198,screen making technician,15131,Pre-press technicians,15130,Printing trades workers,16332,prepress technician,,,,,,
esco_1_2_1,17437,typesetter,15131,Pre-press technicians,15130,Printing trades workers,16332,prepress technician,,,,,,
esco_1_2_1,16185,bindery operator,15133,Print finishing and binding workers,15130,Printing trades workers,15133,Print finishing and binding workers,,,,,,
esco_1_2_1,15874,book restorer,15133,Print finishing and binding workers,15130,Printing trades workers,15133,Print finishing and binding workers,,,,,,
esco_1_2_1,16859,book-sewing machine operator,15133,Print finishing and binding workers,15130,Printing trades workers,15133,Print finishing and binding workers,,,,,,
esco_1_2_1,17649,print folding operator,15133,Print finishing and binding workers,15130,Printing trades workers,15133,Print finishing and binding workers,,,,,,
esco_1_2_1,16494,digital printer,15132,Printers,15130,Printing trades workers,15132,Printers,,,,,,
esco_1_2_1,15384,flexographic press operator,15132,Printers,15130,Printing trades workers,15132,Printers,,,,,,
esco_1_2_1,16863,gravure press operator,15132,Printers,15130,Printing trades workers,15132,Printers,,,,,,
esco_1_2_1,17402,hot foil operator,15132,Printers,15130,Printing trades workers,15132,Printers,,,,,,
esco_1_2_1,18090,offset printer,15132,Printers,15130,Printing trades workers,15132,Printers,,,,,,
esco_1_2_1,16271,paper embossing press operator,15132,Printers,15130,Printing trades workers,15132,Printers,,,,,,
esco_1_2_1,15923,printing textile technician,15132,Printers,15130,Printing trades workers,15132,Printers,,,,,,
esco_1_2_1,16774,reprographics technician,15132,Printers,15130,Printing trades workers,15132,Printers,,,,,,
esco_1_2_1,17351,screen printer,15132,Printers,15130,Printing trades workers,15132,Printers,,,,,,
esco_1_2_1,16424,textile printer,15132,Printers,15130,Printing trades workers,15132,Printers,,,,,,
esco_1_2_1,15724,air separation plant operator,14859,Chemical processing plant controllers,14856,Process control technicians,17266,chemical processing plant controller,,,,,,
esco_1_2_1,16654,biogas technician,14859,Chemical processing plant controllers,14856,Process control technicians,17266,chemical processing plant controller,,,,,,
esco_1_2_1,17455,chemical plant control room operator,14859,Chemical processing plant controllers,14856,Process control technicians,17266,chemical processing plant controller,,,,,,
esco_1_2_1,17266,chemical processing plant controller,14859,Chemical processing plant controllers,14856,Process control technicians,14859,Chemical processing plant controllers,,,,,,
esco_1_2_1,17777,gas processing plant supervisor,14859,Chemical processing plant controllers,14856,Process control technicians,17266,chemical processing plant controller,,,,,,
esco_1_2_1,18156,gas station operator,14859,Chemical processing plant controllers,14856,Process control technicians,17266,chemical processing plant controller,,,,,,
esco_1_2_1,16066,incinerator operator,14858,Incinerator and water treatment plant operators,14856,Process control technicians,14858,Incinerator and water treatment plant operators,,,,,,
esco_1_2_1,15623,liquid waste treatment plant operator,14858,Incinerator and water treatment plant operators,14856,Process control technicians,14858,Incinerator and water treatment plant operators,,,,,,
esco_1_2_1,18294,solid waste operator,14858,Incinerator and water treatment plant operators,14856,Process control technicians,14858,Incinerator and water treatment plant operators,,,,,,
esco_1_2_1,17864,wastewater treatment operator,14858,Incinerator and water treatment plant operators,14856,Process control technicians,14858,Incinerator and water treatment plant operators,,,,,,
esco_1_2_1,17922,wastewater treatment technician,14858,Incinerator and water treatment plant operators,14856,Process control technicians,14858,Incinerator and water treatment plant operators,,,,,,
esco_1_2_1,16862,water plant technician,14858,Incinerator and water treatment plant operators,14856,Process control technicians,14858,Incinerator and water treatment plant operators,,,,,,
esco_1_2_1,15615,water treatment systems operator,14858,Incinerator and water treatment plant operators,14856,Process control technicians,14858,Incinerator and water treatment plant operators,,,,,,
esco_1_2_1,16303,metal furnace operator,14861,Metal production process controllers,14856,Process control technicians,14861,Metal production process controllers,,,,,,
esco_1_2_1,16160,gas processing plant control room operator,14860,Petroleum and natural gas refining plant operators,14856,Process control technicians,14860,Petroleum and natural gas refining plant operators,,,,,,
esco_1_2_1,17842,gas processing plant operator,14860,Petroleum and natural gas refining plant operators,14856,Process control technicians,14860,Petroleum and natural gas refining plant operators,,,,,,
esco_1_2_1,15702,oil refinery control room operator,14860,Petroleum and natural gas refining plant operators,14856,Process control technicians,14860,Petroleum and natural gas refining plant operators,,,,,,
esco_1_2_1,15313,petroleum pump system operator,14860,Petroleum and natural gas refining plant operators,14856,Process control technicians,14860,Petroleum and natural gas refining plant operators,,,,,,
esco_1_2_1,16808,refinery shift manager,14860,Petroleum and natural gas refining plant operators,14856,Process control technicians,14860,Petroleum and natural gas refining plant operators,,,,,,
esco_1_2_1,16724,electrical power distributor,14857,Power production plant operators,14856,Process control technicians,16690,power production plant operator,,,,,,
esco_1_2_1,16829,electrical transmission system operator,14857,Power production plant operators,14856,Process control technicians,16690,power production plant operator,,,,,,
esco_1_2_1,15560,fossil-fuel power plant operator,14857,Power production plant operators,14856,Process control technicians,16690,power production plant operator,,,,,,
esco_1_2_1,17672,geothermal power plant operator,14857,Power production plant operators,14856,Process control technicians,16690,power production plant operator,,,,,,
esco_1_2_1,15518,hydroelectric plant operator,14857,Power production plant operators,14856,Process control technicians,16690,power production plant operator,,,,,,
esco_1_2_1,17465,nuclear reactor operator,14857,Power production plant operators,14856,Process control technicians,16690,power production plant operator,,,,,,
esco_1_2_1,16161,offshore renewable energy plant operator,14857,Power production plant operators,14856,Process control technicians,14857,Power production plant operators,,,,,,
esco_1_2_1,17281,onshore wind farm technician,14857,Power production plant operators,14856,Process control technicians,14857,Power production plant operators,,,,,,
esco_1_2_1,18171,power plant control room operator,14857,Power production plant operators,14856,Process control technicians,16690,power production plant operator,,,,,,
esco_1_2_1,16690,power production plant operator,14857,Power production plant operators,14856,Process control technicians,14857,Power production plant operators,,,,,,
esco_1_2_1,16632,solar power plant operator,14857,Power production plant operators,14856,Process control technicians,16690,power production plant operator,,,,,,
esco_1_2_1,17367,steam turbine operator,14857,Power production plant operators,14856,Process control technicians,16690,power production plant operator,,,,,,
esco_1_2_1,16947,automated assembly line operator,14862,Process control technicians not elsewhere classified,14856,Process control technicians,14862,Process control technicians not elsewhere classified,,,,,,
esco_1_2_1,18180,clothing process control technician,14862,Process control technicians not elsewhere classified,14856,Process control technicians,16947,automated assembly line operator,,,,,,
esco_1_2_1,16276,industrial robot controller,14862,Process control technicians not elsewhere classified,14856,Process control technicians,14862,Process control technicians not elsewhere classified,,,,,,
esco_1_2_1,17824,pulp control operator,14862,Process control technicians not elsewhere classified,14856,Process control technicians,14862,Process control technicians not elsewhere classified,,,,,,
esco_1_2_1,18144,forester,14688,Agricultural and forestry production managers,14687,"Production managers in agriculture, forestry and fisheries",14688,Agricultural and forestry production managers,,,,,,
esco_1_2_1,16274,aquaculture harvesting manager,14689,Aquaculture and fisheries production managers,14687,"Production managers in agriculture, forestry and fisheries",14689,Aquaculture and fisheries production managers,,,,,,
esco_1_2_1,17309,aquaculture husbandry manager,14689,Aquaculture and fisheries production managers,14687,"Production managers in agriculture, forestry and fisheries",14689,Aquaculture and fisheries production managers,,,,,,
esco_1_2_1,16390,aquaculture production manager,14689,Aquaculture and fisheries production managers,14687,"Production managers in agriculture, forestry and fisheries",14689,Aquaculture and fisheries production managers,,,,,,
esco_1_2_1,18128,elderly home manager,14700,Aged care services managers,14697,Professional services managers,14700,Aged care services managers,,,,,,
esco_1_2_1,16302,child care coordinator,14698,Child care services managers,14697,Professional services managers,14698,Child care services managers,,,,,,
esco_1_2_1,18258,child day care centre manager,14698,Child care services managers,14697,Professional services managers,14698,Child care services managers,,,,,,
esco_1_2_1,17658,nursery school head teacher,14698,Child care services managers,14697,Professional services managers,14698,Child care services managers,,,,,,
esco_1_2_1,18030,dean of faculty,14702,Education managers,14697,Professional services managers,17999,headteacher,,,,,,
esco_1_2_1,15830,deputy head teacher,14702,Education managers,14697,Professional services managers,17999,headteacher,,,,,,
esco_1_2_1,17839,education programme coordinator,14702,Education managers,14697,Professional services managers,17999,headteacher,,,,,,
esco_1_2_1,15839,further education principal,14702,Education managers,14697,Professional services managers,17999,headteacher,,,,,,
esco_1_2_1,15298,head of higher education institutions,14702,Education managers,14697,Professional services managers,17999,headteacher,,,,,,
esco_1_2_1,17999,headteacher,14702,Education managers,14697,Professional services managers,14702,Education managers,,,,,,
esco_1_2_1,17758,primary school head teacher,14702,Education managers,14697,Professional services managers,17999,headteacher,,,,,,
esco_1_2_1,17855,secondary school department head,14702,Education managers,14697,Professional services managers,17999,headteacher,,,,,,
esco_1_2_1,16324,secondary school head teacher,14702,Education managers,14697,Professional services managers,17999,headteacher,,,,,,
esco_1_2_1,15534,special educational needs head teacher,14702,Education managers,14697,Professional services managers,17999,headteacher,,,,,,
esco_1_2_1,15938,university department head,14702,Education managers,14697,Professional services managers,17999,headteacher,,,,,,
esco_1_2_1,16731,bank manager,14703,Financial and insurance services branch managers,14697,Professional services managers,14703,Financial and insurance services branch managers,,,,,,
esco_1_2_1,17825,brokerage firm director,14703,Financial and insurance services branch managers,14697,Professional services managers,14703,Financial and insurance services branch managers,,,,,,
esco_1_2_1,16143,credit union manager,14703,Financial and insurance services branch managers,14697,Professional services managers,14703,Financial and insurance services branch managers,,,,,,
esco_1_2_1,16389,insurance agency manager,14703,Financial and insurance services branch managers,14697,Professional services managers,14703,Financial and insurance services branch managers,,,,,,
esco_1_2_1,17098,insurance claims manager,14703,Financial and insurance services branch managers,14697,Professional services managers,14703,Financial and insurance services branch managers,,,,,,
esco_1_2_1,17807,pension scheme manager,14703,Financial and insurance services branch managers,14697,Professional services managers,14703,Financial and insurance services branch managers,,,,,,
esco_1_2_1,18136,clinical informatics manager,14699,Health services managers,14697,Professional services managers,14699,Health services managers,,,,,,
esco_1_2_1,16196,healthcare institution manager,14699,Health services managers,14697,Professional services managers,14699,Health services managers,,,,,,
esco_1_2_1,16132,airside safety manager,14704,Professional services managers not elsewhere classified,14697,Professional services managers,14704,Professional services managers not elsewhere classified,,,,,,
esco_1_2_1,17815,airspace manager,14704,Professional services managers not elsewhere classified,14697,Professional services managers,14704,Professional services managers not elsewhere classified,,,,,,
esco_1_2_1,17939,artistic director,14704,Professional services managers not elsewhere classified,14697,Professional services managers,14704,Professional services managers not elsewhere classified,,,,,,
esco_1_2_1,15880,aviation communications and frequency coordination manager,14704,Professional services managers not elsewhere classified,14697,Professional services managers,14704,Professional services managers not elsewhere classified,,,,,,
esco_1_2_1,17026,aviation surveillance and code coordination manager,14704,Professional services managers not elsewhere classified,14697,Professional services managers,14704,Professional services managers not elsewhere classified,,,,,,
esco_1_2_1,18014,book publisher,14704,Professional services managers not elsewhere classified,14697,Professional services managers,14704,Professional services managers not elsewhere classified,,,,,,
esco_1_2_1,17242,chief fire officer,14704,Professional services managers not elsewhere classified,14697,Professional services managers,14704,Professional services managers not elsewhere classified,,,,,,
esco_1_2_1,15842,commercial art gallery manager,14704,Professional services managers not elsewhere classified,14697,Professional services managers,14704,Professional services managers not elsewhere classified,,,,,,
esco_1_2_1,16634,correctional services manager,14704,Professional services managers not elsewhere classified,14697,Professional services managers,14704,Professional services managers not elsewhere classified,,,,,,
esco_1_2_1,16078,court administrator,14704,Professional services managers not elsewhere classified,14697,Professional services managers,14704,Professional services managers not elsewhere classified,,,,,,
esco_1_2_1,18134,document management officer,14704,Professional services managers not elsewhere classified,14697,Professional services managers,14704,Professional services managers not elsewhere classified,,,,,,
esco_1_2_1,17239,energy manager,14704,Professional services managers not elsewhere classified,14697,Professional services managers,14704,Professional services managers not elsewhere classified,,,,,,
esco_1_2_1,16209,environmental protection manager,14704,Professional services managers not elsewhere classified,14697,Professional services managers,14704,Professional services managers not elsewhere classified,,,,,,
esco_1_2_1,17938,front of house manager,14704,Professional services managers not elsewhere classified,14697,Professional services managers,14704,Professional services managers not elsewhere classified,,,,,,
esco_1_2_1,16835,interpretation agency manager,14704,Professional services managers not elsewhere classified,14697,Professional services managers,14704,Professional services managers not elsewhere classified,,,,,,
esco_1_2_1,17848,legal service manager,14704,Professional services managers not elsewhere classified,14697,Professional services managers,17587,service manager,,,,,,
esco_1_2_1,15750,library manager,14704,Professional services managers not elsewhere classified,14697,Professional services managers,14704,Professional services managers not elsewhere classified,,,,,,
esco_1_2_1,18189,medical laboratory manager,14704,Professional services managers not elsewhere classified,14697,Professional services managers,14704,Professional services managers not elsewhere classified,,,,,,
esco_1_2_1,17784,museum director,14704,Professional services managers not elsewhere classified,14697,Professional services managers,14704,Professional services managers not elsewhere classified,,,,,,
esco_1_2_1,17365,publications coordinator,14704,Professional services managers not elsewhere classified,14697,Professional services managers,14704,Professional services managers not elsewhere classified,,,,,,
esco_1_2_1,16531,rescue centre manager,14704,Professional services managers not elsewhere classified,14697,Professional services managers,14704,Professional services managers not elsewhere classified,,,,,,
esco_1_2_1,17587,service manager,14704,Professional services managers not elsewhere classified,14697,Professional services managers,14704,Professional services managers not elsewhere classified,,,,,,
esco_1_2_1,15697,sport administrator,14704,Professional services managers not elsewhere classified,14697,Professional services managers,14704,Professional services managers not elsewhere classified,,,,,,
esco_1_2_1,16915,translation agency manager,14704,Professional services managers not elsewhere classified,14697,Professional services managers,14704,Professional services managers not elsewhere classified,,,,,,
esco_1_2_1,16438,public housing manager,14701,Social welfare managers,14697,Professional services managers,17651,social services manager,,,,,,
esco_1_2_1,17651,social services manager,14701,Social welfare managers,14697,Professional services managers,14701,Social welfare managers,,,,,,
esco_1_2_1,18197,youth centre manager,14701,Social welfare managers,14697,Professional services managers,17651,social services manager,,,,,,
esco_1_2_1,17337,youth programme director,14701,Social welfare managers,14697,Professional services managers,17651,social services manager,,,,,,
esco_1_2_1,16971,firefighter,15045,Fire-fighters,15044,Protective services workers,15045,Fire-fighters,,,,,,
esco_1_2_1,15645,industrial firefighter,15045,Fire-fighters,15044,Protective services workers,16971,firefighter,,,,,,
esco_1_2_1,17209,marine firefighter,15045,Fire-fighters,15044,Protective services workers,16971,firefighter,,,,,,
esco_1_2_1,17871,mine rescue officer,15045,Fire-fighters,15044,Protective services workers,16971,firefighter,,,,,,
esco_1_2_1,16823,pump operator,15045,Fire-fighters,15044,Protective services workers,16971,firefighter,,,,,,
esco_1_2_1,16367,police officer,15046,Police officers,15044,Protective services workers,15046,Police officers,,,,,,
esco_1_2_1,16643,juvenile correctional officer,15047,Prison guards,15044,Protective services workers,15047,Prison guards,,,,,,
esco_1_2_1,15924,prison officer,15047,Prison guards,15044,Protective services workers,15047,Prison guards,,,,,,
esco_1_2_1,16861,aircraft marshaller,15049,Protective services workers not elsewhere classified,15044,Protective services workers,15049,Protective services workers not elsewhere classified,,,,,,
esco_1_2_1,15861,animal welfare inspector,15049,Protective services workers not elsewhere classified,15044,Protective services workers,15049,Protective services workers not elsewhere classified,,,,,,
esco_1_2_1,17539,civil enforcement officer,15049,Protective services workers not elsewhere classified,15044,Protective services workers,15049,Protective services workers not elsewhere classified,,,,,,
esco_1_2_1,17593,coastguard watch officer,15049,Protective services workers not elsewhere classified,15044,Protective services workers,15049,Protective services workers not elsewhere classified,,,,,,
esco_1_2_1,15519,crossing guard,15049,Protective services workers not elsewhere classified,15044,Protective services workers,15049,Protective services workers not elsewhere classified,,,,,,
esco_1_2_1,17060,crowd controller,15049,Protective services workers not elsewhere classified,15044,Protective services workers,15049,Protective services workers not elsewhere classified,,,,,,
esco_1_2_1,18091,emergency response worker,15049,Protective services workers not elsewhere classified,15044,Protective services workers,15049,Protective services workers not elsewhere classified,,,,,,
esco_1_2_1,17296,game keeper,15049,Protective services workers not elsewhere classified,15044,Protective services workers,15049,Protective services workers not elsewhere classified,,,,,,
esco_1_2_1,15888,life guard,15049,Protective services workers not elsewhere classified,15044,Protective services workers,15049,Protective services workers not elsewhere classified,,,,,,
esco_1_2_1,16232,street warden,15049,Protective services workers not elsewhere classified,15044,Protective services workers,15049,Protective services workers not elsewhere classified,,,,,,
esco_1_2_1,17427,airport security officer,15048,Security guards,15044,Protective services workers,15907,security guard,,,,,,
esco_1_2_1,18318,armoured car guard,15048,Security guards,15044,Protective services workers,15907,security guard,,,,,,
esco_1_2_1,18242,bodyguard,15048,Security guards,15044,Protective services workers,15907,security guard,,,,,,
esco_1_2_1,16848,door supervisor,15048,Security guards,15044,Protective services workers,15907,security guard,,,,,,
esco_1_2_1,16925,gate guard,15048,Security guards,15044,Protective services workers,15907,security guard,,,,,,
esco_1_2_1,18103,hospitality establishment security officer,15048,Security guards,15044,Protective services workers,15907,security guard,,,,,,
esco_1_2_1,17212,security alarm investigator,15048,Security guards,15044,Protective services workers,15907,security guard,,,,,,
esco_1_2_1,17711,security consultant,15048,Security guards,15044,Protective services workers,15907,security guard,,,,,,
esco_1_2_1,15907,security guard,15048,Security guards,15044,Protective services workers,15048,Security guards,,,,,,
esco_1_2_1,15974,security guard supervisor,15048,Security guards,15044,Protective services workers,15907,security guard,,,,,,
esco_1_2_1,18038,refuse collector,15267,Garbage and recycling collectors,15266,Refuse workers,15267,Garbage and recycling collectors,,,,,,
esco_1_2_1,16260,recycling worker,15268,Refuse sorters,15266,Refuse workers,15268,Refuse sorters,,,,,,
esco_1_2_1,18317,sorter labourer,15268,Refuse sorters,15266,Refuse workers,15268,Refuse sorters,,,,,,
esco_1_2_1,16280,street sweeper,15269,Sweepers and related labourers,15266,Refuse workers,15269,Sweepers and related labourers,,,,,,
esco_1_2_1,16462,customs officer,14920,Customs and border inspectors,14919,Regulatory government associate professionals,14920,Customs and border inspectors,,,,,,
esco_1_2_1,17087,hand luggage inspector,14920,Customs and border inspectors,14919,Regulatory government associate professionals,14920,Customs and border inspectors,,,,,,
esco_1_2_1,16512,immigration officer,14920,Customs and border inspectors,14919,Regulatory government associate professionals,14920,Customs and border inspectors,,,,,,
esco_1_2_1,18003,immigration adviser,14923,Government licensing officials,14919,Regulatory government associate professionals,14923,Government licensing officials,,,,,,
esco_1_2_1,16003,licensing officer,14923,Government licensing officials,14919,Regulatory government associate professionals,14923,Government licensing officials,,,,,,
esco_1_2_1,17372,passport officer,14923,Government licensing officials,14919,Regulatory government associate professionals,14923,Government licensing officials,,,,,,
esco_1_2_1,16566,pensions administrator,14922,Government social benefits officials,14919,Regulatory government associate professionals,16243,social security officer,,,,,,
esco_1_2_1,15841,social security inspector,14922,Government social benefits officials,14919,Regulatory government associate professionals,14922,Government social benefits officials,,,,,,
esco_1_2_1,16243,social security officer,14922,Government social benefits officials,14919,Regulatory government associate professionals,14922,Government social benefits officials,,,,,,
esco_1_2_1,16199,tax compliance officer,14921,Government tax and excise officials,14919,Regulatory government associate professionals,14921,Government tax and excise officials,,,,,,
esco_1_2_1,17720,tax inspector,14921,Government tax and excise officials,14919,Regulatory government associate professionals,14921,Government tax and excise officials,,,,,,
esco_1_2_1,16047,criminal investigator,14924,Police inspectors and detectives,14919,Regulatory government associate professionals,14924,Police inspectors and detectives,,,,,,
esco_1_2_1,15991,police detective,14924,Police inspectors and detectives,14919,Regulatory government associate professionals,14924,Police inspectors and detectives,,,,,,
esco_1_2_1,17796,police inspector,14924,Police inspectors and detectives,14919,Regulatory government associate professionals,14924,Police inspectors and detectives,,,,,,
esco_1_2_1,16676,agricultural inspector,14925,Regulatory government associate professionals not elsewhere classified,14919,Regulatory government associate professionals,14925,Regulatory government associate professionals not elsewhere classified,,,,,,
esco_1_2_1,17771,consumer rights advisor,14925,Regulatory government associate professionals not elsewhere classified,14919,Regulatory government associate professionals,14925,Regulatory government associate professionals not elsewhere classified,,,,,,
esco_1_2_1,17679,fisheries observer,14925,Regulatory government associate professionals not elsewhere classified,14919,Regulatory government associate professionals,14925,Regulatory government associate professionals not elsewhere classified,,,,,,
esco_1_2_1,16615,forestry inspector,14925,Regulatory government associate professionals not elsewhere classified,14919,Regulatory government associate professionals,14925,Regulatory government associate professionals not elsewhere classified,,,,,,
esco_1_2_1,16281,freight inspector,14925,Regulatory government associate professionals not elsewhere classified,14919,Regulatory government associate professionals,14925,Regulatory government associate professionals not elsewhere classified,,,,,,
esco_1_2_1,15980,gaming inspector,14925,Regulatory government associate professionals not elsewhere classified,14919,Regulatory government associate professionals,14925,Regulatory government associate professionals not elsewhere classified,,,,,,
esco_1_2_1,15785,marine cargo inspector,14925,Regulatory government associate professionals not elsewhere classified,14919,Regulatory government associate professionals,16281,freight inspector,,,,,,
esco_1_2_1,17925,weights and measures inspector,14925,Regulatory government associate professionals not elsewhere classified,14919,Regulatory government associate professionals,14925,Regulatory government associate professionals not elsewhere classified,,,,,,
esco_1_2_1,16964,ammunition shop manager,14710,Retail and wholesale trade managers,14709,Retail and wholesale trade managers,17229,shop manager,,,,,,
esco_1_2_1,16480,antique shop manager,14710,Retail and wholesale trade managers,14709,Retail and wholesale trade managers,17229,shop manager,,,,,,
esco_1_2_1,16148,audio and video equipment shop manager,14710,Retail and wholesale trade managers,14709,Retail and wholesale trade managers,17229,shop manager,,,,,,
esco_1_2_1,15330,audiology equipment shop manager,14710,Retail and wholesale trade managers,14709,Retail and wholesale trade managers,17229,shop manager,,,,,,
esco_1_2_1,15822,bakery shop manager,14710,Retail and wholesale trade managers,14709,Retail and wholesale trade managers,17229,shop manager,,,,,,
esco_1_2_1,18168,beverages shop manager,14710,Retail and wholesale trade managers,14709,Retail and wholesale trade managers,17229,shop manager,,,,,,
esco_1_2_1,18123,bicycle shop manager,14710,Retail and wholesale trade managers,14709,Retail and wholesale trade managers,17229,shop manager,,,,,,
esco_1_2_1,17141,bookshop manager,14710,Retail and wholesale trade managers,14709,Retail and wholesale trade managers,17229,shop manager,,,,,,
esco_1_2_1,16016,building materials shop manager,14710,Retail and wholesale trade managers,14709,Retail and wholesale trade managers,17229,shop manager,,,,,,
esco_1_2_1,17155,clothing shop manager,14710,Retail and wholesale trade managers,14709,Retail and wholesale trade managers,17229,shop manager,,,,,,
esco_1_2_1,17911,computer shop manager,14710,Retail and wholesale trade managers,14709,Retail and wholesale trade managers,17229,shop manager,,,,,,
esco_1_2_1,16586,computer software and multimedia shop manager,14710,Retail and wholesale trade managers,14709,Retail and wholesale trade managers,17229,shop manager,,,,,,
esco_1_2_1,18005,confectionery shop manager,14710,Retail and wholesale trade managers,14709,Retail and wholesale trade managers,17229,shop manager,,,,,,
esco_1_2_1,17873,cosmetics and perfume shop manager,14710,Retail and wholesale trade managers,14709,Retail and wholesale trade managers,17229,shop manager,,,,,,
esco_1_2_1,17510,craft shop manager,14710,Retail and wholesale trade managers,14709,Retail and wholesale trade managers,17229,shop manager,,,,,,
esco_1_2_1,17397,delicatessen shop manager,14710,Retail and wholesale trade managers,14709,Retail and wholesale trade managers,17229,shop manager,,,,,,
esco_1_2_1,16846,department store manager,14710,Retail and wholesale trade managers,14709,Retail and wholesale trade managers,14710,Retail and wholesale trade managers,,,,,,
esco_1_2_1,15598,domestic appliances shop manager,14710,Retail and wholesale trade managers,14709,Retail and wholesale trade managers,17229,shop manager,,,,,,
esco_1_2_1,17907,drugstore manager,14710,Retail and wholesale trade managers,14709,Retail and wholesale trade managers,17229,shop manager,,,,,,
esco_1_2_1,18235,eyewear and optical equipment shop manager,14710,Retail and wholesale trade managers,14709,Retail and wholesale trade managers,17229,shop manager,,,,,,
esco_1_2_1,16036,fish and seafood shop manager,14710,Retail and wholesale trade managers,14709,Retail and wholesale trade managers,17229,shop manager,,,,,,
esco_1_2_1,16552,floor and wall coverings shop manager,14710,Retail and wholesale trade managers,14709,Retail and wholesale trade managers,17229,shop manager,,,,,,
esco_1_2_1,18062,flower and garden shop manager,14710,Retail and wholesale trade managers,14709,Retail and wholesale trade managers,17229,shop manager,,,,,,
esco_1_2_1,16795,fruit and vegetables shop manager,14710,Retail and wholesale trade managers,14709,Retail and wholesale trade managers,17229,shop manager,,,,,,
esco_1_2_1,18146,fuel station manager,14710,Retail and wholesale trade managers,14709,Retail and wholesale trade managers,17229,shop manager,,,,,,
esco_1_2_1,16740,furniture shop manager,14710,Retail and wholesale trade managers,14709,Retail and wholesale trade managers,17229,shop manager,,,,,,
esco_1_2_1,16362,hardware and paint shop manager,14710,Retail and wholesale trade managers,14709,Retail and wholesale trade managers,17229,shop manager,,,,,,
esco_1_2_1,16162,jewellery and watches shop manager,14710,Retail and wholesale trade managers,14709,Retail and wholesale trade managers,17229,shop manager,,,,,,
esco_1_2_1,16887,kitchen and bathroom shop manager,14710,Retail and wholesale trade managers,14709,Retail and wholesale trade managers,17229,shop manager,,,,,,
esco_1_2_1,16363,meat and meat products shop manager,14710,Retail and wholesale trade managers,14709,Retail and wholesale trade managers,17229,shop manager,,,,,,
esco_1_2_1,15621,medical goods shop manager,14710,Retail and wholesale trade managers,14709,Retail and wholesale trade managers,17229,shop manager,,,,,,
esco_1_2_1,17456,motor vehicle shop manager,14710,Retail and wholesale trade managers,14709,Retail and wholesale trade managers,17229,shop manager,,,,,,
esco_1_2_1,16854,music and video shop manager,14710,Retail and wholesale trade managers,14709,Retail and wholesale trade managers,17229,shop manager,,,,,,
esco_1_2_1,17013,orthopaedic supply shop manager,14710,Retail and wholesale trade managers,14709,Retail and wholesale trade managers,17229,shop manager,,,,,,
esco_1_2_1,16467,pet and pet food shop manager,14710,Retail and wholesale trade managers,14709,Retail and wholesale trade managers,17229,shop manager,,,,,,
esco_1_2_1,16651,photography shop manager,14710,Retail and wholesale trade managers,14709,Retail and wholesale trade managers,17229,shop manager,,,,,,
esco_1_2_1,17170,press and stationery shop manager,14710,Retail and wholesale trade managers,14709,Retail and wholesale trade managers,17229,shop manager,,,,,,
esco_1_2_1,17336,retail department manager,14710,Retail and wholesale trade managers,14709,Retail and wholesale trade managers,14710,Retail and wholesale trade managers,,,,,,
esco_1_2_1,15868,sales account manager,14710,Retail and wholesale trade managers,14709,Retail and wholesale trade managers,14710,Retail and wholesale trade managers,,,,,,
esco_1_2_1,18215,second-hand shop manager,14710,Retail and wholesale trade managers,14709,Retail and wholesale trade managers,17229,shop manager,,,,,,
esco_1_2_1,15309,shoe and leather accessories shop manager,14710,Retail and wholesale trade managers,14709,Retail and wholesale trade managers,17229,shop manager,,,,,,
esco_1_2_1,17229,shop manager,14710,Retail and wholesale trade managers,14709,Retail and wholesale trade managers,14710,Retail and wholesale trade managers,,,,,,
esco_1_2_1,17135,sporting and outdoor accessories shop manager,14710,Retail and wholesale trade managers,14709,Retail and wholesale trade managers,17229,shop manager,,,,,,
esco_1_2_1,17523,supermarket manager,14710,Retail and wholesale trade managers,14709,Retail and wholesale trade managers,14710,Retail and wholesale trade managers,,,,,,
esco_1_2_1,15437,telecommunication equipment shop manager,14710,Retail and wholesale trade managers,14709,Retail and wholesale trade managers,17229,shop manager,,,,,,
esco_1_2_1,17207,textile shop manager,14710,Retail and wholesale trade managers,14709,Retail and wholesale trade managers,17229,shop manager,,,,,,
esco_1_2_1,15288,tobacco shop manager,14710,Retail and wholesale trade managers,14709,Retail and wholesale trade managers,17229,shop manager,,,,,,
esco_1_2_1,15848,toys and games shop manager,14710,Retail and wholesale trade managers,14709,Retail and wholesale trade managers,17229,shop manager,,,,,,
esco_1_2_1,16010,trade regional manager,14710,Retail and wholesale trade managers,14709,Retail and wholesale trade managers,14710,Retail and wholesale trade managers,,,,,,
esco_1_2_1,17716,absorbent pad machine operator,15183,Paper products machine operators,15180,"Rubber, plastic and paper products machine operators",15183,Paper products machine operators,,,,,,
esco_1_2_1,18097,corrugator operator,15183,Paper products machine operators,15180,"Rubber, plastic and paper products machine operators",15183,Paper products machine operators,,,,,,
esco_1_2_1,16546,envelope maker,15183,Paper products machine operators,15180,"Rubber, plastic and paper products machine operators",15183,Paper products machine operators,,,,,,
esco_1_2_1,16708,paper bag machine operator,15183,Paper products machine operators,15180,"Rubber, plastic and paper products machine operators",15183,Paper products machine operators,,,,,,
esco_1_2_1,15788,paper cutter operator,15183,Paper products machine operators,15180,"Rubber, plastic and paper products machine operators",15183,Paper products machine operators,,,,,,
esco_1_2_1,16682,paper stationery machine operator,15183,Paper products machine operators,15180,"Rubber, plastic and paper products machine operators",15183,Paper products machine operators,,,,,,
esco_1_2_1,18281,paperboard products assembler,15183,Paper products machine operators,15180,"Rubber, plastic and paper products machine operators",15183,Paper products machine operators,,,,,,
esco_1_2_1,15415,tissue paper perforating and rewinding operator,15183,Paper products machine operators,15180,"Rubber, plastic and paper products machine operators",15183,Paper products machine operators,,,,,,
esco_1_2_1,17011,blow moulding machine operator,15182,Plastic products machine operators,15180,"Rubber, plastic and paper products machine operators",15182,Plastic products machine operators,,,,,,
esco_1_2_1,17126,cake press operator,15182,Plastic products machine operators,15180,"Rubber, plastic and paper products machine operators",15182,Plastic products machine operators,,,,,,
esco_1_2_1,18109,compression moulding machine operator,15182,Plastic products machine operators,15180,"Rubber, plastic and paper products machine operators",15182,Plastic products machine operators,,,,,,
esco_1_2_1,15762,fiberglass laminator,15182,Plastic products machine operators,15180,"Rubber, plastic and paper products machine operators",15182,Plastic products machine operators,,,,,,
esco_1_2_1,16761,fibreglass machine operator,15182,Plastic products machine operators,15180,"Rubber, plastic and paper products machine operators",15182,Plastic products machine operators,,,,,,
esco_1_2_1,16975,filament winding operator,15182,Plastic products machine operators,15180,"Rubber, plastic and paper products machine operators",15182,Plastic products machine operators,,,,,,
esco_1_2_1,16279,injection moulding operator,15182,Plastic products machine operators,15180,"Rubber, plastic and paper products machine operators",15182,Plastic products machine operators,,,,,,
esco_1_2_1,16197,insulating tube winder,15182,Plastic products machine operators,15180,"Rubber, plastic and paper products machine operators",15182,Plastic products machine operators,,,,,,
esco_1_2_1,17298,optical disc moulding machine operator,15182,Plastic products machine operators,15180,"Rubber, plastic and paper products machine operators",16279,injection moulding operator,,,,,,
esco_1_2_1,16932,plastic furniture machine operator,15182,Plastic products machine operators,15180,"Rubber, plastic and paper products machine operators",15182,Plastic products machine operators,,,,,,
esco_1_2_1,16202,plastic heat treatment equipment operator,15182,Plastic products machine operators,15180,"Rubber, plastic and paper products machine operators",15182,Plastic products machine operators,,,,,,
esco_1_2_1,17012,plastic rolling machine operator,15182,Plastic products machine operators,15180,"Rubber, plastic and paper products machine operators",15182,Plastic products machine operators,,,,,,
esco_1_2_1,17654,pultrusion machine operator,15182,Plastic products machine operators,15180,"Rubber, plastic and paper products machine operators",15182,Plastic products machine operators,,,,,,
esco_1_2_1,17410,record press operator,15182,Plastic products machine operators,15180,"Rubber, plastic and paper products machine operators",15182,Plastic products machine operators,,,,,,
esco_1_2_1,16640,vacuum forming machine operator,15182,Plastic products machine operators,15180,"Rubber, plastic and paper products machine operators",15182,Plastic products machine operators,,,,,,
esco_1_2_1,17031,belt builder,15181,Rubber products machine operators,15180,"Rubber, plastic and paper products machine operators",17439,rubber products machine operator,,,,,,
esco_1_2_1,18283,coagulation operator,15181,Rubber products machine operators,15180,"Rubber, plastic and paper products machine operators",17439,rubber products machine operator,,,,,,
esco_1_2_1,18061,foam rubber mixer,15181,Rubber products machine operators,15180,"Rubber, plastic and paper products machine operators",17439,rubber products machine operator,,,,,,
esco_1_2_1,16429,rubber cutting machine tender,15181,Rubber products machine operators,15180,"Rubber, plastic and paper products machine operators",17439,rubber products machine operator,,,,,,
esco_1_2_1,17975,rubber dipping machine operator,15181,Rubber products machine operators,15180,"Rubber, plastic and paper products machine operators",17439,rubber products machine operator,,,,,,
esco_1_2_1,17439,rubber products machine operator,15181,Rubber products machine operators,15180,"Rubber, plastic and paper products machine operators",15181,Rubber products machine operators,,,,,,
esco_1_2_1,15481,sectional belt mould assembler,15181,Rubber products machine operators,15180,"Rubber, plastic and paper products machine operators",17439,rubber products machine operator,,,,,,
esco_1_2_1,15738,tyre builder,15181,Rubber products machine operators,15180,"Rubber, plastic and paper products machine operators",17439,rubber products machine operator,,,,,,
esco_1_2_1,15513,tyre vulcaniser,15181,Rubber products machine operators,15180,"Rubber, plastic and paper products machine operators",17439,rubber products machine operator,,,,,,
esco_1_2_1,17050,V-belt builder,15181,Rubber products machine operators,15180,"Rubber, plastic and paper products machine operators",17439,rubber products machine operator,,,,,,
esco_1_2_1,18063,V-belt coverer,15181,Rubber products machine operators,15180,"Rubber, plastic and paper products machine operators",17050,V-belt builder,,,,,,
esco_1_2_1,16618,V-belt finisher,15181,Rubber products machine operators,15180,"Rubber, plastic and paper products machine operators",17050,V-belt builder,,,,,,
esco_1_2_1,17781,costume buyer,14906,Buyers,14903,Sales and purchasing agents and brokers,14906,Buyers,,,,,,
esco_1_2_1,15398,green coffee buyer,14906,Buyers,14903,Sales and purchasing agents and brokers,15804,purchaser,,,,,,
esco_1_2_1,17569,ICT buyer,14906,Buyers,14903,Sales and purchasing agents and brokers,15804,purchaser,,,,,,
esco_1_2_1,17942,purchase planner,14906,Buyers,14903,Sales and purchasing agents and brokers,15804,purchaser,,,,,,
esco_1_2_1,15804,purchaser,14906,Buyers,14903,Sales and purchasing agents and brokers,14906,Buyers,,,,,,
esco_1_2_1,17203,set buyer,14906,Buyers,14903,Sales and purchasing agents and brokers,14906,Buyers,,,,,,
esco_1_2_1,17821,standalone public buyer,14906,Buyers,14903,Sales and purchasing agents and brokers,14906,Buyers,,,,,,
esco_1_2_1,18290,textile sourcing merchandiser,14906,Buyers,14903,Sales and purchasing agents and brokers,15804,purchaser,,,,,,
esco_1_2_1,17678,timber trader,14906,Buyers,14903,Sales and purchasing agents and brokers,14906,Buyers,,,,,,
esco_1_2_1,15535,commercial sales representative,14905,Commercial sales representatives,14903,Sales and purchasing agents and brokers,14905,Commercial sales representatives,,,,,,
esco_1_2_1,16226,electricity sales representative,14905,Commercial sales representatives,14903,Sales and purchasing agents and brokers,15535,commercial sales representative,,,,,,
esco_1_2_1,18311,renewable energy sales representative,14905,Commercial sales representatives,14903,Sales and purchasing agents and brokers,15535,commercial sales representative,,,,,,
esco_1_2_1,17253,insurance broker,14904,Insurance representatives,14903,Sales and purchasing agents and brokers,14904,Insurance representatives,,,,,,
esco_1_2_1,16817,insurance risk consultant,14904,Insurance representatives,14903,Sales and purchasing agents and brokers,14904,Insurance representatives,,,,,,
esco_1_2_1,18073,insurance underwriter,14904,Insurance representatives,14903,Sales and purchasing agents and brokers,14904,Insurance representatives,,,,,,
esco_1_2_1,16182,property insurance underwriter,14904,Insurance representatives,14903,Sales and purchasing agents and brokers,18073,insurance underwriter,,,,,,
esco_1_2_1,15821,commodity broker,14907,Trade brokers,14903,Sales and purchasing agents and brokers,14907,Trade brokers,,,,,,
esco_1_2_1,18032,commodity trader,14907,Trade brokers,14903,Sales and purchasing agents and brokers,14907,Trade brokers,,,,,,
esco_1_2_1,16215,non-vessel operating common carrier,14907,Trade brokers,14903,Sales and purchasing agents and brokers,14907,Trade brokers,,,,,,
esco_1_2_1,17105,shipbroker,14907,Trade brokers,14903,Sales and purchasing agents and brokers,15821,commodity broker,,,,,,
esco_1_2_1,18025,waste broker,14907,Trade brokers,14903,Sales and purchasing agents and brokers,15821,commodity broker,,,,,,
esco_1_2_1,16018,wholesale merchant,14907,Trade brokers,14903,Sales and purchasing agents and brokers,14907,Trade brokers,,,,,,
esco_1_2_1,18099,wholesale merchant in agricultural machinery and equipment,14907,Trade brokers,14903,Sales and purchasing agents and brokers,16018,wholesale merchant,,,,,,
esco_1_2_1,17019,"wholesale merchant in agricultural raw materials, seeds and animal feeds",14907,Trade brokers,14903,Sales and purchasing agents and brokers,16018,wholesale merchant,,,,,,
esco_1_2_1,17988,wholesale merchant in beverages,14907,Trade brokers,14903,Sales and purchasing agents and brokers,16018,wholesale merchant,,,,,,
esco_1_2_1,17728,wholesale merchant in chemical products,14907,Trade brokers,14903,Sales and purchasing agents and brokers,16018,wholesale merchant,,,,,,
esco_1_2_1,17086,wholesale merchant in china and other glassware,14907,Trade brokers,14903,Sales and purchasing agents and brokers,16018,wholesale merchant,,,,,,
esco_1_2_1,17804,wholesale merchant in clothing and footwear,14907,Trade brokers,14903,Sales and purchasing agents and brokers,16018,wholesale merchant,,,,,,
esco_1_2_1,16660,"wholesale merchant in coffee, tea, cocoa and spices",14907,Trade brokers,14903,Sales and purchasing agents and brokers,16018,wholesale merchant,,,,,,
esco_1_2_1,15958,wholesale merchant in computer peripheral equipment and software,14907,Trade brokers,14903,Sales and purchasing agents and brokers,16018,wholesale merchant,,,,,,
esco_1_2_1,16407,wholesale merchant in dairy products and edible oils,14907,Trade brokers,14903,Sales and purchasing agents and brokers,16018,wholesale merchant,,,,,,
esco_1_2_1,17243,wholesale merchant in electrical household appliances,14907,Trade brokers,14903,Sales and purchasing agents and brokers,16018,wholesale merchant,,,,,,
esco_1_2_1,15859,wholesale merchant in electronic and telecommunications equipment and parts,14907,Trade brokers,14903,Sales and purchasing agents and brokers,16018,wholesale merchant,,,,,,
esco_1_2_1,15872,wholesale merchant in fish crustaceans and molluscs,14907,Trade brokers,14903,Sales and purchasing agents and brokers,16018,wholesale merchant,,,,,,
esco_1_2_1,18176,wholesale merchant in flowers and plants,14907,Trade brokers,14903,Sales and purchasing agents and brokers,16018,wholesale merchant,,,,,,
esco_1_2_1,18296,wholesale merchant in fruit and vegetables,14907,Trade brokers,14903,Sales and purchasing agents and brokers,16018,wholesale merchant,,,,,,
esco_1_2_1,16551,"wholesale merchant in furniture, carpets and lighting equipment",14907,Trade brokers,14903,Sales and purchasing agents and brokers,16018,wholesale merchant,,,,,,
esco_1_2_1,17311,"wholesale merchant in hardware, plumbing and heating equipment and supplies",14907,Trade brokers,14903,Sales and purchasing agents and brokers,16018,wholesale merchant,,,,,,
esco_1_2_1,16071,"wholesale merchant in hides, skins and leather products",14907,Trade brokers,14903,Sales and purchasing agents and brokers,16018,wholesale merchant,,,,,,
esco_1_2_1,15568,wholesale merchant in household goods,14907,Trade brokers,14903,Sales and purchasing agents and brokers,16018,wholesale merchant,,,,,,
esco_1_2_1,17968,wholesale merchant in live animals,14907,Trade brokers,14903,Sales and purchasing agents and brokers,16018,wholesale merchant,,,,,,
esco_1_2_1,17171,wholesale merchant in machine tools,14907,Trade brokers,14903,Sales and purchasing agents and brokers,16018,wholesale merchant,,,,,,
esco_1_2_1,16536,"wholesale merchant in machinery, industrial equipment, ships and aircraft",14907,Trade brokers,14903,Sales and purchasing agents and brokers,16018,wholesale merchant,,,,,,
esco_1_2_1,16381,wholesale merchant in meat and meat products,14907,Trade brokers,14903,Sales and purchasing agents and brokers,16018,wholesale merchant,,,,,,
esco_1_2_1,17544,wholesale merchant in metals and metal ores,14907,Trade brokers,14903,Sales and purchasing agents and brokers,16018,wholesale merchant,,,,,,
esco_1_2_1,17370,"wholesale merchant in mining, construction and civil engineering machinery",14907,Trade brokers,14903,Sales and purchasing agents and brokers,16018,wholesale merchant,,,,,,
esco_1_2_1,17294,wholesale merchant in office furniture,14907,Trade brokers,14903,Sales and purchasing agents and brokers,16018,wholesale merchant,,,,,,
esco_1_2_1,16864,wholesale merchant in office machinery and equipment,14907,Trade brokers,14903,Sales and purchasing agents and brokers,16018,wholesale merchant,,,,,,
esco_1_2_1,15409,wholesale merchant in perfume and cosmetics,14907,Trade brokers,14903,Sales and purchasing agents and brokers,16018,wholesale merchant,,,,,,
esco_1_2_1,16169,wholesale merchant in pharmaceutical goods,14907,Trade brokers,14903,Sales and purchasing agents and brokers,16018,wholesale merchant,,,,,,
esco_1_2_1,16612,"wholesale merchant in sugar, chocolate and sugar confectionery",14907,Trade brokers,14903,Sales and purchasing agents and brokers,16018,wholesale merchant,,,,,,
esco_1_2_1,16647,wholesale merchant in textile industry machinery,14907,Trade brokers,14903,Sales and purchasing agents and brokers,16018,wholesale merchant,,,,,,
esco_1_2_1,17260,wholesale merchant in textiles and textile semi-finished and raw materials,14907,Trade brokers,14903,Sales and purchasing agents and brokers,16018,wholesale merchant,,,,,,
esco_1_2_1,17734,wholesale merchant in tobacco products,14907,Trade brokers,14903,Sales and purchasing agents and brokers,16018,wholesale merchant,,,,,,
esco_1_2_1,16785,wholesale merchant in waste and scrap,14907,Trade brokers,14903,Sales and purchasing agents and brokers,16018,wholesale merchant,,,,,,
esco_1_2_1,16867,wholesale merchant in watches and jewellery,14907,Trade brokers,14903,Sales and purchasing agents and brokers,16018,wholesale merchant,,,,,,
esco_1_2_1,17854,wholesale merchant in wood and construction materials,14907,Trade brokers,14903,Sales and purchasing agents and brokers,16018,wholesale merchant,,,,,,
esco_1_2_1,16257,advertising manager,14684,Advertising and public relations managers,14682,"Sales, marketing and development managers",17791,communication manager,,,,,,
esco_1_2_1,17791,communication manager,14684,Advertising and public relations managers,14682,"Sales, marketing and development managers",14684,Advertising and public relations managers,,,,,,
esco_1_2_1,16617,public relations manager,14684,Advertising and public relations managers,14682,"Sales, marketing and development managers",17791,communication manager,,,,,,
esco_1_2_1,16991,chief product officer,14685,Research and development managers,14682,"Sales, marketing and development managers",14685,Research and development managers,,,,,,
esco_1_2_1,15302,clothing development manager,14685,Research and development managers,14682,"Sales, marketing and development managers",15539,product development manager,,,,,,
esco_1_2_1,18135,footwear product development manager,14685,Research and development managers,14682,"Sales, marketing and development managers",15539,product development manager,,,,,,
esco_1_2_1,16502,games development manager,14685,Research and development managers,14682,"Sales, marketing and development managers",15539,product development manager,,,,,,
esco_1_2_1,17218,ICT research manager,14685,Research and development managers,14682,"Sales, marketing and development managers",17636,research manager,,,,,,
esco_1_2_1,17233,innovation officer,14685,Research and development managers,14682,"Sales, marketing and development managers",16719,research and development manager,,,,,,
esco_1_2_1,16714,insurance product manager,14685,Research and development managers,14682,"Sales, marketing and development managers",17234,product manager,,,,,,
esco_1_2_1,17406,leather goods product development manager,14685,Research and development managers,14682,"Sales, marketing and development managers",15539,product development manager,,,,,,
esco_1_2_1,15539,product development manager,14685,Research and development managers,14682,"Sales, marketing and development managers",16719,research and development manager,,,,,,
esco_1_2_1,17234,product manager,14685,Research and development managers,14682,"Sales, marketing and development managers",14685,Research and development managers,,,,,,
esco_1_2_1,16719,research and development manager,14685,Research and development managers,14682,"Sales, marketing and development managers",14685,Research and development managers,,,,,,
esco_1_2_1,17636,research manager,14685,Research and development managers,14682,"Sales, marketing and development managers",16719,research and development manager,,,,,,
esco_1_2_1,17273,aftersales service manager,14683,Sales and marketing managers,14682,"Sales, marketing and development managers",17329,sales manager,,,,,,
esco_1_2_1,15344,auction house manager,14683,Sales and marketing managers,14682,"Sales, marketing and development managers",14683,Sales and marketing managers,,,,,,
esco_1_2_1,17695,banking products manager,14683,Sales and marketing managers,14682,"Sales, marketing and development managers",14683,Sales and marketing managers,,,,,,
esco_1_2_1,16316,bid manager,14683,Sales and marketing managers,14682,"Sales, marketing and development managers",14683,Sales and marketing managers,,,,,,
esco_1_2_1,17931,category manager,14683,Sales and marketing managers,14682,"Sales, marketing and development managers",17329,sales manager,,,,,,
esco_1_2_1,15458,chief marketing officer,14683,Sales and marketing managers,14682,"Sales, marketing and development managers",14683,Sales and marketing managers,,,,,,
esco_1_2_1,15852,commercial director,14683,Sales and marketing managers,14682,"Sales, marketing and development managers",14683,Sales and marketing managers,,,,,,
esco_1_2_1,16104,destination manager,14683,Sales and marketing managers,14682,"Sales, marketing and development managers",15458,chief marketing officer,,,,,,
esco_1_2_1,17954,digital marketing manager,14683,Sales and marketing managers,14682,"Sales, marketing and development managers",14683,Sales and marketing managers,,,,,,
esco_1_2_1,16800,licensing manager,14683,Sales and marketing managers,14682,"Sales, marketing and development managers",17329,sales manager,,,,,,
esco_1_2_1,16662,marketing manager,14683,Sales and marketing managers,14682,"Sales, marketing and development managers",15458,chief marketing officer,,,,,,
esco_1_2_1,15557,motor vehicle aftersales manager,14683,Sales and marketing managers,14682,"Sales, marketing and development managers",17329,sales manager,,,,,,
esco_1_2_1,15656,online sales channel manager,14683,Sales and marketing managers,14682,"Sales, marketing and development managers",17329,sales manager,,,,,,
esco_1_2_1,17916,promotion manager,14683,Sales and marketing managers,14682,"Sales, marketing and development managers",15458,chief marketing officer,,,,,,
esco_1_2_1,17329,sales manager,14683,Sales and marketing managers,14682,"Sales, marketing and development managers",16662,marketing manager,,,,,,
esco_1_2_1,16620,tourism product manager,14683,Sales and marketing managers,14682,"Sales, marketing and development managers",14683,Sales and marketing managers,,,,,,
esco_1_2_1,17450,advertising copywriter,14797,Advertising and marketing professionals,14796,"Sales, marketing and public relations professionals",14797,Advertising and marketing professionals,,,,,,
esco_1_2_1,16158,advertising media buyer,14797,Advertising and marketing professionals,14796,"Sales, marketing and public relations professionals",14797,Advertising and marketing professionals,,,,,,
esco_1_2_1,17496,advertising media planner,14797,Advertising and marketing professionals,14796,"Sales, marketing and public relations professionals",16157,marketing consultant,,,,,,
esco_1_2_1,17981,advertising specialist,14797,Advertising and marketing professionals,14796,"Sales, marketing and public relations professionals",14797,Advertising and marketing professionals,,,,,,
esco_1_2_1,17970,brand manager,14797,Advertising and marketing professionals,14796,"Sales, marketing and public relations professionals",14797,Advertising and marketing professionals,,,,,,
esco_1_2_1,17522,business developer,14797,Advertising and marketing professionals,14796,"Sales, marketing and public relations professionals",14797,Advertising and marketing professionals,,,,,,
esco_1_2_1,16692,client relations manager,14797,Advertising and marketing professionals,14796,"Sales, marketing and public relations professionals",14797,Advertising and marketing professionals,,,,,,
esco_1_2_1,17845,creative director,14797,Advertising and marketing professionals,14796,"Sales, marketing and public relations professionals",14797,Advertising and marketing professionals,,,,,,
esco_1_2_1,17213,customer experience manager,14797,Advertising and marketing professionals,14796,"Sales, marketing and public relations professionals",14797,Advertising and marketing professionals,,,,,,
esco_1_2_1,16378,eBusiness manager,14797,Advertising and marketing professionals,14796,"Sales, marketing and public relations professionals",16157,marketing consultant,,,,,,
esco_1_2_1,15525,employer branding manager,14797,Advertising and marketing professionals,14796,"Sales, marketing and public relations professionals",14797,Advertising and marketing professionals,,,,,,
esco_1_2_1,15280,hospitality revenue manager,14797,Advertising and marketing professionals,14796,"Sales, marketing and public relations professionals",14797,Advertising and marketing professionals,,,,,,
esco_1_2_1,16565,market research analyst,14797,Advertising and marketing professionals,14796,"Sales, marketing and public relations professionals",14797,Advertising and marketing professionals,,,,,,
esco_1_2_1,16166,marketing assistant,14797,Advertising and marketing professionals,14796,"Sales, marketing and public relations professionals",16157,marketing consultant,,,,,,
esco_1_2_1,16157,marketing consultant,14797,Advertising and marketing professionals,14796,"Sales, marketing and public relations professionals",14797,Advertising and marketing professionals,,,,,,
esco_1_2_1,16206,membership manager,14797,Advertising and marketing professionals,14796,"Sales, marketing and public relations professionals",14797,Advertising and marketing professionals,,,,,,
esco_1_2_1,16095,network marketer,14797,Advertising and marketing professionals,14796,"Sales, marketing and public relations professionals",14797,Advertising and marketing professionals,,,,,,
esco_1_2_1,15951,online marketer,14797,Advertising and marketing professionals,14796,"Sales, marketing and public relations professionals",16157,marketing consultant,,,,,,
esco_1_2_1,18000,pricing specialist,14797,Advertising and marketing professionals,14796,"Sales, marketing and public relations professionals",14797,Advertising and marketing professionals,,,,,,
esco_1_2_1,18042,product and services manager,14797,Advertising and marketing professionals,14796,"Sales, marketing and public relations professionals",14797,Advertising and marketing professionals,,,,,,
esco_1_2_1,15709,promotion assistant,14797,Advertising and marketing professionals,14796,"Sales, marketing and public relations professionals",14797,Advertising and marketing professionals,,,,,,
esco_1_2_1,16988,ICT account manager,14800,Information and communications technology sales professionals,14796,"Sales, marketing and public relations professionals",14800,Information and communications technology sales professionals,,,,,,
esco_1_2_1,16373,ICT business development manager,14800,Information and communications technology sales professionals,14796,"Sales, marketing and public relations professionals",14800,Information and communications technology sales professionals,,,,,,
esco_1_2_1,15556,ICT presales engineer,14800,Information and communications technology sales professionals,14796,"Sales, marketing and public relations professionals",14800,Information and communications technology sales professionals,,,,,,
esco_1_2_1,16644,technical sales representative in electronic and telecommunications equipment,14800,Information and communications technology sales professionals,14796,"Sales, marketing and public relations professionals",14800,Information and communications technology sales professionals,,,,,,
esco_1_2_1,17157,activism officer,14798,Public relations professionals,14796,"Sales, marketing and public relations professionals",14798,Public relations professionals,,,,,,
esco_1_2_1,15526,campaign canvasser,14798,Public relations professionals,14796,"Sales, marketing and public relations professionals",16064,political campaign officer,,,,,,
esco_1_2_1,16912,election agent,14798,Public relations professionals,14796,"Sales, marketing and public relations professionals",14798,Public relations professionals,,,,,,
esco_1_2_1,17664,fundraising manager,14798,Public relations professionals,14796,"Sales, marketing and public relations professionals",14798,Public relations professionals,,,,,,
esco_1_2_1,17062,intercultural communication consultant,14798,Public relations professionals,14796,"Sales, marketing and public relations professionals",14798,Public relations professionals,,,,,,
esco_1_2_1,15527,online community manager,14798,Public relations professionals,14796,"Sales, marketing and public relations professionals",14798,Public relations professionals,,,,,,
esco_1_2_1,16064,political campaign officer,14798,Public relations professionals,14796,"Sales, marketing and public relations professionals",14798,Public relations professionals,,,,,,
esco_1_2_1,18211,political party agent,14798,Public relations professionals,14796,"Sales, marketing and public relations professionals",14798,Public relations professionals,,,,,,
esco_1_2_1,17224,public affairs consultant,14798,Public relations professionals,14796,"Sales, marketing and public relations professionals",14798,Public relations professionals,,,,,,
esco_1_2_1,17639,public relations officer,14798,Public relations professionals,14796,"Sales, marketing and public relations professionals",14798,Public relations professionals,,,,,,
esco_1_2_1,17537,spokesperson,14798,Public relations professionals,14796,"Sales, marketing and public relations professionals",17639,public relations officer,,,,,,
esco_1_2_1,17168,after-sales service technician,14799,Technical and medical sales professionals (excluding ICT),14796,"Sales, marketing and public relations professionals",14799,Technical and medical sales professionals (excluding ICT),,,,,,
esco_1_2_1,17379,medical sales representative,14799,Technical and medical sales professionals (excluding ICT),14796,"Sales, marketing and public relations professionals",14799,Technical and medical sales professionals (excluding ICT),,,,,,
esco_1_2_1,15498,renewable energy consultant,14799,Technical and medical sales professionals (excluding ICT),14796,"Sales, marketing and public relations professionals",14799,Technical and medical sales professionals (excluding ICT),,,,,,
esco_1_2_1,16937,sales engineer,14799,Technical and medical sales professionals (excluding ICT),14796,"Sales, marketing and public relations professionals",14799,Technical and medical sales professionals (excluding ICT),,,,,,
esco_1_2_1,18293,solar energy sales consultant,14799,Technical and medical sales professionals (excluding ICT),14796,"Sales, marketing and public relations professionals",14799,Technical and medical sales professionals (excluding ICT),,,,,,
esco_1_2_1,17751,technical sales representative,14799,Technical and medical sales professionals (excluding ICT),14796,"Sales, marketing and public relations professionals",14799,Technical and medical sales professionals (excluding ICT),,,,,,
esco_1_2_1,15854,technical sales representative in agricultural machinery and equipment,14799,Technical and medical sales professionals (excluding ICT),14796,"Sales, marketing and public relations professionals",17751,technical sales representative,,,,,,
esco_1_2_1,17622,technical sales representative in chemical products,14799,Technical and medical sales professionals (excluding ICT),14796,"Sales, marketing and public relations professionals",17751,technical sales representative,,,,,,
esco_1_2_1,16192,"technical sales representative in hardware, plumbing and heating equipment",14799,Technical and medical sales professionals (excluding ICT),14796,"Sales, marketing and public relations professionals",17751,technical sales representative,,,,,,
esco_1_2_1,17517,technical sales representative in machinery and industrial equipment,14799,Technical and medical sales professionals (excluding ICT),14796,"Sales, marketing and public relations professionals",17751,technical sales representative,,,,,,
esco_1_2_1,16312,technical sales representative in mining and construction machinery,14799,Technical and medical sales professionals (excluding ICT),14796,"Sales, marketing and public relations professionals",17751,technical sales representative,,,,,,
esco_1_2_1,18051,technical sales representative in office machinery and equipment,14799,Technical and medical sales professionals (excluding ICT),14796,"Sales, marketing and public relations professionals",17751,technical sales representative,,,,,,
esco_1_2_1,17831,technical sales representative in the textile machinery industry,14799,Technical and medical sales professionals (excluding ICT),14796,"Sales, marketing and public relations professionals",17751,technical sales representative,,,,,,
esco_1_2_1,16881,art teacher secondary school,14774,Secondary education teachers,14773,Secondary education teachers,16460,secondary school teacher,,,,,,
esco_1_2_1,17032,biology teacher secondary school,14774,Secondary education teachers,14773,Secondary education teachers,16460,secondary school teacher,,,,,,
esco_1_2_1,16878,business studies and economics teacher secondary school,14774,Secondary education teachers,14773,Secondary education teachers,16460,secondary school teacher,,,,,,
esco_1_2_1,18309,chemistry teacher secondary school,14774,Secondary education teachers,14773,Secondary education teachers,16460,secondary school teacher,,,,,,
esco_1_2_1,15829,classical languages teacher secondary school,14774,Secondary education teachers,14773,Secondary education teachers,16460,secondary school teacher,,,,,,
esco_1_2_1,18212,drama teacher secondary school,14774,Secondary education teachers,14773,Secondary education teachers,16460,secondary school teacher,,,,,,
esco_1_2_1,16986,geography teacher secondary school,14774,Secondary education teachers,14773,Secondary education teachers,16460,secondary school teacher,,,,,,
esco_1_2_1,15786,history teacher secondary school,14774,Secondary education teachers,14773,Secondary education teachers,16460,secondary school teacher,,,,,,
esco_1_2_1,15446,ICT teacher secondary school,14774,Secondary education teachers,14773,Secondary education teachers,16460,secondary school teacher,,,,,,
esco_1_2_1,17634,literature teacher at secondary school,14774,Secondary education teachers,14773,Secondary education teachers,16460,secondary school teacher,,,,,,
esco_1_2_1,18150,mathematics teacher at secondary school,14774,Secondary education teachers,14773,Secondary education teachers,16460,secondary school teacher,,,,,,
esco_1_2_1,18266,modern languages teacher secondary school,14774,Secondary education teachers,14773,Secondary education teachers,16460,secondary school teacher,,,,,,
esco_1_2_1,16422,music teacher secondary school,14774,Secondary education teachers,14773,Secondary education teachers,16460,secondary school teacher,,,,,,
esco_1_2_1,18069,philosophy teacher secondary school,14774,Secondary education teachers,14773,Secondary education teachers,16460,secondary school teacher,,,,,,
esco_1_2_1,17248,physical education teacher secondary school,14774,Secondary education teachers,14773,Secondary education teachers,16460,secondary school teacher,,,,,,
esco_1_2_1,16356,physics teacher secondary school,14774,Secondary education teachers,14773,Secondary education teachers,16460,secondary school teacher,,,,,,
esco_1_2_1,15959,religious education teacher at secondary school,14774,Secondary education teachers,14773,Secondary education teachers,16460,secondary school teacher,,,,,,
esco_1_2_1,15616,science teacher secondary school,14774,Secondary education teachers,14773,Secondary education teachers,16460,secondary school teacher,,,,,,
esco_1_2_1,16460,secondary school teacher,14774,Secondary education teachers,14773,Secondary education teachers,14774,Secondary education teachers,,,,,,
esco_1_2_1,16417,secretary,14955,Secretaries (general),14954,Secretaries (general),14955,Secretaries (general),,,,,,
esco_1_2_1,15515,coquille casting worker,15104,Metal moulders and coremakers,15103,"Sheet and structural metal workers, moulders and welders, and related workers",17943,foundry operative,,,,,,
esco_1_2_1,17700,foundry moulder,15104,Metal moulders and coremakers,15103,"Sheet and structural metal workers, moulders and welders, and related workers",17943,foundry operative,,,,,,
esco_1_2_1,17943,foundry operative,15104,Metal moulders and coremakers,15103,"Sheet and structural metal workers, moulders and welders, and related workers",15104,Metal moulders and coremakers,,,,,,
esco_1_2_1,16313,mouldmaker,15104,Metal moulders and coremakers,15103,"Sheet and structural metal workers, moulders and welders, and related workers",17943,foundry operative,,,,,,
esco_1_2_1,15775,boat rigger,15108,Riggers and cable splicers,15103,"Sheet and structural metal workers, moulders and welders, and related workers",17432,rigger,,,,,,
esco_1_2_1,16624,event scaffolder,15108,Riggers and cable splicers,15103,"Sheet and structural metal workers, moulders and welders, and related workers",15108,Riggers and cable splicers,,,,,,
esco_1_2_1,17763,ground rigger,15108,Riggers and cable splicers,15103,"Sheet and structural metal workers, moulders and welders, and related workers",17432,rigger,,,,,,
esco_1_2_1,15600,high rigger,15108,Riggers and cable splicers,15103,"Sheet and structural metal workers, moulders and welders, and related workers",17432,rigger,,,,,,
esco_1_2_1,17432,rigger,15108,Riggers and cable splicers,15103,"Sheet and structural metal workers, moulders and welders, and related workers",15108,Riggers and cable splicers,,,,,,
esco_1_2_1,17299,rigging supervisor,15108,Riggers and cable splicers,15103,"Sheet and structural metal workers, moulders and welders, and related workers",15108,Riggers and cable splicers,,,,,,
esco_1_2_1,17877,stagehand,15108,Riggers and cable splicers,15103,"Sheet and structural metal workers, moulders and welders, and related workers",16624,event scaffolder,,,,,,
esco_1_2_1,16458,boilermaker,15106,Sheet-metal workers,15103,"Sheet and structural metal workers, moulders and welders, and related workers",15106,Sheet-metal workers,,,,,,
esco_1_2_1,15605,container equipment assembler,15106,Sheet-metal workers,15103,"Sheet and structural metal workers, moulders and welders, and related workers",15106,Sheet-metal workers,,,,,,
esco_1_2_1,15855,coppersmith,15106,Sheet-metal workers,15103,"Sheet and structural metal workers, moulders and welders, and related workers",15106,Sheet-metal workers,,,,,,
esco_1_2_1,16359,sheet metal worker,15106,Sheet-metal workers,15103,"Sheet and structural metal workers, moulders and welders, and related workers",15106,Sheet-metal workers,,,,,,
esco_1_2_1,18092,dismantling worker,15107,Structural-metal preparers and erectors,15103,"Sheet and structural metal workers, moulders and welders, and related workers",15107,Structural-metal preparers and erectors,,,,,,
esco_1_2_1,15410,riveter,15107,Structural-metal preparers and erectors,15103,"Sheet and structural metal workers, moulders and welders, and related workers",16588,structural ironworker,,,,,,
esco_1_2_1,17000,shipwright,15107,Structural-metal preparers and erectors,15103,"Sheet and structural metal workers, moulders and welders, and related workers",15107,Structural-metal preparers and erectors,,,,,,
esco_1_2_1,16588,structural ironworker,15107,Structural-metal preparers and erectors,15103,"Sheet and structural metal workers, moulders and welders, and related workers",15107,Structural-metal preparers and erectors,,,,,,
esco_1_2_1,16630,brazier,15105,Welders and flamecutters,15103,"Sheet and structural metal workers, moulders and welders, and related workers",15105,Welders and flamecutters,,,,,,
esco_1_2_1,18084,electron beam welder,15105,Welders and flamecutters,15103,"Sheet and structural metal workers, moulders and welders, and related workers",16806,welder,,,,,,
esco_1_2_1,17729,laser beam welder,15105,Welders and flamecutters,15103,"Sheet and structural metal workers, moulders and welders, and related workers",16806,welder,,,,,,
esco_1_2_1,15884,pipe welder,15105,Welders and flamecutters,15103,"Sheet and structural metal workers, moulders and welders, and related workers",16806,welder,,,,,,
esco_1_2_1,15573,solderer,15105,Welders and flamecutters,15103,"Sheet and structural metal workers, moulders and welders, and related workers",15105,Welders and flamecutters,,,,,,
esco_1_2_1,17153,spot welder,15105,Welders and flamecutters,15103,"Sheet and structural metal workers, moulders and welders, and related workers",16806,welder,,,,,,
esco_1_2_1,16806,welder,15105,Welders and flamecutters,15103,"Sheet and structural metal workers, moulders and welders, and related workers",15105,Welders and flamecutters,,,,,,
esco_1_2_1,17795,welding coordinator,15105,Welders and flamecutters,15103,"Sheet and structural metal workers, moulders and welders, and related workers",15105,Welders and flamecutters,,,,,,
esco_1_2_1,16220,aeronautical information service officer,14871,Air traffic controllers,14867,Ship and aircraft controllers and technicians,16039,air traffic controller,,,,,,
esco_1_2_1,18182,aeronautical information specialist,14871,Air traffic controllers,14867,Ship and aircraft controllers and technicians,16039,air traffic controller,,,,,,
esco_1_2_1,16039,air traffic controller,14871,Air traffic controllers,14867,Ship and aircraft controllers and technicians,14871,Air traffic controllers,,,,,,
esco_1_2_1,17177,airport operations officer,14871,Air traffic controllers,14867,Ship and aircraft controllers and technicians,16039,air traffic controller,,,,,,
esco_1_2_1,17429,aviation inspector,14871,Air traffic controllers,14867,Ship and aircraft controllers and technicians,14871,Air traffic controllers,,,,,,
esco_1_2_1,18037,flight operations officer,14871,Air traffic controllers,14867,Ship and aircraft controllers and technicians,14871,Air traffic controllers,,,,,,
esco_1_2_1,15279,air traffic safety technician,14872,Air traffic safety electronics technicians,14867,Ship and aircraft controllers and technicians,14872,Air traffic safety electronics technicians,,,,,,
esco_1_2_1,16890,aircraft maintenance engineer,14870,Aircraft pilots and related associate professionals,14867,Ship and aircraft controllers and technicians,14870,Aircraft pilots and related associate professionals,,,,,,
esco_1_2_1,17187,aircraft pilot,14870,Aircraft pilots and related associate professionals,14867,Ship and aircraft controllers and technicians,14870,Aircraft pilots and related associate professionals,,,,,,
esco_1_2_1,16300,airline transport pilot,14870,Aircraft pilots and related associate professionals,14867,Ship and aircraft controllers and technicians,16301,commercial pilot,,,,,,
esco_1_2_1,17874,astronaut,14870,Aircraft pilots and related associate professionals,14867,Ship and aircraft controllers and technicians,14870,Aircraft pilots and related associate professionals,,,,,,
esco_1_2_1,16872,co-pilot,14870,Aircraft pilots and related associate professionals,14867,Ship and aircraft controllers and technicians,17187,aircraft pilot,,,,,,
esco_1_2_1,16301,commercial pilot,14870,Aircraft pilots and related associate professionals,14867,Ship and aircraft controllers and technicians,17187,aircraft pilot,,,,,,
esco_1_2_1,15784,drone pilot,14870,Aircraft pilots and related associate professionals,14867,Ship and aircraft controllers and technicians,14870,Aircraft pilots and related associate professionals,,,,,,
esco_1_2_1,17475,flight instructor,14870,Aircraft pilots and related associate professionals,14867,Ship and aircraft controllers and technicians,17187,aircraft pilot,,,,,,
esco_1_2_1,16155,helicopter pilot,14870,Aircraft pilots and related associate professionals,14867,Ship and aircraft controllers and technicians,17187,aircraft pilot,,,,,,
esco_1_2_1,16994,private pilot,14870,Aircraft pilots and related associate professionals,14867,Ship and aircraft controllers and technicians,17187,aircraft pilot,,,,,,
esco_1_2_1,17869,second officer,14870,Aircraft pilots and related associate professionals,14867,Ship and aircraft controllers and technicians,17187,aircraft pilot,,,,,,
esco_1_2_1,18024,deck officer,14869,Ships' deck officers and pilots,14867,Ship and aircraft controllers and technicians,14869,Ships' deck officers and pilots,,,,,,
esco_1_2_1,16528,helmsman,14869,Ships' deck officers and pilots,14867,Ship and aircraft controllers and technicians,14869,Ships' deck officers and pilots,,,,,,
esco_1_2_1,15683,maritime pilot,14869,Ships' deck officers and pilots,14867,Ship and aircraft controllers and technicians,14869,Ships' deck officers and pilots,,,,,,
esco_1_2_1,15575,officer of the watch,14869,Ships' deck officers and pilots,14867,Ship and aircraft controllers and technicians,14869,Ships' deck officers and pilots,,,,,,
esco_1_2_1,18164,ship captain,14869,Ships' deck officers and pilots,14867,Ship and aircraft controllers and technicians,14869,Ships' deck officers and pilots,,,,,,
esco_1_2_1,18127,skipper,14869,Ships' deck officers and pilots,14867,Ship and aircraft controllers and technicians,14869,Ships' deck officers and pilots,,,,,,
esco_1_2_1,15933,fisheries engineering technician,14868,Ships’ engineers,14867,Ship and aircraft controllers and technicians,14868,Ships’ engineers,,,,,,
esco_1_2_1,17788,marine chief engineer,14868,Ships’ engineers,14867,Ship and aircraft controllers and technicians,14868,Ships’ engineers,,,,,,
esco_1_2_1,17219,ship assistant engineer,14868,Ships’ engineers,14867,Ship and aircraft controllers and technicians,14868,Ships’ engineers,,,,,,
esco_1_2_1,16622,ship duty engineer,14868,Ships’ engineers,14867,Ship and aircraft controllers and technicians,14868,Ships’ engineers,,,,,,
esco_1_2_1,15862,boatswain,15224,Ships’ deck crews and related workers,15223,Ships’ deck crews and related workers,15224,Ships’ deck crews and related workers,,,,,,
esco_1_2_1,17963,decksman,15224,Ships’ deck crews and related workers,15223,Ships’ deck crews and related workers,15224,Ships’ deck crews and related workers,,,,,,
esco_1_2_1,16918,engine minder,15224,Ships’ deck crews and related workers,15223,Ships’ deck crews and related workers,15224,Ships’ deck crews and related workers,,,,,,
esco_1_2_1,15590,fisheries deckhand,15224,Ships’ deck crews and related workers,15223,Ships’ deck crews and related workers,15224,Ships’ deck crews and related workers,,,,,,
esco_1_2_1,17595,matrose,15224,Ships’ deck crews and related workers,15223,Ships’ deck crews and related workers,15224,Ships’ deck crews and related workers,,,,,,
esco_1_2_1,16009,ordinary seaman,15224,Ships’ deck crews and related workers,15223,Ships’ deck crews and related workers,15224,Ships’ deck crews and related workers,,,,,,
esco_1_2_1,16351,sailor,15224,Ships’ deck crews and related workers,15223,Ships’ deck crews and related workers,15224,Ships’ deck crews and related workers,,,,,,
esco_1_2_1,17626,retail entrepreneur,15022,Shop keepers,15021,Shop salespersons,15022,Shop keepers,,,,,,
esco_1_2_1,15451,ammunition specialised seller,15024,Shop sales assistants,15021,Shop salespersons,16330,specialised seller,,,,,,
esco_1_2_1,17247,audio and video equipment specialised seller,15024,Shop sales assistants,15021,Shop salespersons,16330,specialised seller,,,,,,
esco_1_2_1,16008,audiology equipment specialised seller,15024,Shop sales assistants,15021,Shop salespersons,16330,specialised seller,,,,,,
esco_1_2_1,15866,bakery specialised seller,15024,Shop sales assistants,15021,Shop salespersons,16330,specialised seller,,,,,,
esco_1_2_1,16524,beverages specialised seller,15024,Shop sales assistants,15021,Shop salespersons,16330,specialised seller,,,,,,
esco_1_2_1,15517,bookshop specialised seller,15024,Shop sales assistants,15021,Shop salespersons,16330,specialised seller,,,,,,
esco_1_2_1,16683,building materials specialised seller,15024,Shop sales assistants,15021,Shop salespersons,16330,specialised seller,,,,,,
esco_1_2_1,15989,car leasing agent,15024,Shop sales assistants,15021,Shop salespersons,15024,Shop sales assistants,,,,,,
esco_1_2_1,15533,clothing specialised seller,15024,Shop sales assistants,15021,Shop salespersons,16330,specialised seller,,,,,,
esco_1_2_1,16246,computer and accessories specialised seller,15024,Shop sales assistants,15021,Shop salespersons,16330,specialised seller,,,,,,
esco_1_2_1,16085,"computer games, multimedia and software specialised seller",15024,Shop sales assistants,15021,Shop salespersons,16330,specialised seller,,,,,,
esco_1_2_1,15773,confectionery specialised seller,15024,Shop sales assistants,15021,Shop salespersons,16330,specialised seller,,,,,,
esco_1_2_1,16762,cosmetics and perfume specialised seller,15024,Shop sales assistants,15021,Shop salespersons,16330,specialised seller,,,,,,
esco_1_2_1,17993,delicatessen specialised seller,15024,Shop sales assistants,15021,Shop salespersons,16330,specialised seller,,,,,,
esco_1_2_1,16954,domestic appliances specialised seller,15024,Shop sales assistants,15021,Shop salespersons,16330,specialised seller,,,,,,
esco_1_2_1,16352,eyewear and optical equipment specialised seller,15024,Shop sales assistants,15021,Shop salespersons,16330,specialised seller,,,,,,
esco_1_2_1,15360,fish and seafood specialised seller,15024,Shop sales assistants,15021,Shop salespersons,16330,specialised seller,,,,,,
esco_1_2_1,17926,floor and wall coverings specialised seller,15024,Shop sales assistants,15021,Shop salespersons,16330,specialised seller,,,,,,
esco_1_2_1,17642,flower and garden specialised seller,15024,Shop sales assistants,15021,Shop salespersons,16330,specialised seller,,,,,,
esco_1_2_1,16295,fruit and vegetables specialised seller,15024,Shop sales assistants,15021,Shop salespersons,16330,specialised seller,,,,,,
esco_1_2_1,16208,furniture specialised seller,15024,Shop sales assistants,15021,Shop salespersons,16330,specialised seller,,,,,,
esco_1_2_1,15331,hardware and paint specialised seller,15024,Shop sales assistants,15021,Shop salespersons,16330,specialised seller,,,,,,
esco_1_2_1,16882,jewellery and watches specialised seller,15024,Shop sales assistants,15021,Shop salespersons,16330,specialised seller,,,,,,
esco_1_2_1,17140,meat and meat products specialised seller,15024,Shop sales assistants,15021,Shop salespersons,16330,specialised seller,,,,,,
esco_1_2_1,17363,medical goods specialised seller,15024,Shop sales assistants,15021,Shop salespersons,16330,specialised seller,,,,,,
esco_1_2_1,15400,motor vehicles parts advisor,15024,Shop sales assistants,15021,Shop salespersons,15024,Shop sales assistants,,,,,,
esco_1_2_1,16595,motor vehicles specialised seller,15024,Shop sales assistants,15021,Shop salespersons,16330,specialised seller,,,,,,
esco_1_2_1,17983,music and video shop specialised seller,15024,Shop sales assistants,15021,Shop salespersons,16330,specialised seller,,,,,,
esco_1_2_1,17057,orthopaedic supplies specialised seller,15024,Shop sales assistants,15021,Shop salespersons,16330,specialised seller,,,,,,
esco_1_2_1,18241,personal shopper,15024,Shop sales assistants,15021,Shop salespersons,15024,Shop sales assistants,,,,,,
esco_1_2_1,16000,pet and pet food specialised seller,15024,Shop sales assistants,15021,Shop salespersons,16330,specialised seller,,,,,,
esco_1_2_1,17787,press and stationery specialised seller,15024,Shop sales assistants,15021,Shop salespersons,16330,specialised seller,,,,,,
esco_1_2_1,17206,sales assistant,15024,Shop sales assistants,15021,Shop salespersons,15024,Shop sales assistants,,,,,,
esco_1_2_1,16709,sales processor,15024,Shop sales assistants,15021,Shop salespersons,15024,Shop sales assistants,,,,,,
esco_1_2_1,16205,second-hand goods specialised seller,15024,Shop sales assistants,15021,Shop salespersons,16330,specialised seller,,,,,,
esco_1_2_1,16687,shoe and leather accessories specialised seller,15024,Shop sales assistants,15021,Shop salespersons,16330,specialised seller,,,,,,
esco_1_2_1,15420,shop assistant,15024,Shop sales assistants,15021,Shop salespersons,15024,Shop sales assistants,,,,,,
esco_1_2_1,18226,specialised antique dealer,15024,Shop sales assistants,15021,Shop salespersons,16330,specialised seller,,,,,,
esco_1_2_1,16330,specialised seller,15024,Shop sales assistants,15021,Shop salespersons,15024,Shop sales assistants,,,,,,
esco_1_2_1,15496,sporting accessories specialised seller,15024,Shop sales assistants,15021,Shop salespersons,16330,specialised seller,,,,,,
esco_1_2_1,18187,telecommunications equipment specialised seller,15024,Shop sales assistants,15021,Shop salespersons,16330,specialised seller,,,,,,
esco_1_2_1,16304,textile specialised seller,15024,Shop sales assistants,15021,Shop salespersons,16330,specialised seller,,,,,,
esco_1_2_1,17511,tobacco specialised seller,15024,Shop sales assistants,15021,Shop salespersons,16330,specialised seller,,,,,,
esco_1_2_1,16903,toys and games specialised seller,15024,Shop sales assistants,15021,Shop salespersons,16330,specialised seller,,,,,,
esco_1_2_1,17721,checkout supervisor,15023,Shop supervisors,15021,Shop salespersons,17607,shop supervisor,,,,,,
esco_1_2_1,17607,shop supervisor,15023,Shop supervisors,15021,Shop salespersons,15023,Shop supervisors,,,,,,
esco_1_2_1,15522,business economics researcher,14822,Economists,14821,Social and religious professionals,17175,economist,,,,,,
esco_1_2_1,16353,economic adviser,14822,Economists,14821,Social and religious professionals,17175,economist,,,,,,
esco_1_2_1,17223,economic development coordinator,14822,Economists,14821,Social and religious professionals,17175,economist,,,,,,
esco_1_2_1,15997,economic policy officer,14822,Economists,14821,Social and religious professionals,14822,Economists,,,,,,
esco_1_2_1,17175,economist,14822,Economists,14821,Social and religious professionals,14822,Economists,,,,,,
esco_1_2_1,17479,tax policy analyst,14822,Economists,14821,Social and religious professionals,17175,economist,,,,,,
esco_1_2_1,16463,genealogist,14824,"Philosophers, historians and political scientists",14821,Social and religious professionals,15441,historian,,,,,,
esco_1_2_1,15441,historian,14824,"Philosophers, historians and political scientists",14821,Social and religious professionals,14824,"Philosophers, historians and political scientists",,,,,,
esco_1_2_1,17628,philosopher,14824,"Philosophers, historians and political scientists",14821,Social and religious professionals,14824,"Philosophers, historians and political scientists",,,,,,
esco_1_2_1,16272,political scientist,14824,"Philosophers, historians and political scientists",14821,Social and religious professionals,14824,"Philosophers, historians and political scientists",,,,,,
esco_1_2_1,17676,clinical psychologist,14825,Psychologists,14821,Social and religious professionals,16310,psychologist,,,,,,
esco_1_2_1,16269,educational psychologist,14825,Psychologists,14821,Social and religious professionals,16310,psychologist,,,,,,
esco_1_2_1,17146,health psychologist,14825,Psychologists,14821,Social and religious professionals,16310,psychologist,,,,,,
esco_1_2_1,16840,polygraph examiner,14825,Psychologists,14821,Social and religious professionals,14825,Psychologists,,,,,,
esco_1_2_1,16310,psychologist,14825,Psychologists,14821,Social and religious professionals,14825,Psychologists,,,,,,
esco_1_2_1,17420,psychotherapist,14825,Psychologists,14821,Social and religious professionals,16310,psychologist,,,,,,
esco_1_2_1,17300,chaplain,14827,Religious professionals,14821,Social and religious professionals,14827,Religious professionals,,,,,,
esco_1_2_1,18118,minister of religion,14827,Religious professionals,14821,Social and religious professionals,14827,Religious professionals,,,,,,
esco_1_2_1,15472,missionary,14827,Religious professionals,14821,Social and religious professionals,14827,Religious professionals,,,,,,
esco_1_2_1,16628,religion scientific researcher,14827,Religious professionals,14821,Social and religious professionals,14827,Religious professionals,,,,,,
esco_1_2_1,16225,benefits advice worker,14826,Social work and counselling professionals,14821,Social and religious professionals,16207,social worker,,,,,,
esco_1_2_1,18224,bereavement counsellor,14826,Social work and counselling professionals,14821,Social and religious professionals,16357,social counsellor,,,,,,
esco_1_2_1,15444,child care social worker,14826,Social work and counselling professionals,14821,Social and religious professionals,16207,social worker,,,,,,
esco_1_2_1,16596,clinical social worker,14826,Social work and counselling professionals,14821,Social and religious professionals,16207,social worker,,,,,,
esco_1_2_1,16939,community care case worker,14826,Social work and counselling professionals,14821,Social and religious professionals,16207,social worker,,,,,,
esco_1_2_1,18310,community development social worker,14826,Social work and counselling professionals,14821,Social and religious professionals,16207,social worker,,,,,,
esco_1_2_1,17797,community social worker,14826,Social work and counselling professionals,14821,Social and religious professionals,16207,social worker,,,,,,
esco_1_2_1,15583,consultant social worker,14826,Social work and counselling professionals,14821,Social and religious professionals,16207,social worker,,,,,,
esco_1_2_1,17192,criminal justice social worker,14826,Social work and counselling professionals,14821,Social and religious professionals,16207,social worker,,,,,,
esco_1_2_1,16736,crisis situation social worker,14826,Social work and counselling professionals,14821,Social and religious professionals,16207,social worker,,,,,,
esco_1_2_1,16447,drug and alcohol addiction counsellor,14826,Social work and counselling professionals,14821,Social and religious professionals,16357,social counsellor,,,,,,
esco_1_2_1,15602,education welfare officer,14826,Social work and counselling professionals,14821,Social and religious professionals,16207,social worker,,,,,,
esco_1_2_1,17706,employment support worker,14826,Social work and counselling professionals,14821,Social and religious professionals,16207,social worker,,,,,,
esco_1_2_1,17426,enterprise development worker,14826,Social work and counselling professionals,14821,Social and religious professionals,16207,social worker,,,,,,
esco_1_2_1,16921,family planning counsellor,14826,Social work and counselling professionals,14821,Social and religious professionals,16357,social counsellor,,,,,,
esco_1_2_1,17118,family social worker,14826,Social work and counselling professionals,14821,Social and religious professionals,16207,social worker,,,,,,
esco_1_2_1,16026,gerontology social worker,14826,Social work and counselling professionals,14821,Social and religious professionals,16207,social worker,,,,,,
esco_1_2_1,16601,homelessness worker,14826,Social work and counselling professionals,14821,Social and religious professionals,16207,social worker,,,,,,
esco_1_2_1,16713,hospital social worker,14826,Social work and counselling professionals,14821,Social and religious professionals,16207,social worker,,,,,,
esco_1_2_1,17214,marriage counsellor,14826,Social work and counselling professionals,14821,Social and religious professionals,16357,social counsellor,,,,,,
esco_1_2_1,17331,mental health social worker,14826,Social work and counselling professionals,14821,Social and religious professionals,16207,social worker,,,,,,
esco_1_2_1,17353,migrant social worker,14826,Social work and counselling professionals,14821,Social and religious professionals,16207,social worker,,,,,,
esco_1_2_1,17165,military welfare worker,14826,Social work and counselling professionals,14821,Social and religious professionals,16207,social worker,,,,,,
esco_1_2_1,17615,palliative care social worker,14826,Social work and counselling professionals,14821,Social and religious professionals,16207,social worker,,,,,,
esco_1_2_1,16603,probation officer,14826,Social work and counselling professionals,14821,Social and religious professionals,16207,social worker,,,,,,
esco_1_2_1,17950,rehabilitation support worker,14826,Social work and counselling professionals,14821,Social and religious professionals,16207,social worker,,,,,,
esco_1_2_1,17553,sexual violence counsellor,14826,Social work and counselling professionals,14821,Social and religious professionals,16357,social counsellor,,,,,,
esco_1_2_1,16357,social counsellor,14826,Social work and counselling professionals,14821,Social and religious professionals,14826,Social work and counselling professionals,,,,,,
esco_1_2_1,18256,social pedagogue,14826,Social work and counselling professionals,14821,Social and religious professionals,14826,Social work and counselling professionals,,,,,,
esco_1_2_1,17519,social work supervisor,14826,Social work and counselling professionals,14821,Social and religious professionals,16207,social worker,,,,,,
esco_1_2_1,16207,social worker,14826,Social work and counselling professionals,14821,Social and religious professionals,14826,Social work and counselling professionals,,,,,,
esco_1_2_1,17891,substance misuse worker,14826,Social work and counselling professionals,14821,Social and religious professionals,16207,social worker,,,,,,
esco_1_2_1,17063,victim support officer,14826,Social work and counselling professionals,14821,Social and religious professionals,16207,social worker,,,,,,
esco_1_2_1,15397,youth information worker,14826,Social work and counselling professionals,14821,Social and religious professionals,17521,youth worker,,,,,,
esco_1_2_1,16219,youth offending team worker,14826,Social work and counselling professionals,14821,Social and religious professionals,16207,social worker,,,,,,
esco_1_2_1,17521,youth worker,14826,Social work and counselling professionals,14821,Social and religious professionals,16207,social worker,,,,,,
esco_1_2_1,17399,anthropologist,14823,"Sociologists, anthropologists and related professionals",14821,Social and religious professionals,14823,"Sociologists, anthropologists and related professionals",,,,,,
esco_1_2_1,15687,archaeologist,14823,"Sociologists, anthropologists and related professionals",14821,Social and religious professionals,14823,"Sociologists, anthropologists and related professionals",,,,,,
esco_1_2_1,16124,behavioural scientist,14823,"Sociologists, anthropologists and related professionals",14821,Social and religious professionals,14823,"Sociologists, anthropologists and related professionals",,,,,,
esco_1_2_1,16619,communication scientist,14823,"Sociologists, anthropologists and related professionals",14821,Social and religious professionals,17399,anthropologist,,,,,,
esco_1_2_1,15358,criminologist,14823,"Sociologists, anthropologists and related professionals",14821,Social and religious professionals,14823,"Sociologists, anthropologists and related professionals",,,,,,
esco_1_2_1,17562,geographer,14823,"Sociologists, anthropologists and related professionals",14821,Social and religious professionals,14823,"Sociologists, anthropologists and related professionals",,,,,,
esco_1_2_1,15601,media scientist,14823,"Sociologists, anthropologists and related professionals",14821,Social and religious professionals,17399,anthropologist,,,,,,
esco_1_2_1,16021,social work researcher,14823,"Sociologists, anthropologists and related professionals",14821,Social and religious professionals,15507,sociologist,,,,,,
esco_1_2_1,15507,sociologist,14823,"Sociologists, anthropologists and related professionals",14821,Social and religious professionals,14823,"Sociologists, anthropologists and related professionals",,,,,,
esco_1_2_1,17159,thanatology researcher,14823,"Sociologists, anthropologists and related professionals",14821,Social and religious professionals,14823,"Sociologists, anthropologists and related professionals",,,,,,
esco_1_2_1,17780,cloud identity manager,14806,Applications programmers,14802,Software and applications developers and analysts,14806,Applications programmers,,,,,,
esco_1_2_1,16372,embedded systems software developer,14806,Applications programmers,14802,Software and applications developers and analysts,17596,ICT application developer,,,,,,
esco_1_2_1,16141,ICT application configurator,14806,Applications programmers,14802,Software and applications developers and analysts,14806,Applications programmers,,,,,,
esco_1_2_1,17596,ICT application developer,14806,Applications programmers,14802,Software and applications developers and analysts,14806,Applications programmers,,,,,,
esco_1_2_1,17568,industrial mobile devices software developer,14806,Applications programmers,14802,Software and applications developers and analysts,14806,Applications programmers,,,,,,
esco_1_2_1,15870,mobile application developer,14806,Applications programmers,14802,Software and applications developers and analysts,17596,ICT application developer,,,,,,
esco_1_2_1,16645,numerical tool and process control programmer,14806,Applications programmers,14802,Software and applications developers and analysts,14806,Applications programmers,,,,,,
esco_1_2_1,16671,data quality specialist,14807,Software and applications developers and analysts not elsewhere classified,14802,Software and applications developers and analysts,14807,Software and applications developers and analysts not elsewhere classified,,,,,,
esco_1_2_1,15931,digital games tester,14807,Software and applications developers and analysts not elsewhere classified,14802,Software and applications developers and analysts,15489,software tester,,,,,,
esco_1_2_1,16286,ICT accessibility tester,14807,Software and applications developers and analysts not elsewhere classified,14802,Software and applications developers and analysts,15489,software tester,,,,,,
esco_1_2_1,16750,ICT auditor manager,14807,Software and applications developers and analysts not elsewhere classified,14802,Software and applications developers and analysts,14807,Software and applications developers and analysts not elsewhere classified,,,,,,
esco_1_2_1,16025,ICT change and configuration manager,14807,Software and applications developers and analysts not elsewhere classified,14802,Software and applications developers and analysts,14807,Software and applications developers and analysts not elsewhere classified,,,,,,
esco_1_2_1,15485,ICT disaster recovery analyst,14807,Software and applications developers and analysts not elsewhere classified,14802,Software and applications developers and analysts,14807,Software and applications developers and analysts not elsewhere classified,,,,,,
esco_1_2_1,16706,ICT integration tester,14807,Software and applications developers and analysts not elsewhere classified,14802,Software and applications developers and analysts,15489,software tester,,,,,,
esco_1_2_1,17270,ICT quality assurance manager,14807,Software and applications developers and analysts not elsewhere classified,14802,Software and applications developers and analysts,14807,Software and applications developers and analysts not elsewhere classified,,,,,,
esco_1_2_1,16309,ICT system tester,14807,Software and applications developers and analysts not elsewhere classified,14802,Software and applications developers and analysts,15489,software tester,,,,,,
esco_1_2_1,15413,ICT test analyst,14807,Software and applications developers and analysts not elsewhere classified,14802,Software and applications developers and analysts,14807,Software and applications developers and analysts not elsewhere classified,,,,,,
esco_1_2_1,16464,ICT usability tester,14807,Software and applications developers and analysts not elsewhere classified,14802,Software and applications developers and analysts,15489,software tester,,,,,,
esco_1_2_1,15489,software tester,14807,Software and applications developers and analysts not elsewhere classified,14802,Software and applications developers and analysts,14807,Software and applications developers and analysts not elsewhere classified,,,,,,
esco_1_2_1,15736,blockchain developer,14804,Software developers,14802,Software and applications developers and analysts,18165,software developer,,,,,,
esco_1_2_1,15882,cloud architect,14804,Software developers,14802,Software and applications developers and analysts,14804,Software developers,,,,,,
esco_1_2_1,17782,cloud DevOps engineer,14804,Software developers,14802,Software and applications developers and analysts,15939,cloud engineer,,,,,,
esco_1_2_1,15939,cloud engineer,14804,Software developers,14802,Software and applications developers and analysts,14804,Software developers,,,,,,
esco_1_2_1,16776,cloud software developer,14804,Software developers,14802,Software and applications developers and analysts,14804,Software developers,,,,,,
esco_1_2_1,16621,IoT developer,14804,Software developers,14802,Software and applications developers and analysts,14804,Software developers,,,,,,
esco_1_2_1,15345,software analyst,14804,Software developers,14802,Software and applications developers and analysts,14804,Software developers,,,,,,
esco_1_2_1,17822,software architect,14804,Software developers,14802,Software and applications developers and analysts,14804,Software developers,,,,,,
esco_1_2_1,18165,software developer,14804,Software developers,14802,Software and applications developers and analysts,14804,Software developers,,,,,,
esco_1_2_1,16946,user interface developer,14804,Software developers,14802,Software and applications developers and analysts,14804,Software developers,,,,,,
esco_1_2_1,15950,artificial intelligence engineer,14803,Systems analysts,14802,Software and applications developers and analysts,14803,Systems analysts,,,,,,
esco_1_2_1,16792,blockchain architect,14803,Systems analysts,14802,Software and applications developers and analysts,18004,ICT system architect,,,,,,
esco_1_2_1,18018,computer scientist,14803,Systems analysts,14802,Software and applications developers and analysts,14803,Systems analysts,,,,,,
esco_1_2_1,15638,computer vision engineer,14803,Systems analysts,14802,Software and applications developers and analysts,14803,Systems analysts,,,,,,
esco_1_2_1,17861,data analyst,14803,Systems analysts,14802,Software and applications developers and analysts,14803,Systems analysts,,,,,,
esco_1_2_1,15691,data engineer,14803,Systems analysts,14802,Software and applications developers and analysts,14803,Systems analysts,,,,,,
esco_1_2_1,15759,data scientist,14803,Systems analysts,14802,Software and applications developers and analysts,14803,Systems analysts,,,,,,
esco_1_2_1,15488,embedded system designer,14803,Systems analysts,14802,Software and applications developers and analysts,14803,Systems analysts,,,,,,
esco_1_2_1,15836,enterprise architect,14803,Systems analysts,14802,Software and applications developers and analysts,14803,Systems analysts,,,,,,
esco_1_2_1,15719,green ICT consultant,14803,Systems analysts,14802,Software and applications developers and analysts,14803,Systems analysts,,,,,,
esco_1_2_1,16210,ICT business analysis manager,14803,Systems analysts,14802,Software and applications developers and analysts,14803,Systems analysts,,,,,,
esco_1_2_1,18306,ICT business analyst,14803,Systems analysts,14802,Software and applications developers and analysts,14803,Systems analysts,,,,,,
esco_1_2_1,17452,ICT consultant,14803,Systems analysts,14802,Software and applications developers and analysts,14803,Systems analysts,,,,,,
esco_1_2_1,16652,ICT research consultant,14803,Systems analysts,14802,Software and applications developers and analysts,14803,Systems analysts,,,,,,
esco_1_2_1,17322,ICT system analyst,14803,Systems analysts,14802,Software and applications developers and analysts,14803,Systems analysts,,,,,,
esco_1_2_1,18004,ICT system architect,14803,Systems analysts,14802,Software and applications developers and analysts,14803,Systems analysts,,,,,,
esco_1_2_1,17340,ICT system developer,14803,Systems analysts,14802,Software and applications developers and analysts,14803,Systems analysts,,,,,,
esco_1_2_1,17603,ICT system integration consultant,14803,Systems analysts,14802,Software and applications developers and analysts,14803,Systems analysts,,,,,,
esco_1_2_1,15386,integration engineer,14803,Systems analysts,14802,Software and applications developers and analysts,14803,Systems analysts,,,,,,
esco_1_2_1,17794,IT auditor,14803,Systems analysts,14802,Software and applications developers and analysts,14803,Systems analysts,,,,,,
esco_1_2_1,18264,user experience analyst,14803,Systems analysts,14802,Software and applications developers and analysts,14803,Systems analysts,,,,,,
esco_1_2_1,17230,digital games developer,14805,Web and multimedia developers,14802,Software and applications developers and analysts,14805,Web and multimedia developers,,,,,,
esco_1_2_1,15395,search engine optimisation expert,14805,Web and multimedia developers,14802,Software and applications developers and analysts,14805,Web and multimedia developers,,,,,,
esco_1_2_1,17133,user interface designer,14805,Web and multimedia developers,14802,Software and applications developers and analysts,14805,Web and multimedia developers,,,,,,
esco_1_2_1,17328,web content manager,14805,Web and multimedia developers,14802,Software and applications developers and analysts,14805,Web and multimedia developers,,,,,,
esco_1_2_1,17682,web developer,14805,Web and multimedia developers,14802,Software and applications developers and analysts,14805,Web and multimedia developers,,,,,,
esco_1_2_1,15390,professional athlete,14932,Athletes and sports players,14931,Sports and fitness workers,14932,Athletes and sports players,,,,,,
esco_1_2_1,15723,activity leader,14934,Fitness and recreation instructors and program leaders,14931,Sports and fitness workers,14934,Fitness and recreation instructors and program leaders,,,,,,
esco_1_2_1,16247,assistant outdoor animator,14934,Fitness and recreation instructors and program leaders,14931,Sports and fitness workers,16572,outdoor animator,,,,,,
esco_1_2_1,17722,fitness instructor,14934,Fitness and recreation instructors and program leaders,14931,Sports and fitness workers,14934,Fitness and recreation instructors and program leaders,,,,,,
esco_1_2_1,15433,horse riding instructor,14934,Fitness and recreation instructors and program leaders,14931,Sports and fitness workers,14934,Fitness and recreation instructors and program leaders,,,,,,
esco_1_2_1,16976,leisure attendant,14934,Fitness and recreation instructors and program leaders,14931,Sports and fitness workers,17722,fitness instructor,,,,,,
esco_1_2_1,16953,mountain guide,14934,Fitness and recreation instructors and program leaders,14931,Sports and fitness workers,14934,Fitness and recreation instructors and program leaders,,,,,,
esco_1_2_1,16642,outdoor activities coordinator,14934,Fitness and recreation instructors and program leaders,14931,Sports and fitness workers,15723,activity leader,,,,,,
esco_1_2_1,16342,outdoor activities instructor,14934,Fitness and recreation instructors and program leaders,14931,Sports and fitness workers,16572,outdoor animator,,,,,,
esco_1_2_1,16572,outdoor animator,14934,Fitness and recreation instructors and program leaders,14931,Sports and fitness workers,15723,activity leader,,,,,,
esco_1_2_1,18217,personal trainer,14934,Fitness and recreation instructors and program leaders,14931,Sports and fitness workers,17722,fitness instructor,,,,,,
esco_1_2_1,16067,pilates teacher,14934,Fitness and recreation instructors and program leaders,14931,Sports and fitness workers,17722,fitness instructor,,,,,,
esco_1_2_1,17255,specialised outdoor animator,14934,Fitness and recreation instructors and program leaders,14931,Sports and fitness workers,16572,outdoor animator,,,,,,
esco_1_2_1,15998,sport therapist,14934,Fitness and recreation instructors and program leaders,14931,Sports and fitness workers,17722,fitness instructor,,,,,,
esco_1_2_1,16305,survival instructor,14934,Fitness and recreation instructors and program leaders,14931,Sports and fitness workers,16342,outdoor activities instructor,,,,,,
esco_1_2_1,16383,artistic coach,14933,"Sports coaches, instructors and officials",14931,Sports and fitness workers,14933,"Sports coaches, instructors and officials",,,,,,
esco_1_2_1,15418,boxing instructor,14933,"Sports coaches, instructors and officials",14931,Sports and fitness workers,15499,sports instructor,,,,,,
esco_1_2_1,16027,football coach,14933,"Sports coaches, instructors and officials",14931,Sports and fitness workers,16069,sports coach,,,,,,
esco_1_2_1,15404,golf instructor,14933,"Sports coaches, instructors and officials",14931,Sports and fitness workers,15499,sports instructor,,,,,,
esco_1_2_1,15802,ice-skating coach,14933,"Sports coaches, instructors and officials",14931,Sports and fitness workers,15499,sports instructor,,,,,,
esco_1_2_1,16411,lifeguard instructor,14933,"Sports coaches, instructors and officials",14931,Sports and fitness workers,14933,"Sports coaches, instructors and officials",,,,,,
esco_1_2_1,16885,ski instructor,14933,"Sports coaches, instructors and officials",14931,Sports and fitness workers,15499,sports instructor,,,,,,
esco_1_2_1,16767,snowboard instructor,14933,"Sports coaches, instructors and officials",14931,Sports and fitness workers,15499,sports instructor,,,,,,
esco_1_2_1,16069,sports coach,14933,"Sports coaches, instructors and officials",14931,Sports and fitness workers,14933,"Sports coaches, instructors and officials",,,,,,
esco_1_2_1,15499,sports instructor,14933,"Sports coaches, instructors and officials",14931,Sports and fitness workers,14933,"Sports coaches, instructors and officials",,,,,,
esco_1_2_1,15992,sports official,14933,"Sports coaches, instructors and officials",14931,Sports and fitness workers,14933,"Sports coaches, instructors and officials",,,,,,
esco_1_2_1,16513,swimming teacher,14933,"Sports coaches, instructors and officials",14931,Sports and fitness workers,15499,sports instructor,,,,,,
esco_1_2_1,17467,tennis coach,14933,"Sports coaches, instructors and officials",14931,Sports and fitness workers,15499,sports instructor,,,,,,
esco_1_2_1,17730,market vendor,15019,Stall and market salespersons,15018,Street and market salespersons,15019,Stall and market salespersons,,,,,,
esco_1_2_1,18082,street food vendor,15020,Street food salespersons,15018,Street and market salespersons,15020,Street food salespersons,,,,,,
esco_1_2_1,16475,leaflet distributor,15262,Street and related service workers,15261,Street and related service workers,15262,Street and related service workers,,,,,,
esco_1_2_1,17431,hawker,15264,Street vendors (excluding food),15263,Street vendors (excluding food),15264,Street vendors (excluding food),,,,,,
esco_1_2_1,16744,audio-visual technician,14948,Broadcasting and audiovisual technicians,14947,Telecommunications and broadcasting technicians,14948,Broadcasting and audiovisual technicians,,,,,,
esco_1_2_1,16237,boom operator,14948,Broadcasting and audiovisual technicians,14947,Telecommunications and broadcasting technicians,16744,audio-visual technician,,,,,,
esco_1_2_1,18307,broadcast technician,14948,Broadcasting and audiovisual technicians,14947,Telecommunications and broadcasting technicians,14948,Broadcasting and audiovisual technicians,,,,,,
esco_1_2_1,16664,camera operator,14948,Broadcasting and audiovisual technicians,14947,Telecommunications and broadcasting technicians,16744,audio-visual technician,,,,,,
esco_1_2_1,16165,performance rental technician,14948,Broadcasting and audiovisual technicians,14947,Telecommunications and broadcasting technicians,16744,audio-visual technician,,,,,,
esco_1_2_1,15359,performance video operator,14948,Broadcasting and audiovisual technicians,14947,Telecommunications and broadcasting technicians,16744,audio-visual technician,,,,,,
esco_1_2_1,17957,projectionist,14948,Broadcasting and audiovisual technicians,14947,Telecommunications and broadcasting technicians,16744,audio-visual technician,,,,,,
esco_1_2_1,17361,recording studio technician,14948,Broadcasting and audiovisual technicians,14947,Telecommunications and broadcasting technicians,16744,audio-visual technician,,,,,,
esco_1_2_1,16794,sound designer,14948,Broadcasting and audiovisual technicians,14947,Telecommunications and broadcasting technicians,16744,audio-visual technician,,,,,,
esco_1_2_1,15965,sound editor,14948,Broadcasting and audiovisual technicians,14947,Telecommunications and broadcasting technicians,16744,audio-visual technician,,,,,,
esco_1_2_1,15726,sound mastering engineer,14948,Broadcasting and audiovisual technicians,14947,Telecommunications and broadcasting technicians,16744,audio-visual technician,,,,,,
esco_1_2_1,15452,sound operator,14948,Broadcasting and audiovisual technicians,14947,Telecommunications and broadcasting technicians,16744,audio-visual technician,,,,,,
esco_1_2_1,17310,video technician,14948,Broadcasting and audiovisual technicians,14947,Telecommunications and broadcasting technicians,16744,audio-visual technician,,,,,,
esco_1_2_1,17905,telecommunications engineering technician,14949,Telecommunications engineering technicians,14947,Telecommunications and broadcasting technicians,14949,Telecommunications engineering technicians,,,,,,
esco_1_2_1,15885,bank teller,14961,Bank tellers and related clerks,14960,"Tellers, money collectors and related clerks",14961,Bank tellers and related clerks,,,,,,
esco_1_2_1,16602,post office counter clerk,14961,Bank tellers and related clerks,14960,"Tellers, money collectors and related clerks",14961,Bank tellers and related clerks,,,,,,
esco_1_2_1,15879,bingo caller,14962,"Bookmakers, croupiers and related gaming workers",14960,"Tellers, money collectors and related clerks",14962,"Bookmakers, croupiers and related gaming workers",,,,,,
esco_1_2_1,15770,bookmaker,14962,"Bookmakers, croupiers and related gaming workers",14960,"Tellers, money collectors and related clerks",14962,"Bookmakers, croupiers and related gaming workers",,,,,,
esco_1_2_1,17124,casino cashier,14962,"Bookmakers, croupiers and related gaming workers",14960,"Tellers, money collectors and related clerks",14962,"Bookmakers, croupiers and related gaming workers",,,,,,
esco_1_2_1,18095,casino gaming manager,14962,"Bookmakers, croupiers and related gaming workers",14960,"Tellers, money collectors and related clerks",14962,"Bookmakers, croupiers and related gaming workers",,,,,,
esco_1_2_1,17538,casino pit boss,14962,"Bookmakers, croupiers and related gaming workers",14960,"Tellers, money collectors and related clerks",18095,casino gaming manager,,,,,,
esco_1_2_1,18268,gaming dealer,14962,"Bookmakers, croupiers and related gaming workers",14960,"Tellers, money collectors and related clerks",14962,"Bookmakers, croupiers and related gaming workers",,,,,,
esco_1_2_1,17828,lottery operator,14962,"Bookmakers, croupiers and related gaming workers",14960,"Tellers, money collectors and related clerks",14962,"Bookmakers, croupiers and related gaming workers",,,,,,
esco_1_2_1,16665,odds compiler,14962,"Bookmakers, croupiers and related gaming workers",14960,"Tellers, money collectors and related clerks",14962,"Bookmakers, croupiers and related gaming workers",,,,,,
esco_1_2_1,18080,race track operator,14962,"Bookmakers, croupiers and related gaming workers",14960,"Tellers, money collectors and related clerks",14962,"Bookmakers, croupiers and related gaming workers",,,,,,
esco_1_2_1,16285,debt collector,14964,Debt-collectors and related workers,14960,"Tellers, money collectors and related clerks",14964,Debt-collectors and related workers,,,,,,
esco_1_2_1,15851,insurance collector,14964,Debt-collectors and related workers,14960,"Tellers, money collectors and related clerks",14964,Debt-collectors and related workers,,,,,,
esco_1_2_1,16518,pawnbroker,14963,Pawnbrokers and money-lenders,14960,"Tellers, money collectors and related clerks",14963,Pawnbrokers and money-lenders,,,,,,
esco_1_2_1,15626,finishing textile technician,15188,"Bleaching, dyeing and fabric cleaning machine operators",15184,"Textile, fur and leather products machine operators",15188,"Bleaching, dyeing and fabric cleaning machine operators",,,,,,
esco_1_2_1,15714,textile dyeing technician,15188,"Bleaching, dyeing and fabric cleaning machine operators",15184,"Textile, fur and leather products machine operators",15188,"Bleaching, dyeing and fabric cleaning machine operators",,,,,,
esco_1_2_1,16967,textile dyer,15188,"Bleaching, dyeing and fabric cleaning machine operators",15184,"Textile, fur and leather products machine operators",15188,"Bleaching, dyeing and fabric cleaning machine operators",,,,,,
esco_1_2_1,18219,textile finishing machine operator,15188,"Bleaching, dyeing and fabric cleaning machine operators",15184,"Textile, fur and leather products machine operators",15188,"Bleaching, dyeing and fabric cleaning machine operators",,,,,,
esco_1_2_1,17908,cotton gin operator,15185,"Fibre preparing, spinning and winding machine operators",15184,"Textile, fur and leather products machine operators",15185,"Fibre preparing, spinning and winding machine operators",,,,,,
esco_1_2_1,15946,man-made fiber spinner,15185,"Fibre preparing, spinning and winding machine operators",15184,"Textile, fur and leather products machine operators",16396,spinning machine operator,,,,,,
esco_1_2_1,16396,spinning machine operator,15185,"Fibre preparing, spinning and winding machine operators",15184,"Textile, fur and leather products machine operators",15185,"Fibre preparing, spinning and winding machine operators",,,,,,
esco_1_2_1,15363,spinning textile operator,15185,"Fibre preparing, spinning and winding machine operators",15184,"Textile, fur and leather products machine operators",15185,"Fibre preparing, spinning and winding machine operators",,,,,,
esco_1_2_1,15490,twisting machine operator,15185,"Fibre preparing, spinning and winding machine operators",15184,"Textile, fur and leather products machine operators",16396,spinning machine operator,,,,,,
esco_1_2_1,16228,winding machine operator,15185,"Fibre preparing, spinning and winding machine operators",15184,"Textile, fur and leather products machine operators",15185,"Fibre preparing, spinning and winding machine operators",,,,,,
esco_1_2_1,16175,yarn spinner,15185,"Fibre preparing, spinning and winding machine operators",15184,"Textile, fur and leather products machine operators",16396,spinning machine operator,,,,,,
esco_1_2_1,15706,colour sampling operator,15189,Fur and leather preparing machine operators,15184,"Textile, fur and leather products machine operators",16057,leather production machine operator,,,,,,
esco_1_2_1,16838,leather finishing operator,15189,Fur and leather preparing machine operators,15184,"Textile, fur and leather products machine operators",16057,leather production machine operator,,,,,,
esco_1_2_1,16057,leather production machine operator,15189,Fur and leather preparing machine operators,15184,"Textile, fur and leather products machine operators",15189,Fur and leather preparing machine operators,,,,,,
esco_1_2_1,16054,laundry ironer,15191,Laundry machine operators,15184,"Textile, fur and leather products machine operators",15453,laundry worker,,,,,,
esco_1_2_1,15453,laundry worker,15191,Laundry machine operators,15184,"Textile, fur and leather products machine operators",15191,Laundry machine operators,,,,,,
esco_1_2_1,17978,laundry workers supervisor,15191,Laundry machine operators,15184,"Textile, fur and leather products machine operators",15191,Laundry machine operators,,,,,,
esco_1_2_1,17940,clothing alteration machinist,15187,Sewing machine operators,15184,"Textile, fur and leather products machine operators",16833,sewing machine operator,,,,,,
esco_1_2_1,17604,clothing sample machinist,15187,Sewing machine operators,15184,"Textile, fur and leather products machine operators",16833,sewing machine operator,,,,,,
esco_1_2_1,18117,embroidery machine operator,15187,Sewing machine operators,15184,"Textile, fur and leather products machine operators",16833,sewing machine operator,,,,,,
esco_1_2_1,16323,leather goods stitching machine operator,15187,Sewing machine operators,15184,"Textile, fur and leather products machine operators",16833,sewing machine operator,,,,,,
esco_1_2_1,15314,protective clothing apparel manufacturer,15187,Sewing machine operators,15184,"Textile, fur and leather products machine operators",16833,sewing machine operator,,,,,,
esco_1_2_1,16833,sewing machine operator,15187,Sewing machine operators,15184,"Textile, fur and leather products machine operators",15187,Sewing machine operators,,,,,,
esco_1_2_1,15694,automated cutting machine operator,15190,Shoemaking and related machine operators,15184,"Textile, fur and leather products machine operators",15190,Shoemaking and related machine operators,,,,,,
esco_1_2_1,15559,cutting machine operator,15190,Shoemaking and related machine operators,15184,"Textile, fur and leather products machine operators",15624,footwear production machine operator,,,,,,
esco_1_2_1,18045,footwear maintenance technician,15190,Shoemaking and related machine operators,15184,"Textile, fur and leather products machine operators",15624,footwear production machine operator,,,,,,
esco_1_2_1,15624,footwear production machine operator,15190,Shoemaking and related machine operators,15184,"Textile, fur and leather products machine operators",15190,Shoemaking and related machine operators,,,,,,
esco_1_2_1,16638,footwear stitching machine operator,15190,Shoemaking and related machine operators,15184,"Textile, fur and leather products machine operators",15624,footwear production machine operator,,,,,,
esco_1_2_1,15564,lasting machine operator,15190,Shoemaking and related machine operators,15184,"Textile, fur and leather products machine operators",15624,footwear production machine operator,,,,,,
esco_1_2_1,16062,leather goods machine operator,15190,Shoemaking and related machine operators,15184,"Textile, fur and leather products machine operators",15190,Shoemaking and related machine operators,,,,,,
esco_1_2_1,18169,leather goods maintenance technician,15190,Shoemaking and related machine operators,15184,"Textile, fur and leather products machine operators",16062,leather goods machine operator,,,,,,
esco_1_2_1,18245,pre-lasting operator,15190,Shoemaking and related machine operators,15184,"Textile, fur and leather products machine operators",15624,footwear production machine operator,,,,,,
esco_1_2_1,16318,pre-stitching machine operator,15190,Shoemaking and related machine operators,15184,"Textile, fur and leather products machine operators",15190,Shoemaking and related machine operators,,,,,,
esco_1_2_1,16195,sole and heel operator,15190,Shoemaking and related machine operators,15184,"Textile, fur and leather products machine operators",15624,footwear production machine operator,,,,,,
esco_1_2_1,15544,braiding machine operator,15192,"Textile, fur and leather products machine operators not elsewhere classified",15184,"Textile, fur and leather products machine operators",15192,"Textile, fur and leather products machine operators not elsewhere classified",,,,,,
esco_1_2_1,15795,braiding textile technician,15192,"Textile, fur and leather products machine operators not elsewhere classified",15184,"Textile, fur and leather products machine operators",15192,"Textile, fur and leather products machine operators not elsewhere classified",,,,,,
esco_1_2_1,16314,canvas goods assembler,15192,"Textile, fur and leather products machine operators not elsewhere classified",15184,"Textile, fur and leather products machine operators",15192,"Textile, fur and leather products machine operators not elsewhere classified",,,,,,
esco_1_2_1,15844,leather measuring operator,15192,"Textile, fur and leather products machine operators not elsewhere classified",15184,"Textile, fur and leather products machine operators",15192,"Textile, fur and leather products machine operators not elsewhere classified",,,,,,
esco_1_2_1,17812,mattress making machine operator,15192,"Textile, fur and leather products machine operators not elsewhere classified",15184,"Textile, fur and leather products machine operators",15192,"Textile, fur and leather products machine operators not elsewhere classified",,,,,,
esco_1_2_1,16659,nonwoven staple machine operator,15192,"Textile, fur and leather products machine operators not elsewhere classified",15184,"Textile, fur and leather products machine operators",15192,"Textile, fur and leather products machine operators not elsewhere classified",,,,,,
esco_1_2_1,18188,nonwoven textile technician,15192,"Textile, fur and leather products machine operators not elsewhere classified",15184,"Textile, fur and leather products machine operators",15192,"Textile, fur and leather products machine operators not elsewhere classified",,,,,,
esco_1_2_1,15412,textile pattern making machine operator,15192,"Textile, fur and leather products machine operators not elsewhere classified",15184,"Textile, fur and leather products machine operators",15192,"Textile, fur and leather products machine operators not elsewhere classified",,,,,,
esco_1_2_1,16633,knitting machine operator,15186,Weaving and knitting machine operators,15184,"Textile, fur and leather products machine operators",15186,Weaving and knitting machine operators,,,,,,
esco_1_2_1,17373,knitting machine supervisor,15186,Weaving and knitting machine operators,15184,"Textile, fur and leather products machine operators",16633,knitting machine operator,,,,,,
esco_1_2_1,15587,knitting textile technician,15186,Weaving and knitting machine operators,15184,"Textile, fur and leather products machine operators",16633,knitting machine operator,,,,,,
esco_1_2_1,15823,textile machine operator,15186,Weaving and knitting machine operators,15184,"Textile, fur and leather products machine operators",15186,Weaving and knitting machine operators,,,,,,
esco_1_2_1,15935,tufting operator,15186,Weaving and knitting machine operators,15184,"Textile, fur and leather products machine operators",17091,weaving machine operator,,,,,,
esco_1_2_1,17091,weaving machine operator,15186,Weaving and knitting machine operators,15184,"Textile, fur and leather products machine operators",15186,Weaving and knitting machine operators,,,,,,
esco_1_2_1,16441,weaving machine supervisor,15186,Weaving and knitting machine operators,15184,"Textile, fur and leather products machine operators",17091,weaving machine operator,,,,,,
esco_1_2_1,17269,weaving textile technician,15186,Weaving and knitting machine operators,15184,"Textile, fur and leather products machine operators",17091,weaving machine operator,,,,,,
esco_1_2_1,16147,herbal therapist,14883,Traditional and complementary medicine associate professionals,14882,Traditional and complementary medicine associate professionals,14883,Traditional and complementary medicine associate professionals,,,,,,
esco_1_2_1,15858,acupuncturist,14754,Traditional and complementary medicine professionals,14753,Traditional and complementary medicine professionals,17661,complementary therapist,,,,,,
esco_1_2_1,16730,aromatherapist,14754,Traditional and complementary medicine professionals,14753,Traditional and complementary medicine professionals,14754,Traditional and complementary medicine professionals,,,,,,
esco_1_2_1,17661,complementary therapist,14754,Traditional and complementary medicine professionals,14753,Traditional and complementary medicine professionals,14754,Traditional and complementary medicine professionals,,,,,,
esco_1_2_1,16493,homeopath,14754,Traditional and complementary medicine professionals,14753,Traditional and complementary medicine professionals,17661,complementary therapist,,,,,,
esco_1_2_1,16876,traditional chinese medicine therapist,14754,Traditional and complementary medicine professionals,14753,Traditional and complementary medicine professionals,17661,complementary therapist,,,,,,
esco_1_2_1,15843,carriage driver,15253,Drivers of animal-drawn vehicles and machinery,15251,Transport and storage labourers,15253,Drivers of animal-drawn vehicles and machinery,,,,,,
esco_1_2_1,16055,airport baggage handler,15254,Freight handlers,15251,Transport and storage labourers,15254,Freight handlers,,,,,,
esco_1_2_1,18033,distribution centre dispatcher,15254,Freight handlers,15251,Transport and storage labourers,15254,Freight handlers,,,,,,
esco_1_2_1,16874,materials handler,15254,Freight handlers,15251,Transport and storage labourers,15254,Freight handlers,,,,,,
esco_1_2_1,17731,mover,15254,Freight handlers,15251,Transport and storage labourers,15254,Freight handlers,,,,,,
esco_1_2_1,17074,rail intermodal equipment operator,15254,Freight handlers,15251,Transport and storage labourers,15254,Freight handlers,,,,,,
esco_1_2_1,17499,stevedore,15254,Freight handlers,15251,Transport and storage labourers,15254,Freight handlers,,,,,,
esco_1_2_1,17964,stevedore superintendent,15254,Freight handlers,15251,Transport and storage labourers,15254,Freight handlers,,,,,,
esco_1_2_1,17793,warehouse order picker,15254,Freight handlers,15251,Transport and storage labourers,17617,warehouse worker,,,,,,
esco_1_2_1,17617,warehouse worker,15254,Freight handlers,15251,Transport and storage labourers,15254,Freight handlers,,,,,,
esco_1_2_1,16017,bicycle courier,15252,Hand and pedal vehicle drivers,15251,Transport and storage labourers,15252,Hand and pedal vehicle drivers,,,,,,
esco_1_2_1,17851,shelf filler,15255,Shelf fillers,15251,Transport and storage labourers,15255,Shelf fillers,,,,,,
esco_1_2_1,17216,chief conductor,14996,Transport conductors,14994,"Travel attendants, conductors and guides",14996,Transport conductors,,,,,,
esco_1_2_1,16760,passenger fare controller,14996,Transport conductors,14994,"Travel attendants, conductors and guides",18088,train conductor,,,,,,
esco_1_2_1,17127,railway passenger service agent,14996,Transport conductors,14994,"Travel attendants, conductors and guides",14996,Transport conductors,,,,,,
esco_1_2_1,18088,train conductor,14996,Transport conductors,14994,"Travel attendants, conductors and guides",14996,Transport conductors,,,,,,
esco_1_2_1,17122,cabin crew manager,14995,Travel attendants and travel stewards,14994,"Travel attendants, conductors and guides",14995,Travel attendants and travel stewards,,,,,,
esco_1_2_1,18159,flight attendant,14995,Travel attendants and travel stewards,14994,"Travel attendants, conductors and guides",16384,steward/stewardess,,,,,,
esco_1_2_1,16597,ship steward/ship stewardess,14995,Travel attendants and travel stewards,14994,"Travel attendants, conductors and guides",16384,steward/stewardess,,,,,,
esco_1_2_1,16384,steward/stewardess,14995,Travel attendants and travel stewards,14994,"Travel attendants, conductors and guides",14995,Travel attendants and travel stewards,,,,,,
esco_1_2_1,18251,train attendant,14995,Travel attendants and travel stewards,14994,"Travel attendants, conductors and guides",16384,steward/stewardess,,,,,,
esco_1_2_1,15503,environmental education officer,14997,Travel guides,14994,"Travel attendants, conductors and guides",17485,tourist guide,,,,,,
esco_1_2_1,15765,park guide,14997,Travel guides,14994,"Travel attendants, conductors and guides",17485,tourist guide,,,,,,
esco_1_2_1,17485,tourist guide,14997,Travel guides,14994,"Travel attendants, conductors and guides",14997,Travel guides,,,,,,
esco_1_2_1,16824,zoo educator,14997,Travel guides,14994,"Travel attendants, conductors and guides",17485,tourist guide,,,,,,
esco_1_2_1,17144,anthropology lecturer,14770,University and higher education teachers,14769,University and higher education teachers,16579,higher education lecturer,,,,,,
esco_1_2_1,17632,archaeology lecturer,14770,University and higher education teachers,14769,University and higher education teachers,16579,higher education lecturer,,,,,,
esco_1_2_1,16254,architecture lecturer,14770,University and higher education teachers,14769,University and higher education teachers,16579,higher education lecturer,,,,,,
esco_1_2_1,16554,art studies lecturer,14770,University and higher education teachers,14769,University and higher education teachers,16579,higher education lecturer,,,,,,
esco_1_2_1,17657,assistant lecturer,14770,University and higher education teachers,14769,University and higher education teachers,16579,higher education lecturer,,,,,,
esco_1_2_1,16473,biology lecturer,14770,University and higher education teachers,14769,University and higher education teachers,16579,higher education lecturer,,,,,,
esco_1_2_1,15886,business lecturer,14770,University and higher education teachers,14769,University and higher education teachers,16579,higher education lecturer,,,,,,
esco_1_2_1,18056,chemistry lecturer,14770,University and higher education teachers,14769,University and higher education teachers,16579,higher education lecturer,,,,,,
esco_1_2_1,18273,classical languages lecturer,14770,University and higher education teachers,14769,University and higher education teachers,16579,higher education lecturer,,,,,,
esco_1_2_1,16176,communications lecturer,14770,University and higher education teachers,14769,University and higher education teachers,16579,higher education lecturer,,,,,,
esco_1_2_1,17675,computer science lecturer,14770,University and higher education teachers,14769,University and higher education teachers,16579,higher education lecturer,,,,,,
esco_1_2_1,16052,dentistry lecturer,14770,University and higher education teachers,14769,University and higher education teachers,16579,higher education lecturer,,,,,,
esco_1_2_1,15894,earth science lecturer,14770,University and higher education teachers,14769,University and higher education teachers,16579,higher education lecturer,,,,,,
esco_1_2_1,15399,economics lecturer,14770,University and higher education teachers,14769,University and higher education teachers,16579,higher education lecturer,,,,,,
esco_1_2_1,16481,education studies lecturer,14770,University and higher education teachers,14769,University and higher education teachers,16579,higher education lecturer,,,,,,
esco_1_2_1,18087,engineering lecturer,14770,University and higher education teachers,14769,University and higher education teachers,16579,higher education lecturer,,,,,,
esco_1_2_1,16327,fine arts instructor,14770,University and higher education teachers,14769,University and higher education teachers,16579,higher education lecturer,,,,,,
esco_1_2_1,17172,food science lecturer,14770,University and higher education teachers,14769,University and higher education teachers,16579,higher education lecturer,,,,,,
esco_1_2_1,17480,healthcare specialist lecturer,14770,University and higher education teachers,14769,University and higher education teachers,16579,higher education lecturer,,,,,,
esco_1_2_1,16579,higher education lecturer,14770,University and higher education teachers,14769,University and higher education teachers,14770,University and higher education teachers,,,,,,
esco_1_2_1,17284,history lecturer,14770,University and higher education teachers,14769,University and higher education teachers,16579,higher education lecturer,,,,,,
esco_1_2_1,16159,journalism lecturer,14770,University and higher education teachers,14769,University and higher education teachers,16579,higher education lecturer,,,,,,
esco_1_2_1,17508,law lecturer,14770,University and higher education teachers,14769,University and higher education teachers,16579,higher education lecturer,,,,,,
esco_1_2_1,17697,linguistics lecturer,14770,University and higher education teachers,14769,University and higher education teachers,16579,higher education lecturer,,,,,,
esco_1_2_1,17932,mathematics lecturer,14770,University and higher education teachers,14769,University and higher education teachers,16579,higher education lecturer,,,,,,
esco_1_2_1,15429,medicine lecturer,14770,University and higher education teachers,14769,University and higher education teachers,16579,higher education lecturer,,,,,,
esco_1_2_1,17613,modern languages lecturer,14770,University and higher education teachers,14769,University and higher education teachers,16579,higher education lecturer,,,,,,
esco_1_2_1,16973,music instructor,14770,University and higher education teachers,14769,University and higher education teachers,16579,higher education lecturer,,,,,,
esco_1_2_1,15632,nursing lecturer,14770,University and higher education teachers,14769,University and higher education teachers,16579,higher education lecturer,,,,,,
esco_1_2_1,16790,performing arts school dance instructor,14770,University and higher education teachers,14769,University and higher education teachers,16579,higher education lecturer,,,,,,
esco_1_2_1,15285,performing arts theatre instructor,14770,University and higher education teachers,14769,University and higher education teachers,16579,higher education lecturer,,,,,,
esco_1_2_1,16341,pharmacy lecturer,14770,University and higher education teachers,14769,University and higher education teachers,16579,higher education lecturer,,,,,,
esco_1_2_1,17409,philosophy lecturer,14770,University and higher education teachers,14769,University and higher education teachers,16579,higher education lecturer,,,,,,
esco_1_2_1,16395,physics lecturer,14770,University and higher education teachers,14769,University and higher education teachers,16579,higher education lecturer,,,,,,
esco_1_2_1,17701,politics lecturer,14770,University and higher education teachers,14769,University and higher education teachers,16579,higher education lecturer,,,,,,
esco_1_2_1,16845,psychology lecturer,14770,University and higher education teachers,14769,University and higher education teachers,16579,higher education lecturer,,,,,,
esco_1_2_1,17742,religious studies lecturer,14770,University and higher education teachers,14769,University and higher education teachers,16579,higher education lecturer,,,,,,
esco_1_2_1,17073,social work lecturer,14770,University and higher education teachers,14769,University and higher education teachers,16579,higher education lecturer,,,,,,
esco_1_2_1,16012,social work practice educator,14770,University and higher education teachers,14769,University and higher education teachers,14770,University and higher education teachers,,,,,,
esco_1_2_1,15500,sociology lecturer,14770,University and higher education teachers,14769,University and higher education teachers,16579,higher education lecturer,,,,,,
esco_1_2_1,17001,space science lecturer,14770,University and higher education teachers,14769,University and higher education teachers,16579,higher education lecturer,,,,,,
esco_1_2_1,17189,university literature lecturer,14770,University and higher education teachers,14769,University and higher education teachers,16579,higher education lecturer,,,,,,
esco_1_2_1,16418,university research assistant,14770,University and higher education teachers,14769,University and higher education teachers,16579,higher education lecturer,,,,,,
esco_1_2_1,15494,university teaching assistant,14770,University and higher education teachers,14769,University and higher education teachers,16579,higher education lecturer,,,,,,
esco_1_2_1,16040,veterinary medicine lecturer,14770,University and higher education teachers,14769,University and higher education teachers,16579,higher education lecturer,,,,,,
esco_1_2_1,15549,linen room attendant,15231,Hand launderers and pressers,15230,"Vehicle, window, laundry and other hand cleaning workers",15231,Hand launderers and pressers,,,,,,
esco_1_2_1,15871,wearing apparel presser,15231,Hand launderers and pressers,15230,"Vehicle, window, laundry and other hand cleaning workers",15231,Hand launderers and pressers,,,,,,
esco_1_2_1,15995,amusement park cleaner,15234,Other cleaning workers,15230,"Vehicle, window, laundry and other hand cleaning workers",15234,Other cleaning workers,,,,,,
esco_1_2_1,18228,drapery and carpet cleaner,15234,Other cleaning workers,15230,"Vehicle, window, laundry and other hand cleaning workers",15234,Other cleaning workers,,,,,,
esco_1_2_1,15673,sewerage cleaner,15234,Other cleaning workers,15230,"Vehicle, window, laundry and other hand cleaning workers",15234,Other cleaning workers,,,,,,
esco_1_2_1,16156,swimming facility attendant,15234,Other cleaning workers,15230,"Vehicle, window, laundry and other hand cleaning workers",15234,Other cleaning workers,,,,,,
esco_1_2_1,16827,vehicle cleaner,15232,Vehicle cleaners,15230,"Vehicle, window, laundry and other hand cleaning workers",15232,Vehicle cleaners,,,,,,
esco_1_2_1,17082,window cleaner,15233,Window cleaners,15230,"Vehicle, window, laundry and other hand cleaning workers",15233,Window cleaners,,,,,,
esco_1_2_1,17611,animal chiropractor,14758,Veterinarians,14757,Veterinarians,14758,Veterinarians,,,,,,
esco_1_2_1,18193,animal hydrotherapist,14758,Veterinarians,14757,Veterinarians,15422,animal therapist,,,,,,
esco_1_2_1,15416,animal massage therapist,14758,Veterinarians,14757,Veterinarians,15422,animal therapist,,,,,,
esco_1_2_1,18064,animal osteopath,14758,Veterinarians,14757,Veterinarians,14758,Veterinarians,,,,,,
esco_1_2_1,16428,animal physiotherapist,14758,Veterinarians,14757,Veterinarians,14758,Veterinarians,,,,,,
esco_1_2_1,15422,animal therapist,14758,Veterinarians,14757,Veterinarians,14758,Veterinarians,,,,,,
esco_1_2_1,16926,aquatic animal health professional,14758,Veterinarians,14757,Veterinarians,14758,Veterinarians,,,,,,
esco_1_2_1,18100,general veterinarian,14758,Veterinarians,14757,Veterinarians,14758,Veterinarians,,,,,,
esco_1_2_1,16235,official veterinarian,14758,Veterinarians,14757,Veterinarians,14758,Veterinarians,,,,,,
esco_1_2_1,15391,specialised veterinarian,14758,Veterinarians,14757,Veterinarians,14758,Veterinarians,,,,,,
esco_1_2_1,16339,veterinary scientist,14758,Veterinarians,14757,Veterinarians,14758,Veterinarians,,,,,,
esco_1_2_1,15792,alternative animal therapist,14885,Veterinary technicians and assistants,14884,Veterinary technicians and assistants,14885,Veterinary technicians and assistants,,,,,,
esco_1_2_1,15550,animal artificial insemination technician,14885,Veterinary technicians and assistants,14884,Veterinary technicians and assistants,17182,veterinary technician,,,,,,
esco_1_2_1,15909,animal embryo transfer technician,14885,Veterinary technicians and assistants,14884,Veterinary technicians and assistants,17182,veterinary technician,,,,,,
esco_1_2_1,15921,equine dental technician,14885,Veterinary technicians and assistants,14884,Veterinary technicians and assistants,17182,veterinary technician,,,,,,
esco_1_2_1,15752,veterinary nurse,14885,Veterinary technicians and assistants,14884,Veterinary technicians and assistants,17182,veterinary technician,,,,,,
esco_1_2_1,17182,veterinary technician,14885,Veterinary technicians and assistants,14884,Veterinary technicians and assistants,14885,Veterinary technicians and assistants,,,,,,
esco_1_2_1,17069,"agriculture, forestry and fishery vocational teacher",14772,Vocational education teachers,14771,Vocational education teachers,16893,vocational teacher,,,,,,
esco_1_2_1,16139,air traffic instructor,14772,Vocational education teachers,14771,Vocational education teachers,16893,vocational teacher,,,,,,
esco_1_2_1,16938,armed forces training and education officer,14772,Vocational education teachers,14771,Vocational education teachers,16893,vocational teacher,,,,,,
esco_1_2_1,16904,auxiliary nursing and midwifery vocational teacher,14772,Vocational education teachers,14771,Vocational education teachers,16893,vocational teacher,,,,,,
esco_1_2_1,16242,beauty vocational teacher,14772,Vocational education teachers,14771,Vocational education teachers,16893,vocational teacher,,,,,,
esco_1_2_1,16059,business administration vocational teacher,14772,Vocational education teachers,14771,Vocational education teachers,16893,vocational teacher,,,,,,
esco_1_2_1,17188,business and marketing vocational teacher,14772,Vocational education teachers,14771,Vocational education teachers,16893,vocational teacher,,,,,,
esco_1_2_1,17827,cabin crew instructor,14772,Vocational education teachers,14771,Vocational education teachers,16893,vocational teacher,,,,,,
esco_1_2_1,17222,design and applied arts vocational teacher,14772,Vocational education teachers,14771,Vocational education teachers,16893,vocational teacher,,,,,,
esco_1_2_1,16146,electricity and energy vocational teacher,14772,Vocational education teachers,14771,Vocational education teachers,16893,vocational teacher,,,,,,
esco_1_2_1,16387,electronics and automation vocational teacher,14772,Vocational education teachers,14771,Vocational education teachers,16893,vocational teacher,,,,,,
esco_1_2_1,17531,firefighter instructor,14772,Vocational education teachers,14771,Vocational education teachers,16893,vocational teacher,,,,,,
esco_1_2_1,15982,food service vocational teacher,14772,Vocational education teachers,14771,Vocational education teachers,16893,vocational teacher,,,,,,
esco_1_2_1,17097,hairdressing vocational teacher,14772,Vocational education teachers,14771,Vocational education teachers,16893,vocational teacher,,,,,,
esco_1_2_1,15576,hospitality vocational teacher,14772,Vocational education teachers,14771,Vocational education teachers,16893,vocational teacher,,,,,,
esco_1_2_1,16153,industrial arts vocational teacher,14772,Vocational education teachers,14771,Vocational education teachers,16893,vocational teacher,,,,,,
esco_1_2_1,15351,maritime instructor,14772,Vocational education teachers,14771,Vocational education teachers,16893,vocational teacher,,,,,,
esco_1_2_1,16711,medical laboratory technology vocational teacher,14772,Vocational education teachers,14771,Vocational education teachers,16893,vocational teacher,,,,,,
esco_1_2_1,16004,occupational driving instructor,14772,Vocational education teachers,14771,Vocational education teachers,16893,vocational teacher,,,,,,
esco_1_2_1,16583,occupational railway instructor,14772,Vocational education teachers,14771,Vocational education teachers,16893,vocational teacher,,,,,,
esco_1_2_1,18059,physical education vocational teacher,14772,Vocational education teachers,14771,Vocational education teachers,16893,vocational teacher,,,,,,
esco_1_2_1,16608,police trainer,14772,Vocational education teachers,14771,Vocational education teachers,16893,vocational teacher,,,,,,
esco_1_2_1,17064,transport technology vocational teacher,14772,Vocational education teachers,14771,Vocational education teachers,16893,vocational teacher,,,,,,
esco_1_2_1,16256,travel and tourism vocational teacher,14772,Vocational education teachers,14771,Vocational education teachers,16893,vocational teacher,,,,,,
esco_1_2_1,16893,vocational teacher,14772,Vocational education teachers,14771,Vocational education teachers,14772,Vocational education teachers,,,,,,
esco_1_2_1,17624,barista,15002,Bartenders,15000,Waiters and bartenders,15878,bartender,,,,,,
esco_1_2_1,15878,bartender,15002,Bartenders,15000,Waiters and bartenders,15002,Bartenders,,,,,,
esco_1_2_1,18009,cocktail bartender,15002,Bartenders,15000,Waiters and bartenders,15878,bartender,,,,,,
esco_1_2_1,17160,beer sommelier,15001,Waiters,15000,Waiters and bartenders,16184,sommelier,,,,,,
esco_1_2_1,17265,head sommelier,15001,Waiters,15000,Waiters and bartenders,16184,sommelier,,,,,,
esco_1_2_1,16326,head waiter/head waitress,15001,Waiters,15000,Waiters and bartenders,17883,waiter/waitress,,,,,,
esco_1_2_1,17257,restaurant host/restaurant hostess,15001,Waiters,15000,Waiters and bartenders,15001,Waiters,,,,,,
esco_1_2_1,16184,sommelier,15001,Waiters,15000,Waiters and bartenders,17883,waiter/waitress,,,,,,
esco_1_2_1,17883,waiter/waitress,15001,Waiters,15000,Waiters and bartenders,15001,Waiters,,,,,,
esco_1_2_1,15856,wine sommelier,15001,Waiters,15000,Waiters and bartenders,16184,sommelier,,,,,,
esco_1_2_1,16094,bleacher operator,15196,Pulp and papermaking plant operators,15195,Wood processing and papermaking plant operators,15196,Pulp and papermaking plant operators,,,,,,
esco_1_2_1,17667,digester operator,15196,Pulp and papermaking plant operators,15195,Wood processing and papermaking plant operators,15196,Pulp and papermaking plant operators,,,,,,
esco_1_2_1,16696,froth flotation deinking operator,15196,Pulp and papermaking plant operators,15195,Wood processing and papermaking plant operators,15196,Pulp and papermaking plant operators,,,,,,
esco_1_2_1,17055,laminating machine operator,15196,Pulp and papermaking plant operators,15195,Wood processing and papermaking plant operators,15196,Pulp and papermaking plant operators,,,,,,
esco_1_2_1,16212,paper machine operator,15196,Pulp and papermaking plant operators,15195,Wood processing and papermaking plant operators,15196,Pulp and papermaking plant operators,,,,,,
esco_1_2_1,15972,paper pulp moulding operator,15196,Pulp and papermaking plant operators,15195,Wood processing and papermaking plant operators,15196,Pulp and papermaking plant operators,,,,,,
esco_1_2_1,17564,pulp technician,15196,Pulp and papermaking plant operators,15195,Wood processing and papermaking plant operators,15196,Pulp and papermaking plant operators,,,,,,
esco_1_2_1,16970,wash deinking operator,15196,Pulp and papermaking plant operators,15195,Wood processing and papermaking plant operators,15196,Pulp and papermaking plant operators,,,,,,
esco_1_2_1,17349,band saw operator,15197,Wood processing plant operators,15195,Wood processing and papermaking plant operators,16945,sawmill operator,,,,,,
esco_1_2_1,17145,chipper operator,15197,Wood processing plant operators,15195,Wood processing and papermaking plant operators,15197,Wood processing plant operators,,,,,,
esco_1_2_1,17598,crosscut saw operator,15197,Wood processing plant operators,15195,Wood processing and papermaking plant operators,15197,Wood processing plant operators,,,,,,
esco_1_2_1,16455,debarker operator,15197,Wood processing plant operators,15195,Wood processing and papermaking plant operators,15197,Wood processing plant operators,,,,,,
esco_1_2_1,17647,engineered wood board machine operator,15197,Wood processing plant operators,15195,Wood processing and papermaking plant operators,15197,Wood processing plant operators,,,,,,
esco_1_2_1,16115,planer thicknesser operator,15197,Wood processing plant operators,15195,Wood processing and papermaking plant operators,16945,sawmill operator,,,,,,
esco_1_2_1,16945,sawmill operator,15197,Wood processing plant operators,15195,Wood processing and papermaking plant operators,15197,Wood processing plant operators,,,,,,
esco_1_2_1,15354,table saw operator,15197,Wood processing plant operators,15195,Wood processing and papermaking plant operators,16945,sawmill operator,,,,,,
esco_1_2_1,15703,veneer slicer operator,15197,Wood processing plant operators,15195,Wood processing and papermaking plant operators,16945,sawmill operator,,,,,,
esco_1_2_1,16674,wood fuel pelletiser,15197,Wood processing plant operators,15195,Wood processing and papermaking plant operators,15197,Wood processing plant operators,,,,,,
esco_1_2_1,17886,wood router operator,15197,Wood processing plant operators,15195,Wood processing and papermaking plant operators,16945,sawmill operator,,,,,,
esco_1_2_1,16385,antique furniture reproducer,15152,Cabinet-makers and related workers,15150,"Wood treaters, cabinet-makers and related trades workers",15152,Cabinet-makers and related workers,,,,,,
esco_1_2_1,17996,cabinet maker,15152,Cabinet-makers and related workers,15150,"Wood treaters, cabinet-makers and related trades workers",15152,Cabinet-makers and related workers,,,,,,
esco_1_2_1,16278,cooper,15152,Cabinet-makers and related workers,15150,"Wood treaters, cabinet-makers and related trades workers",15152,Cabinet-makers and related workers,,,,,,
esco_1_2_1,18271,furniture finisher,15152,Cabinet-makers and related workers,15150,"Wood treaters, cabinet-makers and related trades workers",15152,Cabinet-makers and related workers,,,,,,
esco_1_2_1,16408,furniture restorer,15152,Cabinet-makers and related workers,15150,"Wood treaters, cabinet-makers and related trades workers",15152,Cabinet-makers and related workers,,,,,,
esco_1_2_1,16658,recreation model maker,15152,Cabinet-makers and related workers,15150,"Wood treaters, cabinet-makers and related trades workers",15152,Cabinet-makers and related workers,,,,,,
esco_1_2_1,16129,wood drying kiln operator,15151,Wood treaters,15150,"Wood treaters, cabinet-makers and related trades workers",15151,Wood treaters,,,,,,
esco_1_2_1,17440,wood treater,15151,Wood treaters,15150,"Wood treaters, cabinet-makers and related trades workers",15151,Wood treaters,,,,,,
esco_1_2_1,17805,nailing machine operator,15153,Woodworking-machine tool setters and operators,15150,"Wood treaters, cabinet-makers and related trades workers",15153,Woodworking-machine tool setters and operators,,,,,,
esco_1_2_1,16847,wood boring machine operator,15153,Woodworking-machine tool setters and operators,15150,"Wood treaters, cabinet-makers and related trades workers",15153,Woodworking-machine tool setters and operators,,,,,,
esco_1_2_1,17332,wood pallet maker,15153,Woodworking-machine tool setters and operators,15150,"Wood treaters, cabinet-makers and related trades workers",15153,Woodworking-machine tool setters and operators,,,,,,
esco_1_2_1,16033,wood sander,15153,Woodworking-machine tool setters and operators,15150,"Wood treaters, cabinet-makers and related trades workers",15153,Woodworking-machine tool setters and operators,,,,,,
esco_1_2_1,16770,wooden furniture machine operator,15153,Woodworking-machine tool setters and operators,15150,"Wood treaters, cabinet-makers and related trades workers",15153,Woodworking-machine tool setters and operators,,,,,,
esco_1_2_1,17386,woodturner,15153,Woodworking-machine tool setters and operators,15150,"Wood treaters, cabinet-makers and related trades workers",15153,Woodworking-machine tool setters and operators,,,,,,
